<skeleton blendmode="average">
    <bones>
        <bone id="0" name="Bone01">
            <position x="-0.626324" y="2.5071" z="1.09589e-007" />
            <rotation angle="2.08377">
                <axis x="0.584449" y="0.573765" z="0.573771" />
            </rotation>
            <scale x="1" y="1" z="1" />
        </bone>
        <bone id="1" name="Bone02">
            <position x="339.878" y="5.88413e-006" z="-2.38419e-007" />
            <rotation angle="0.610887">
                <axis x="1.03837e-005" y="1" z="3.37644e-006" />
            </rotation>
            <scale x="1" y="1" z="1" />
        </bone>
        <bone id="2" name="Bone03">
            <position x="392.982" y="-4.86997e-005" z="-0.00012207" />
            <rotation angle="0">
                <axis x="1" y="0" z="0" />
            </rotation>
            <scale x="1" y="1" z="1" />
        </bone>
        <bone id="3" name="Bone04">
            <position x="339.882" y="-2.38118e-007" z="2.38419e-007" />
            <rotation angle="0.689506">
                <axis x="-0.241294" y="-0.0553522" z="-0.968872" />
            </rotation>
            <scale x="1" y="1" z="1" />
        </bone>
        <bone id="4" name="Bone05">
            <position x="533.27" y="-9.15527e-005" z="0.00041008" />
            <rotation angle="0">
                <axis x="1" y="0" z="0" />
            </rotation>
            <scale x="1" y="1" z="1" />
        </bone>
        <bone id="5" name="Bone06">
            <position x="339.878" y="-2.393e-007" z="2.38419e-007" />
            <rotation angle="2.29441">
                <axis x="-0.928112" y="-0.304975" z="-0.213537" />
            </rotation>
            <scale x="1" y="1" z="1" />
        </bone>
        <bone id="6" name="Bone07">
            <position x="501.918" y="-0.000152588" z="4.95911e-005" />
            <rotation angle="0">
                <axis x="1" y="0" z="0" />
            </rotation>
            <scale x="1" y="1" z="1" />
        </bone>
    </bones>
    <bonehierarchy>
        <boneparent bone="Bone02" parent="Bone01" />
        <boneparent bone="Bone03" parent="Bone02" />
        <boneparent bone="Bone04" parent="Bone01" />
        <boneparent bone="Bone05" parent="Bone04" />
        <boneparent bone="Bone06" parent="Bone01" />
        <boneparent bone="Bone07" parent="Bone06" />
    </bonehierarchy>
    <animations>
        <animation name="vent_arbre_rue" length="4">
            <tracks>
                <track bone="Bone01">
                    <keyframes>
                        <keyframe time="0">
                            <translate x="0" y="0" z="0" />
                            <rotate angle="0">
                                <axis x="1" y="0" z="0" />
                            </rotate>
                        </keyframe>
                    </keyframes>
                </track>
                <track bone="Bone02">
                    <keyframes>
                        <keyframe time="0">
                            <translate x="0" y="0" z="-0" />
                            <rotate angle="0.000690534">
                                <axis x="-3.33786e-005" y="1" z="-2.79546e-005" />
                            </rotate>
                            <scale x="1" y="1" z="1" />
                        </keyframe>
                        <keyframe time="0.56">
                            <translate x="0" y="0" z="-0" />
                            <rotate angle="0.00402647">
                                <axis x="-3.81503e-006" y="-1" z="5.34522e-006" />
                            </rotate>
                            <scale x="1" y="1" z="1" />
                        </keyframe>
                        <keyframe time="0.92">
                            <translate x="0" y="0" z="-0" />
                            <rotate angle="0.00916098">
                                <axis x="-3.81478e-006" y="-1" z="5.34527e-006" />
                            </rotate>
                            <scale x="1" y="1" z="1" />
                        </keyframe>
                        <keyframe time="1.24">
                            <translate x="0" y="0" z="-0" />
                            <rotate angle="0.014118">
                                <axis x="-3.81477e-006" y="-1" z="5.34532e-006" />
                            </rotate>
                            <scale x="1" y="1" z="1" />
                        </keyframe>
                        <keyframe time="1.6">
                            <translate x="0" y="0" z="-0" />
                            <rotate angle="0.018848">
                                <axis x="-3.81475e-006" y="-1" z="5.34532e-006" />
                            </rotate>
                            <scale x="1" y="1" z="1" />
                        </keyframe>
                        <keyframe time="2.8">
                            <translate x="0" y="0" z="-0" />
                            <rotate angle="0.0142525">
                                <axis x="-3.81479e-006" y="-1" z="5.34532e-006" />
                            </rotate>
                            <scale x="1" y="1" z="1" />
                        </keyframe>
                        <keyframe time="3.12">
                            <translate x="0" y="0" z="-0" />
                            <rotate angle="0.00908256">
                                <axis x="-3.81485e-006" y="-1" z="5.34528e-006" />
                            </rotate>
                            <scale x="1" y="1" z="1" />
                        </keyframe>
                        <keyframe time="3.44">
                            <translate x="0" y="0" z="-0" />
                            <rotate angle="0.00431238">
                                <axis x="-3.81501e-006" y="-1" z="5.34527e-006" />
                            </rotate>
                            <scale x="1" y="1" z="1" />
                        </keyframe>
                        <keyframe time="3.92">
                            <translate x="0" y="0" z="-0" />
                            <rotate angle="0.000690534">
                                <axis x="-3.82546e-006" y="-1" z="5.34314e-006" />
                            </rotate>
                            <scale x="1" y="1" z="1" />
                        </keyframe>
                        <keyframe time="4">
                            <translate x="0" y="0" z="-0" />
                            <rotate angle="0.000690534">
                                <axis x="-3.33786e-005" y="1" z="-2.79546e-005" />
                            </rotate>
                            <scale x="1" y="1" z="1" />
                        </keyframe>
                    </keyframes>
                </track>
                <track bone="Bone03">
                    <keyframes>
                        <keyframe time="0">
                            <translate x="0" y="0" z="0" />
                            <rotate angle="0">
                                <axis x="1" y="0" z="0" />
                            </rotate>
                        </keyframe>
                    </keyframes>
                </track>
                <track bone="Bone04">
                    <keyframes>
                        <keyframe time="0">
                            <translate x="0" y="0" z="-0" />
                            <rotate angle="0">
                                <axis x="1" y="0" z="0" />
                            </rotate>
                            <scale x="1" y="1" z="1" />
                        </keyframe>
                        <keyframe time="0.68">
                            <translate x="0" y="0" z="-0" />
                            <rotate angle="0.0049314">
                                <axis x="-0.00348554" y="0.123485" z="0.99234" />
                            </rotate>
                            <scale x="1" y="1" z="1" />
                        </keyframe>
                        <keyframe time="1.04">
                            <translate x="0" y="0" z="-0" />
                            <rotate angle="0.010219">
                                <axis x="-0.00267222" y="0.124735" z="0.992187" />
                            </rotate>
                            <scale x="1" y="1" z="1" />
                        </keyframe>
                        <keyframe time="1.36">
                            <translate x="0" y="0" z="-0" />
                            <rotate angle="0.0154099">
                                <axis x="-0.00187806" y="0.125977" z="0.992031" />
                            </rotate>
                            <scale x="1" y="1" z="1" />
                        </keyframe>
                        <keyframe time="1.68">
                            <translate x="0" y="0" z="-0" />
                            <rotate angle="0.020403">
                                <axis x="-0.00110468" y="0.127154" z="0.991882" />
                            </rotate>
                            <scale x="1" y="1" z="1" />
                        </keyframe>
                        <keyframe time="2.04">
                            <translate x="0" y="0" z="-0" />
                            <rotate angle="0.024936">
                                <axis x="-0.000404675" y="0.128223" z="0.991745" />
                            </rotate>
                            <scale x="1" y="1" z="1" />
                        </keyframe>
                        <keyframe time="3.04">
                            <translate x="0" y="0" z="-0" />
                            <rotate angle="0.0197378">
                                <axis x="-0.0012058" y="0.126999" z="0.991902" />
                            </rotate>
                            <scale x="1" y="1" z="1" />
                        </keyframe>
                        <keyframe time="3.24">
                            <translate x="0" y="0" z="-0" />
                            <rotate angle="0.0143359">
                                <axis x="-0.00203836" y="0.125718" z="0.992064" />
                            </rotate>
                            <scale x="1" y="1" z="1" />
                        </keyframe>
                        <keyframe time="3.44">
                            <translate x="0" y="0" z="-0" />
                            <rotate angle="0.00884316">
                                <axis x="-0.00290657" y="0.124425" z="0.992225" />
                            </rotate>
                            <scale x="1" y="1" z="1" />
                        </keyframe>
                        <keyframe time="3.68">
                            <translate x="0" y="0" z="-0" />
                            <rotate angle="0.00331169">
                                <axis x="-0.00377893" y="0.12311" z="0.992386" />
                            </rotate>
                            <scale x="1" y="1" z="1" />
                        </keyframe>
                        <keyframe time="3.92">
                            <translate x="0" y="0" z="-0" />
                            <rotate angle="0.000690534">
                                <axis x="-0.00458083" y="0.122178" z="0.992498" />
                            </rotate>
                            <scale x="1" y="1" z="1" />
                        </keyframe>
                        <keyframe time="4">
                            <translate x="0" y="0" z="-0" />
                            <rotate angle="0">
                                <axis x="1" y="0" z="0" />
                            </rotate>
                            <scale x="1" y="1" z="1" />
                        </keyframe>
                    </keyframes>
                </track>
                <track bone="Bone05">
                    <keyframes>
                        <keyframe time="0">
                            <translate x="0" y="0" z="0" />
                            <rotate angle="0">
                                <axis x="1" y="0" z="0" />
                            </rotate>
                        </keyframe>
                    </keyframes>
                </track>
                <track bone="Bone06">
                    <keyframes>
                        <keyframe time="0">
                            <translate x="0" y="0" z="-0" />
                            <rotate angle="0">
                                <axis x="1" y="0" z="0" />
                            </rotate>
                            <scale x="1" y="1" z="1" />
                        </keyframe>
                        <keyframe time="0.48">
                            <translate x="0" y="0" z="-0" />
                            <rotate angle="0.00534885">
                                <axis x="0.00142014" y="0.404544" z="-0.914518" />
                            </rotate>
                            <scale x="1" y="1" z="1" />
                        </keyframe>
                        <keyframe time="0.72">
                            <translate x="0" y="0" z="-0" />
                            <rotate angle="0.0105179">
                                <axis x="0.00104378" y="0.403744" z="-0.914871" />
                            </rotate>
                            <scale x="1" y="1" z="1" />
                        </keyframe>
                        <keyframe time="0.96">
                            <translate x="0" y="0" z="-0" />
                            <rotate angle="0.0160466">
                                <axis x="0.000637257" y="0.402916" z="-0.915237" />
                            </rotate>
                            <scale x="1" y="1" z="1" />
                        </keyframe>
                        <keyframe time="1.2">
                            <translate x="0" y="0" z="-0" />
                            <rotate angle="0.0208766">
                                <axis x="0.00028987" y="0.402178" z="-0.915561" />
                            </rotate>
                            <scale x="1" y="1" z="1" />
                        </keyframe>
                        <keyframe time="2.56">
                            <translate x="0" y="0" z="-0" />
                            <rotate angle="0.0160317">
                                <axis x="0.000637953" y="0.402913" z="-0.915238" />
                            </rotate>
                            <scale x="1" y="1" z="1" />
                        </keyframe>
                        <keyframe time="2.88">
                            <translate x="0" y="0" z="-0" />
                            <rotate angle="0.0111345">
                                <axis x="0.00099492" y="0.403668" z="-0.914905" />
                            </rotate>
                            <scale x="1" y="1" z="1" />
                        </keyframe>
                        <keyframe time="3.2">
                            <translate x="0" y="0" z="-0" />
                            <rotate angle="0.00644087">
                                <axis x="0.00132308" y="0.404382" z="-0.914589" />
                            </rotate>
                            <scale x="1" y="1" z="1" />
                        </keyframe>
                        <keyframe time="3.56">
                            <translate x="0" y="0" z="-0" />
                            <rotate angle="0.0020716">
                                <axis x="0.00161793" y="0.405005" z="-0.914313" />
                            </rotate>
                            <scale x="1" y="1" z="1" />
                        </keyframe>
                        <keyframe time="3.92">
                            <translate x="0" y="0" z="-0" />
                            <rotate angle="0">
                                <axis x="1" y="0" z="0" />
                            </rotate>
                            <scale x="1" y="1" z="1" />
                        </keyframe>
                        <keyframe time="4">
                            <translate x="0" y="0" z="-0" />
                            <rotate angle="0">
                                <axis x="1" y="0" z="0" />
                            </rotate>
                            <scale x="1" y="1" z="1" />
                        </keyframe>
                    </keyframes>
                </track>
                <track bone="Bone07">
                    <keyframes>
                        <keyframe time="0">
                            <translate x="0" y="0" z="0" />
                            <rotate angle="0">
                                <axis x="1" y="0" z="0" />
                            </rotate>
                        </keyframe>
                    </keyframes>
                </track>
            </tracks>
        </animation>
    </animations>
</skeleton>
