<mesh>
    <submeshes>
        <submesh material="barriere_chantier/bois" usesharedvertices="false" use32bitindexes="false" operationtype="triangle_list">
            <faces count="32">
                <face v1="0" v2="1" v3="2" />
                <face v1="3" v2="4" v3="5" />
                <face v1="6" v2="7" v3="8" />
                <face v1="9" v2="10" v3="11" />
                <face v1="12" v2="13" v3="14" />
                <face v1="15" v2="16" v3="17" />
                <face v1="18" v2="19" v3="20" />
                <face v1="20" v2="21" v3="18" />
                <face v1="22" v2="23" v3="24" />
                <face v1="25" v2="26" v3="27" />
                <face v1="28" v2="29" v3="30" />
                <face v1="31" v2="32" v3="33" />
                <face v1="34" v2="35" v3="36" />
                <face v1="37" v2="38" v3="39" />
                <face v1="40" v2="41" v3="42" />
                <face v1="42" v2="43" v3="40" />
                <face v1="44" v2="45" v3="46" />
                <face v1="47" v2="48" v3="49" />
                <face v1="50" v2="6" v3="51" />
                <face v1="51" v2="52" v3="50" />
                <face v1="53" v2="54" v3="55" />
                <face v1="56" v2="57" v3="58" />
                <face v1="59" v2="60" v3="61" />
                <face v1="61" v2="62" v3="59" />
                <face v1="63" v2="64" v3="65" />
                <face v1="66" v2="67" v3="68" />
                <face v1="69" v2="70" v3="71" />
                <face v1="71" v2="72" v3="69" />
                <face v1="73" v2="74" v3="75" />
                <face v1="76" v2="77" v3="78" />
                <face v1="79" v2="80" v3="81" />
                <face v1="81" v2="82" v3="79" />
            </faces>
            <geometry vertexcount="83">
                <vertexbuffer positions="true" normals="true" colours_diffuse="true" texture_coord_dimensions_0="float2" texture_coords="1">
                    <vertex>
                        <position x="139.224" y="98.2955" z="5.13101e-010" />
                        <normal x="0" y="-0.240738" z="-0.97059" />
                        <colour_diffuse value="1 1 1 1" />
                        <texcoord u="0.950131" v="0.576246" />
                    </vertex>
                    <vertex>
                        <position x="152.698" y="98.2955" z="5.13101e-010" />
                        <normal x="0" y="-0.240738" z="-0.97059" />
                        <colour_diffuse value="1 1 1 1" />
                        <texcoord u="0.9995" v="0.576246" />
                    </vertex>
                    <vertex>
                        <position x="152.698" y="-2.29648e-005" z="24.3805" />
                        <normal x="0" y="-0.240738" z="-0.97059" />
                        <colour_diffuse value="1 1 1 1" />
                        <texcoord u="0.9995" v="0.829943" />
                    </vertex>
                    <vertex>
                        <position x="152.698" y="-2.29648e-005" z="24.3805" />
                        <normal x="0" y="-0.240738" z="-0.97059" />
                        <colour_diffuse value="1 1 1 1" />
                        <texcoord u="0.9995" v="0.829943" />
                    </vertex>
                    <vertex>
                        <position x="139.224" y="-2.29648e-005" z="24.3805" />
                        <normal x="0" y="-0.240738" z="-0.97059" />
                        <colour_diffuse value="1 1 1 1" />
                        <texcoord u="0.950131" v="0.829943" />
                    </vertex>
                    <vertex>
                        <position x="139.224" y="98.2955" z="5.13101e-010" />
                        <normal x="0" y="-0.240738" z="-0.97059" />
                        <colour_diffuse value="1 1 1 1" />
                        <texcoord u="0.950131" v="0.576246" />
                    </vertex>
                    <vertex>
                        <position x="152.698" y="98.2955" z="5.13101e-010" />
                        <normal x="1" y="0" z="0" />
                        <colour_diffuse value="1 1 1 1" />
                        <texcoord u="0.576246" v="0.000499606" />
                    </vertex>
                    <vertex>
                        <position x="152.698" y="98.2955" z="11.4835" />
                        <normal x="1" y="0" z="0" />
                        <colour_diffuse value="1 1 1 1" />
                        <texcoord u="0.74359" v="0.000499606" />
                    </vertex>
                    <vertex>
                        <position x="152.698" y="-2.28313e-005" z="36.5087" />
                        <normal x="1" y="0" z="0" />
                        <colour_diffuse value="1 1 1 1" />
                        <texcoord u="0.999501" v="0.986602" />
                    </vertex>
                    <vertex>
                        <position x="152.698" y="-2.28313e-005" z="36.5087" />
                        <normal x="1" y="-4.6729e-007" z="-1.25812e-006" />
                        <colour_diffuse value="1 1 1 1" />
                        <texcoord u="0.999501" v="0.986602" />
                    </vertex>
                    <vertex>
                        <position x="152.698" y="-2.29648e-005" z="24.3805" />
                        <normal x="1" y="-4.6729e-007" z="-1.25812e-006" />
                        <colour_diffuse value="1 1 1 1" />
                        <texcoord u="0.834019" v="0.989818" />
                    </vertex>
                    <vertex>
                        <position x="152.698" y="98.2955" z="5.13101e-010" />
                        <normal x="1" y="-4.6729e-007" z="-1.25812e-006" />
                        <colour_diffuse value="1 1 1 1" />
                        <texcoord u="0.576246" v="0.000499606" />
                    </vertex>
                    <vertex>
                        <position x="152.698" y="98.2955" z="11.4835" />
                        <normal x="0" y="0.246721" z="0.969086" />
                        <colour_diffuse value="1 1 1 1" />
                        <texcoord u="0.000499666" v="0.74359" />
                    </vertex>
                    <vertex>
                        <position x="139.224" y="98.2955" z="11.4835" />
                        <normal x="0" y="0.246721" z="0.969086" />
                        <colour_diffuse value="1 1 1 1" />
                        <texcoord u="0.0498693" v="0.74359" />
                    </vertex>
                    <vertex>
                        <position x="139.224" y="-2.28313e-005" z="36.5087" />
                        <normal x="0" y="0.246721" z="0.969086" />
                        <colour_diffuse value="1 1 1 1" />
                        <texcoord u="0.0498693" v="0.997288" />
                    </vertex>
                    <vertex>
                        <position x="139.224" y="-2.28313e-005" z="36.5087" />
                        <normal x="-2.7436e-007" y="0.246721" z="0.969086" />
                        <colour_diffuse value="1 1 1 1" />
                        <texcoord u="0.0498693" v="0.997288" />
                    </vertex>
                    <vertex>
                        <position x="152.698" y="-2.28313e-005" z="36.5087" />
                        <normal x="-2.7436e-007" y="0.246721" z="0.969086" />
                        <colour_diffuse value="1 1 1 1" />
                        <texcoord u="0.000499724" v="0.997288" />
                    </vertex>
                    <vertex>
                        <position x="152.698" y="98.2955" z="11.4835" />
                        <normal x="-2.7436e-007" y="0.246721" z="0.969086" />
                        <colour_diffuse value="1 1 1 1" />
                        <texcoord u="0.000499666" v="0.74359" />
                    </vertex>
                    <vertex>
                        <position x="139.224" y="98.2955" z="11.4835" />
                        <normal x="-1" y="0" z="0" />
                        <colour_diffuse value="1 1 1 1" />
                        <texcoord u="0.25641" v="0.000499606" />
                    </vertex>
                    <vertex>
                        <position x="139.224" y="98.2955" z="5.13101e-010" />
                        <normal x="-1" y="0" z="0" />
                        <colour_diffuse value="1 1 1 1" />
                        <texcoord u="0.423754" v="0.000499606" />
                    </vertex>
                    <vertex>
                        <position x="139.224" y="-2.29648e-005" z="24.3805" />
                        <normal x="-1" y="0" z="0" />
                        <colour_diffuse value="1 1 1 1" />
                        <texcoord u="0.167844" v="0.986602" />
                    </vertex>
                    <vertex>
                        <position x="139.224" y="-2.28313e-005" z="36.5087" />
                        <normal x="-1" y="0" z="-0" />
                        <colour_diffuse value="1 1 1 1" />
                        <texcoord u="-0.00136345" v="0.989818" />
                    </vertex>
                    <vertex>
                        <position x="-110.605" y="98.2955" z="11.4835" />
                        <normal x="0" y="0.246721" z="0.969087" />
                        <colour_diffuse value="1 1 1 1" />
                        <texcoord u="0.9536" v="0.74359" />
                    </vertex>
                    <vertex>
                        <position x="-123.132" y="98.2955" z="11.4835" />
                        <normal x="0" y="0.246721" z="0.969087" />
                        <colour_diffuse value="1 1 1 1" />
                        <texcoord u="0.9995" v="0.74359" />
                    </vertex>
                    <vertex>
                        <position x="-123.132" y="-2.33756e-005" z="36.5087" />
                        <normal x="0" y="0.246721" z="0.969087" />
                        <colour_diffuse value="1 1 1 1" />
                        <texcoord u="0.999501" v="0.997287" />
                    </vertex>
                    <vertex>
                        <position x="-123.132" y="-2.33756e-005" z="36.5087" />
                        <normal x="-5.90193e-007" y="0.246721" z="0.969086" />
                        <colour_diffuse value="1 1 1 1" />
                        <texcoord u="0.999501" v="0.997287" />
                    </vertex>
                    <vertex>
                        <position x="-110.605" y="-2.33756e-005" z="36.5087" />
                        <normal x="-5.90193e-007" y="0.246721" z="0.969086" />
                        <colour_diffuse value="1 1 1 1" />
                        <texcoord u="0.9536" v="0.997287" />
                    </vertex>
                    <vertex>
                        <position x="-110.605" y="98.2955" z="11.4835" />
                        <normal x="-5.90193e-007" y="0.246721" z="0.969086" />
                        <colour_diffuse value="1 1 1 1" />
                        <texcoord u="0.9536" v="0.74359" />
                    </vertex>
                    <vertex>
                        <position x="-123.132" y="98.2955" z="11.4835" />
                        <normal x="-1" y="2.32851e-007" z="-0" />
                        <colour_diffuse value="1 1 1 1" />
                        <texcoord u="0.25641" v="0.000499606" />
                    </vertex>
                    <vertex>
                        <position x="-123.132" y="98.2955" z="-3.10718e-008" />
                        <normal x="-1" y="2.32851e-007" z="-0" />
                        <colour_diffuse value="1 1 1 1" />
                        <texcoord u="0.423754" v="0.000499606" />
                    </vertex>
                    <vertex>
                        <position x="-123.132" y="-2.33756e-005" z="24.3805" />
                        <normal x="-1" y="2.32851e-007" z="-0" />
                        <colour_diffuse value="1 1 1 1" />
                        <texcoord u="0.167844" v="0.986602" />
                    </vertex>
                    <vertex>
                        <position x="-123.132" y="-2.33756e-005" z="24.3805" />
                        <normal x="-1" y="2.32851e-007" z="-0" />
                        <colour_diffuse value="1 1 1 1" />
                        <texcoord u="0.167844" v="0.986602" />
                    </vertex>
                    <vertex>
                        <position x="-123.132" y="-2.33756e-005" z="36.5087" />
                        <normal x="-1" y="2.32851e-007" z="-0" />
                        <colour_diffuse value="1 1 1 1" />
                        <texcoord u="-0.00136323" v="0.989818" />
                    </vertex>
                    <vertex>
                        <position x="-123.132" y="98.2955" z="11.4835" />
                        <normal x="-1" y="2.32851e-007" z="-0" />
                        <colour_diffuse value="1 1 1 1" />
                        <texcoord u="0.25641" v="0.000499606" />
                    </vertex>
                    <vertex>
                        <position x="-123.132" y="98.2955" z="-3.10718e-008" />
                        <normal x="0" y="-0.240738" z="-0.97059" />
                        <colour_diffuse value="1 1 1 1" />
                        <texcoord u="0.000499666" v="0.576246" />
                    </vertex>
                    <vertex>
                        <position x="-110.605" y="98.2955" z="-3.10718e-008" />
                        <normal x="0" y="-0.240738" z="-0.97059" />
                        <colour_diffuse value="1 1 1 1" />
                        <texcoord u="0.0464" v="0.576246" />
                    </vertex>
                    <vertex>
                        <position x="-110.605" y="-2.33756e-005" z="24.3805" />
                        <normal x="0" y="-0.240738" z="-0.97059" />
                        <colour_diffuse value="1 1 1 1" />
                        <texcoord u="0.0463999" v="0.829943" />
                    </vertex>
                    <vertex>
                        <position x="-110.605" y="-2.33756e-005" z="24.3805" />
                        <normal x="0" y="-0.240738" z="-0.97059" />
                        <colour_diffuse value="1 1 1 1" />
                        <texcoord u="0.0463999" v="0.829943" />
                    </vertex>
                    <vertex>
                        <position x="-123.132" y="-2.33756e-005" z="24.3805" />
                        <normal x="0" y="-0.240738" z="-0.97059" />
                        <colour_diffuse value="1 1 1 1" />
                        <texcoord u="0.000499567" v="0.829943" />
                    </vertex>
                    <vertex>
                        <position x="-123.132" y="98.2955" z="-3.10718e-008" />
                        <normal x="0" y="-0.240738" z="-0.97059" />
                        <colour_diffuse value="1 1 1 1" />
                        <texcoord u="0.000499666" v="0.576246" />
                    </vertex>
                    <vertex>
                        <position x="-110.605" y="98.2955" z="-3.10718e-008" />
                        <normal x="1" y="-7.76169e-008" z="-0" />
                        <colour_diffuse value="1 1 1 1" />
                        <texcoord u="0.576246" v="0.000499606" />
                    </vertex>
                    <vertex>
                        <position x="-110.605" y="98.2955" z="11.4835" />
                        <normal x="1" y="-7.76169e-008" z="-0" />
                        <colour_diffuse value="1 1 1 1" />
                        <texcoord u="0.74359" v="0.000499606" />
                    </vertex>
                    <vertex>
                        <position x="-110.605" y="-2.33756e-005" z="36.5087" />
                        <normal x="1" y="-7.76169e-008" z="-0" />
                        <colour_diffuse value="1 1 1 1" />
                        <texcoord u="0.9995" v="0.986602" />
                    </vertex>
                    <vertex>
                        <position x="-110.605" y="-2.33756e-005" z="24.3805" />
                        <normal x="1" y="-7.76169e-008" z="-0" />
                        <colour_diffuse value="1 1 1 1" />
                        <texcoord u="0.834019" v="0.989818" />
                    </vertex>
                    <vertex>
                        <position x="139.224" y="98.2955" z="-11.4835" />
                        <normal x="0" y="0.281933" z="-0.959434" />
                        <colour_diffuse value="1 1 1 1" />
                        <texcoord u="0.0498692" v="0.408901" />
                    </vertex>
                    <vertex>
                        <position x="152.698" y="98.2955" z="-11.4835" />
                        <normal x="0" y="0.281933" z="-0.959434" />
                        <colour_diffuse value="1 1 1 1" />
                        <texcoord u="0.000499606" v="0.408901" />
                    </vertex>
                    <vertex>
                        <position x="152.698" y="-2.29648e-005" z="-40.368" />
                        <normal x="0" y="0.281933" z="-0.959434" />
                        <colour_diffuse value="1 1 1 1" />
                        <texcoord u="0.000499447" v="0.0115038" />
                    </vertex>
                    <vertex>
                        <position x="152.698" y="-2.29648e-005" z="-40.368" />
                        <normal x="-0" y="0.281933" z="-0.959434" />
                        <colour_diffuse value="1 1 1 1" />
                        <texcoord u="0.000499447" v="0.0115038" />
                    </vertex>
                    <vertex>
                        <position x="139.224" y="-2.29648e-005" z="-40.368" />
                        <normal x="-0" y="0.281933" z="-0.959434" />
                        <colour_diffuse value="1 1 1 1" />
                        <texcoord u="0.0498691" v="0.0115038" />
                    </vertex>
                    <vertex>
                        <position x="139.224" y="98.2955" z="-11.4835" />
                        <normal x="-0" y="0.281933" z="-0.959434" />
                        <colour_diffuse value="1 1 1 1" />
                        <texcoord u="0.0498692" v="0.408901" />
                    </vertex>
                    <vertex>
                        <position x="152.698" y="98.2955" z="-11.4835" />
                        <normal x="1" y="0" z="0" />
                        <colour_diffuse value="1 1 1 1" />
                        <texcoord u="0.408901" v="0.000499606" />
                    </vertex>
                    <vertex>
                        <position x="152.698" y="-2.29648e-005" z="-28.2398" />
                        <normal x="1" y="0" z="0" />
                        <colour_diffuse value="1 1 1 1" />
                        <texcoord u="0.187633" v="0.986289" />
                    </vertex>
                    <vertex>
                        <position x="152.698" y="-2.29648e-005" z="-40.368" />
                        <normal x="1" y="0" z="-0" />
                        <colour_diffuse value="1 1 1 1" />
                        <texcoord u="0.0230835" v="0.9774" />
                    </vertex>
                    <vertex>
                        <position x="152.698" y="98.2955" z="5.13101e-010" />
                        <normal x="0" y="-0.276125" z="0.961122" />
                        <colour_diffuse value="1 1 1 1" />
                        <texcoord u="0.9995" v="0.576246" />
                    </vertex>
                    <vertex>
                        <position x="139.224" y="98.2955" z="5.13101e-010" />
                        <normal x="0" y="-0.276125" z="0.961122" />
                        <colour_diffuse value="1 1 1 1" />
                        <texcoord u="0.950131" v="0.576246" />
                    </vertex>
                    <vertex>
                        <position x="139.224" y="-2.29648e-005" z="-28.2398" />
                        <normal x="0" y="-0.276125" z="0.961122" />
                        <colour_diffuse value="1 1 1 1" />
                        <texcoord u="0.950131" v="0.178848" />
                    </vertex>
                    <vertex>
                        <position x="139.224" y="-2.29648e-005" z="-28.2398" />
                        <normal x="-0" y="-0.276125" z="0.961122" />
                        <colour_diffuse value="1 1 1 1" />
                        <texcoord u="0.950131" v="0.178848" />
                    </vertex>
                    <vertex>
                        <position x="152.698" y="-2.29648e-005" z="-28.2398" />
                        <normal x="-0" y="-0.276125" z="0.961122" />
                        <colour_diffuse value="1 1 1 1" />
                        <texcoord u="0.9995" v="0.178848" />
                    </vertex>
                    <vertex>
                        <position x="152.698" y="98.2955" z="5.13101e-010" />
                        <normal x="-0" y="-0.276125" z="0.961122" />
                        <colour_diffuse value="1 1 1 1" />
                        <texcoord u="0.9995" v="0.576246" />
                    </vertex>
                    <vertex>
                        <position x="139.224" y="98.2955" z="5.13101e-010" />
                        <normal x="-1" y="1.55234e-007" z="-0" />
                        <colour_diffuse value="1 1 1 1" />
                        <texcoord u="0.423754" v="0.000499606" />
                    </vertex>
                    <vertex>
                        <position x="139.224" y="98.2955" z="-11.4835" />
                        <normal x="-1" y="1.55234e-007" z="-0" />
                        <colour_diffuse value="1 1 1 1" />
                        <texcoord u="0.591099" v="0.000499606" />
                    </vertex>
                    <vertex>
                        <position x="139.224" y="-2.29648e-005" z="-40.368" />
                        <normal x="-1" y="1.55234e-007" z="-0" />
                        <colour_diffuse value="1 1 1 1" />
                        <texcoord u="0.98167" v="0.987042" />
                    </vertex>
                    <vertex>
                        <position x="139.224" y="-2.29648e-005" z="-28.2398" />
                        <normal x="-1" y="1.55234e-007" z="-0" />
                        <colour_diffuse value="1 1 1 1" />
                        <texcoord u="0.809585" v="0.977395" />
                    </vertex>
                    <vertex>
                        <position x="-110.605" y="98.2955" z="-3.10718e-008" />
                        <normal x="0" y="-0.276125" z="0.961122" />
                        <colour_diffuse value="1 1 1 1" />
                        <texcoord u="0.0464" v="0.576246" />
                    </vertex>
                    <vertex>
                        <position x="-123.132" y="98.2955" z="-3.10718e-008" />
                        <normal x="0" y="-0.276125" z="0.961122" />
                        <colour_diffuse value="1 1 1 1" />
                        <texcoord u="0.000499666" v="0.576246" />
                    </vertex>
                    <vertex>
                        <position x="-123.132" y="-2.33756e-005" z="-28.2398" />
                        <normal x="0" y="-0.276125" z="0.961122" />
                        <colour_diffuse value="1 1 1 1" />
                        <texcoord u="0.000499686" v="0.178848" />
                    </vertex>
                    <vertex>
                        <position x="-123.132" y="-2.33756e-005" z="-28.2398" />
                        <normal x="-0" y="-0.276125" z="0.961122" />
                        <colour_diffuse value="1 1 1 1" />
                        <texcoord u="0.000499686" v="0.178848" />
                    </vertex>
                    <vertex>
                        <position x="-110.605" y="-2.33756e-005" z="-28.2398" />
                        <normal x="-0" y="-0.276125" z="0.961122" />
                        <colour_diffuse value="1 1 1 1" />
                        <texcoord u="0.0464" v="0.178848" />
                    </vertex>
                    <vertex>
                        <position x="-110.605" y="98.2955" z="-3.10718e-008" />
                        <normal x="-0" y="-0.276125" z="0.961122" />
                        <colour_diffuse value="1 1 1 1" />
                        <texcoord u="0.0464" v="0.576246" />
                    </vertex>
                    <vertex>
                        <position x="-123.132" y="98.2955" z="-3.10718e-008" />
                        <normal x="-1" y="3.10468e-007" z="-0" />
                        <colour_diffuse value="1 1 1 1" />
                        <texcoord u="0.423754" v="0.000499606" />
                    </vertex>
                    <vertex>
                        <position x="-123.132" y="98.2955" z="-11.4835" />
                        <normal x="-1" y="3.10468e-007" z="-0" />
                        <colour_diffuse value="1 1 1 1" />
                        <texcoord u="0.591099" v="0.000499606" />
                    </vertex>
                    <vertex>
                        <position x="-123.132" y="-2.33756e-005" z="-40.368" />
                        <normal x="-1" y="3.10468e-007" z="-0" />
                        <colour_diffuse value="1 1 1 1" />
                        <texcoord u="0.98167" v="0.987042" />
                    </vertex>
                    <vertex>
                        <position x="-123.132" y="-2.33756e-005" z="-28.2398" />
                        <normal x="-1" y="3.10468e-007" z="-0" />
                        <colour_diffuse value="1 1 1 1" />
                        <texcoord u="0.809585" v="0.977395" />
                    </vertex>
                    <vertex>
                        <position x="-123.132" y="98.2955" z="-11.4835" />
                        <normal x="0" y="0.281933" z="-0.959434" />
                        <colour_diffuse value="1 1 1 1" />
                        <texcoord u="0.9995" v="0.408901" />
                    </vertex>
                    <vertex>
                        <position x="-110.605" y="98.2955" z="-11.4835" />
                        <normal x="0" y="0.281933" z="-0.959434" />
                        <colour_diffuse value="1 1 1 1" />
                        <texcoord u="0.9536" v="0.408901" />
                    </vertex>
                    <vertex>
                        <position x="-110.605" y="-2.33756e-005" z="-40.368" />
                        <normal x="0" y="0.281933" z="-0.959434" />
                        <colour_diffuse value="1 1 1 1" />
                        <texcoord u="0.9536" v="0.0115036" />
                    </vertex>
                    <vertex>
                        <position x="-110.605" y="-2.33756e-005" z="-40.368" />
                        <normal x="-0" y="0.281933" z="-0.959434" />
                        <colour_diffuse value="1 1 1 1" />
                        <texcoord u="0.9536" v="0.0115036" />
                    </vertex>
                    <vertex>
                        <position x="-123.132" y="-2.33756e-005" z="-40.368" />
                        <normal x="-0" y="0.281933" z="-0.959434" />
                        <colour_diffuse value="1 1 1 1" />
                        <texcoord u="0.9995" v="0.0115035" />
                    </vertex>
                    <vertex>
                        <position x="-123.132" y="98.2955" z="-11.4835" />
                        <normal x="-0" y="0.281933" z="-0.959434" />
                        <colour_diffuse value="1 1 1 1" />
                        <texcoord u="0.9995" v="0.408901" />
                    </vertex>
                    <vertex>
                        <position x="-110.605" y="98.2955" z="-11.4835" />
                        <normal x="1" y="-1.55234e-007" z="-0" />
                        <colour_diffuse value="1 1 1 1" />
                        <texcoord u="0.408901" v="0.000499606" />
                    </vertex>
                    <vertex>
                        <position x="-110.605" y="98.2955" z="-3.10718e-008" />
                        <normal x="1" y="-1.55234e-007" z="-0" />
                        <colour_diffuse value="1 1 1 1" />
                        <texcoord u="0.576246" v="0.000499606" />
                    </vertex>
                    <vertex>
                        <position x="-110.605" y="-2.33756e-005" z="-28.2398" />
                        <normal x="1" y="-1.55234e-007" z="-0" />
                        <colour_diffuse value="1 1 1 1" />
                        <texcoord u="0.187632" v="0.986289" />
                    </vertex>
                    <vertex>
                        <position x="-110.605" y="-2.33756e-005" z="-40.368" />
                        <normal x="1" y="-1.55234e-007" z="-0" />
                        <colour_diffuse value="1 1 1 1" />
                        <texcoord u="0.0230833" v="0.9774" />
                    </vertex>
                </vertexbuffer>
            </geometry>
        </submesh>
        <submesh material="barriere_chantier/peinture" usesharedvertices="false" use32bitindexes="false" operationtype="triangle_list">
            <faces count="10">
                <face v1="0" v2="1" v3="2" />
                <face v1="2" v2="3" v3="0" />
                <face v1="4" v2="5" v3="6" />
                <face v1="6" v2="7" v3="4" />
                <face v1="8" v2="9" v3="10" />
                <face v1="10" v2="11" v3="8" />
                <face v1="12" v2="13" v3="14" />
                <face v1="14" v2="15" v3="12" />
                <face v1="16" v2="17" v3="18" />
                <face v1="18" v2="19" v3="16" />
            </faces>
            <geometry vertexcount="20">
                <vertexbuffer positions="true" normals="true" colours_diffuse="true" texture_coord_dimensions_0="float2" texture_coords="1">
                    <vertex>
                        <position x="-133.256" y="97.9324" z="12.1282" />
                        <normal x="0" y="0.237117" z="0.971481" />
                        <colour_diffuse value="1 1 1 1" />
                        <texcoord u="0.0280988" v="1.42182" />
                    </vertex>
                    <vertex>
                        <position x="163.161" y="97.9324" z="12.1282" />
                        <normal x="0" y="0.237117" z="0.971481" />
                        <colour_diffuse value="1 1 1 1" />
                        <texcoord u="0.99306" v="0.568718" />
                    </vertex>
                    <vertex>
                        <position x="163.161" y="126.537" z="5.14658" />
                        <normal x="0" y="0.237117" z="0.971481" />
                        <colour_diffuse value="1 1 1 1" />
                        <texcoord u="0.98697" v="0.493728" />
                    </vertex>
                    <vertex>
                        <position x="-133.256" y="126.537" z="5.14658" />
                        <normal x="0" y="0.237117" z="0.971481" />
                        <colour_diffuse value="1 1 1 1" />
                        <texcoord u="0.0220088" v="1.34683" />
                    </vertex>
                    <vertex>
                        <position x="-133.256" y="97.9324" z="-12.1282" />
                        <normal x="0" y="0.237117" z="-0.971481" />
                        <colour_diffuse value="1 1 1 1" />
                        <texcoord u="0.00694028" v="1.16128" />
                    </vertex>
                    <vertex>
                        <position x="-133.256" y="126.537" z="-5.14658" />
                        <normal x="-0" y="0.237117" z="-0.971481" />
                        <colour_diffuse value="1 1 1 1" />
                        <texcoord u="0.0130302" v="1.23627" />
                    </vertex>
                    <vertex>
                        <position x="163.161" y="126.537" z="-5.14658" />
                        <normal x="0" y="0.237117" z="-0.971481" />
                        <colour_diffuse value="1 1 1 1" />
                        <texcoord u="0.977991" v="0.383169" />
                    </vertex>
                    <vertex>
                        <position x="163.161" y="97.9324" z="-12.1282" />
                        <normal x="0" y="0.237117" z="-0.971481" />
                        <colour_diffuse value="1 1 1 1" />
                        <texcoord u="0.971901" v="0.308179" />
                    </vertex>
                    <vertex>
                        <position x="-133.256" y="97.9324" z="12.1282" />
                        <normal x="-1" y="0" z="-0" />
                        <colour_diffuse value="1 1 1 1" />
                        <texcoord u="0.56235" v="0.537062" />
                    </vertex>
                    <vertex>
                        <position x="-133.256" y="126.537" z="5.14658" />
                        <normal x="-1" y="-0" z="-0" />
                        <colour_diffuse value="1 1 1 1" />
                        <texcoord u="0.557394" v="0.51984" />
                    </vertex>
                    <vertex>
                        <position x="-133.256" y="126.537" z="-5.14658" />
                        <normal x="-1" y="0" z="-0" />
                        <colour_diffuse value="1 1 1 1" />
                        <texcoord u="0.550086" v="0.51984" />
                    </vertex>
                    <vertex>
                        <position x="-133.256" y="97.9324" z="-12.1282" />
                        <normal x="-1" y="0" z="-0" />
                        <colour_diffuse value="1 1 1 1" />
                        <texcoord u="0.545129" v="0.537062" />
                    </vertex>
                    <vertex>
                        <position x="163.161" y="126.537" z="-5.14658" />
                        <normal x="0" y="1" z="-0" />
                        <colour_diffuse value="1 1 1 1" />
                        <texcoord u="0.977991" v="0.383169" />
                    </vertex>
                    <vertex>
                        <position x="-133.256" y="126.537" z="-5.14658" />
                        <normal x="-0" y="1" z="-0" />
                        <colour_diffuse value="1 1 1 1" />
                        <texcoord u="0.0130302" v="1.23627" />
                    </vertex>
                    <vertex>
                        <position x="-133.256" y="126.537" z="5.14658" />
                        <normal x="0" y="1" z="-0" />
                        <colour_diffuse value="1 1 1 1" />
                        <texcoord u="0.0220088" v="1.34683" />
                    </vertex>
                    <vertex>
                        <position x="163.161" y="126.537" z="5.14658" />
                        <normal x="0" y="1" z="0" />
                        <colour_diffuse value="1 1 1 1" />
                        <texcoord u="0.98697" v="0.493728" />
                    </vertex>
                    <vertex>
                        <position x="163.161" y="97.9324" z="-12.1282" />
                        <normal x="1" y="0" z="-0" />
                        <colour_diffuse value="1 1 1 1" />
                        <texcoord u="0.56235" v="0.537062" />
                    </vertex>
                    <vertex>
                        <position x="163.161" y="126.537" z="-5.14658" />
                        <normal x="1" y="0" z="-0" />
                        <colour_diffuse value="1 1 1 1" />
                        <texcoord u="0.557394" v="0.51984" />
                    </vertex>
                    <vertex>
                        <position x="163.161" y="126.537" z="5.14658" />
                        <normal x="1" y="0" z="-0" />
                        <colour_diffuse value="1 1 1 1" />
                        <texcoord u="0.550086" v="0.51984" />
                    </vertex>
                    <vertex>
                        <position x="163.161" y="97.9324" z="12.1282" />
                        <normal x="1" y="0" z="-0" />
                        <colour_diffuse value="1 1 1 1" />
                        <texcoord u="0.545129" v="0.537062" />
                    </vertex>
                </vertexbuffer>
            </geometry>
        </submesh>
    </submeshes>
    <submeshnames>
        <submeshname name="barriere_chantier/bois" index="0" />
        <submeshname name="barriere_chantier/peinture" index="1" />
    </submeshnames>
</mesh>
