<mesh>
    <submeshes>
        <submesh material="barriere_verre/metal" usesharedvertices="false" use32bitindexes="false" operationtype="triangle_list">
            <faces count="78">
                <face v1="0" v2="1" v3="2" />
                <face v1="2" v2="3" v3="0" />
                <face v1="1" v2="4" v3="5" />
                <face v1="5" v2="2" v3="1" />
                <face v1="6" v2="7" v3="8" />
                <face v1="8" v2="9" v3="6" />
                <face v1="10" v2="11" v3="12" />
                <face v1="12" v2="13" v3="10" />
                <face v1="11" v2="14" v3="15" />
                <face v1="15" v2="12" v3="11" />
                <face v1="16" v2="17" v3="18" />
                <face v1="19" v2="16" v3="18" />
                <face v1="20" v2="19" v3="18" />
                <face v1="21" v2="22" v3="23" />
                <face v1="23" v2="24" v3="21" />
                <face v1="25" v2="26" v3="27" />
                <face v1="27" v2="28" v3="25" />
                <face v1="29" v2="30" v3="31" />
                <face v1="31" v2="32" v3="29" />
                <face v1="33" v2="34" v3="35" />
                <face v1="35" v2="36" v3="33" />
                <face v1="37" v2="38" v3="39" />
                <face v1="39" v2="40" v3="37" />
                <face v1="41" v2="42" v3="43" />
                <face v1="43" v2="44" v3="41" />
                <face v1="45" v2="46" v3="47" />
                <face v1="47" v2="48" v3="45" />
                <face v1="49" v2="50" v3="51" />
                <face v1="51" v2="52" v3="49" />
                <face v1="53" v2="54" v3="55" />
                <face v1="55" v2="56" v3="53" />
                <face v1="56" v2="55" v3="57" />
                <face v1="57" v2="58" v3="56" />
                <face v1="59" v2="60" v3="61" />
                <face v1="61" v2="62" v3="59" />
                <face v1="63" v2="64" v3="65" />
                <face v1="65" v2="66" v3="63" />
                <face v1="66" v2="65" v3="67" />
                <face v1="67" v2="68" v3="66" />
                <face v1="69" v2="70" v3="71" />
                <face v1="69" v2="71" v3="72" />
                <face v1="73" v2="69" v3="72" />
                <face v1="74" v2="75" v3="76" />
                <face v1="76" v2="77" v3="74" />
                <face v1="78" v2="79" v3="80" />
                <face v1="80" v2="81" v3="78" />
                <face v1="82" v2="83" v3="84" />
                <face v1="84" v2="85" v3="82" />
                <face v1="86" v2="87" v3="88" />
                <face v1="88" v2="89" v3="86" />
                <face v1="90" v2="91" v3="92" />
                <face v1="92" v2="93" v3="90" />
                <face v1="94" v2="95" v3="96" />
                <face v1="96" v2="97" v3="94" />
                <face v1="98" v2="99" v3="100" />
                <face v1="100" v2="101" v3="98" />
                <face v1="102" v2="103" v3="104" />
                <face v1="104" v2="105" v3="102" />
                <face v1="106" v2="107" v3="108" />
                <face v1="108" v2="109" v3="106" />
                <face v1="110" v2="111" v3="107" />
                <face v1="107" v2="106" v3="110" />
                <face v1="112" v2="113" v3="114" />
                <face v1="114" v2="115" v3="112" />
                <face v1="116" v2="117" v3="118" />
                <face v1="118" v2="119" v3="116" />
                <face v1="120" v2="121" v3="117" />
                <face v1="117" v2="116" v3="120" />
                <face v1="122" v2="123" v3="124" />
                <face v1="124" v2="125" v3="122" />
                <face v1="126" v2="127" v3="123" />
                <face v1="123" v2="122" v3="126" />
                <face v1="128" v2="129" v3="130" />
                <face v1="130" v2="131" v3="128" />
                <face v1="132" v2="133" v3="134" />
                <face v1="134" v2="135" v3="132" />
                <face v1="136" v2="137" v3="133" />
                <face v1="133" v2="132" v3="136" />
            </faces>
            <geometry vertexcount="138">
                <vertexbuffer positions="true" normals="true" colours_diffuse="true" texture_coord_dimensions_0="float2" texture_coords="1">
                    <vertex>
                        <position x="-111.965" y="-0.000141102" z="1.13974e-005" />
                        <normal x="1" y="-3.33617e-008" z="-4.69032e-008" />
                        <colour_diffuse value="1 1 1 1" />
                        <texcoord u="2.88724" v="0.998502" />
                    </vertex>
                    <vertex>
                        <position x="-115.395" y="-0.000141102" z="-4.72084" />
                        <normal x="0.309018" y="5.1496e-009" z="-0.951056" />
                        <colour_diffuse value="1 1 1 1" />
                        <texcoord u="2.92974" v="0.998502" />
                    </vertex>
                    <vertex>
                        <position x="-115.395" y="121.499" z="-4.72085" />
                        <normal x="0.309017" y="-1.51611e-008" z="-0.951056" />
                        <colour_diffuse value="1 1 1 1" />
                        <texcoord u="2.92974" v="-1.9985" />
                    </vertex>
                    <vertex>
                        <position x="-111.965" y="121.499" z="1.67083e-005" />
                        <normal x="1" y="1.90379e-010" z="5.62838e-007" />
                        <colour_diffuse value="1 1 1 1" />
                        <texcoord u="2.88724" v="-1.9985" />
                    </vertex>
                    <vertex>
                        <position x="-120.945" y="-0.000141102" z="-2.91764" />
                        <normal x="-0.809017" y="2.53751e-008" z="-0.587785" />
                        <colour_diffuse value="1 1 1 1" />
                        <texcoord u="2.9985" v="0.998502" />
                    </vertex>
                    <vertex>
                        <position x="-120.945" y="121.499" z="-2.91763" />
                        <normal x="-0.809017" y="-2.82973e-008" z="-0.587785" />
                        <colour_diffuse value="1 1 1 1" />
                        <texcoord u="2.9985" v="-1.9985" />
                    </vertex>
                    <vertex>
                        <position x="-120.945" y="-0.000141102" z="-2.91764" />
                        <normal x="-0.809017" y="2.53751e-008" z="-0.587785" />
                        <colour_diffuse value="1 1 1 1" />
                        <texcoord u="0.573872" v="0.998502" />
                    </vertex>
                    <vertex>
                        <position x="-120.945" y="-0.000141102" z="2.91766" />
                        <normal x="-0.809017" y="-2.53751e-008" z="0.587785" />
                        <colour_diffuse value="1 1 1 1" />
                        <texcoord u="2.42611" v="0.998502" />
                    </vertex>
                    <vertex>
                        <position x="-120.945" y="121.499" z="2.91767" />
                        <normal x="-0.809017" y="-2.53751e-008" z="0.587785" />
                        <colour_diffuse value="1 1 1 1" />
                        <texcoord u="2.42611" v="-1.9985" />
                    </vertex>
                    <vertex>
                        <position x="-120.945" y="121.499" z="-2.91763" />
                        <normal x="-0.809017" y="-2.82973e-008" z="-0.587785" />
                        <colour_diffuse value="1 1 1 1" />
                        <texcoord u="0.573874" v="-1.9985" />
                    </vertex>
                    <vertex>
                        <position x="-120.945" y="-0.000141102" z="2.91766" />
                        <normal x="-0.809017" y="-2.53751e-008" z="0.587785" />
                        <colour_diffuse value="1 1 1 1" />
                        <texcoord u="0.00149864" v="0.998502" />
                    </vertex>
                    <vertex>
                        <position x="-115.395" y="-0.000141102" z="4.72086" />
                        <normal x="0.309018" y="-4.12482e-008" z="0.951056" />
                        <colour_diffuse value="1 1 1 1" />
                        <texcoord u="0.0702591" v="0.998502" />
                    </vertex>
                    <vertex>
                        <position x="-115.395" y="121.499" z="4.72087" />
                        <normal x="0.309018" y="-4.10578e-008" z="0.951056" />
                        <colour_diffuse value="1 1 1 1" />
                        <texcoord u="0.0702591" v="-1.9985" />
                    </vertex>
                    <vertex>
                        <position x="-120.945" y="121.499" z="2.91767" />
                        <normal x="-0.809017" y="-2.53751e-008" z="0.587785" />
                        <colour_diffuse value="1 1 1 1" />
                        <texcoord u="0.00149864" v="-1.9985" />
                    </vertex>
                    <vertex>
                        <position x="-111.965" y="-0.000141102" z="1.13974e-005" />
                        <normal x="1" y="-3.33617e-008" z="-4.69032e-008" />
                        <colour_diffuse value="1 1 1 1" />
                        <texcoord u="0.112755" v="0.998502" />
                    </vertex>
                    <vertex>
                        <position x="-111.965" y="121.499" z="1.67083e-005" />
                        <normal x="1" y="1.90379e-010" z="5.62838e-007" />
                        <colour_diffuse value="1 1 1 1" />
                        <texcoord u="0.112755" v="-1.9985" />
                    </vertex>
                    <vertex>
                        <position x="-120.945" y="121.499" z="-2.91763" />
                        <normal x="-0" y="1" z="-0" />
                        <colour_diffuse value="1 1 1 1" />
                        <texcoord u="0.00149864" v="-1.42613" />
                    </vertex>
                    <vertex>
                        <position x="-120.945" y="121.499" z="2.91767" />
                        <normal x="-0" y="1" z="-0" />
                        <colour_diffuse value="1 1 1 1" />
                        <texcoord u="0.00149864" v="0.426111" />
                    </vertex>
                    <vertex>
                        <position x="-115.395" y="121.499" z="4.72087" />
                        <normal x="0" y="1" z="-0" />
                        <colour_diffuse value="1 1 1 1" />
                        <texcoord u="0.0702591" v="0.998484" />
                    </vertex>
                    <vertex>
                        <position x="-115.395" y="121.499" z="-4.72085" />
                        <normal x="0" y="1" z="-0" />
                        <colour_diffuse value="1 1 1 1" />
                        <texcoord u="0.0702592" v="-1.9985" />
                    </vertex>
                    <vertex>
                        <position x="-111.965" y="121.499" z="1.67083e-005" />
                        <normal x="0" y="1" z="-0" />
                        <colour_diffuse value="1 1 1 1" />
                        <texcoord u="0.112755" v="-0.500007" />
                    </vertex>
                    <vertex>
                        <position x="-106.595" y="99.9162" z="0.687914" />
                        <normal x="0" y="0" z="1" />
                        <colour_diffuse value="1 1 1 1" />
                        <texcoord u="0.179288" v="-1.46612" />
                    </vertex>
                    <vertex>
                        <position x="-105.623" y="100.889" z="0.687914" />
                        <normal x="-0" y="0" z="1" />
                        <colour_diffuse value="1 1 1 1" />
                        <texcoord u="0.191341" v="-1.49012" />
                    </vertex>
                    <vertex>
                        <position x="-111.972" y="107.238" z="0.687914" />
                        <normal x="0" y="0" z="1" />
                        <colour_diffuse value="1 1 1 1" />
                        <texcoord u="0.112678" v="-1.64673" />
                    </vertex>
                    <vertex>
                        <position x="-112.944" y="106.265" z="0.687914" />
                        <normal x="0" y="0" z="1" />
                        <colour_diffuse value="1 1 1 1" />
                        <texcoord u="0.100624" v="-1.62273" />
                    </vertex>
                    <vertex>
                        <position x="-105.623" y="100.889" z="0.687914" />
                        <normal x="0.707107" y="0.707107" z="-0" />
                        <colour_diffuse value="1 1 1 1" />
                        <texcoord u="0.191341" v="-0.281654" />
                    </vertex>
                    <vertex>
                        <position x="-105.623" y="100.889" z="-0.687914" />
                        <normal x="0.707107" y="0.707107" z="-0" />
                        <colour_diffuse value="1 1 1 1" />
                        <texcoord u="0.191341" v="-0.718369" />
                    </vertex>
                    <vertex>
                        <position x="-111.972" y="107.238" z="-0.687914" />
                        <normal x="0.707107" y="0.707107" z="-0" />
                        <colour_diffuse value="1 1 1 1" />
                        <texcoord u="0.112678" v="-0.718369" />
                    </vertex>
                    <vertex>
                        <position x="-111.972" y="107.238" z="0.687914" />
                        <normal x="0.707107" y="0.707107" z="0" />
                        <colour_diffuse value="1 1 1 1" />
                        <texcoord u="0.112678" v="-0.281655" />
                    </vertex>
                    <vertex>
                        <position x="-105.623" y="100.889" z="-0.687914" />
                        <normal x="0" y="0" z="-1" />
                        <colour_diffuse value="1 1 1 1" />
                        <texcoord u="2.80866" v="-1.49012" />
                    </vertex>
                    <vertex>
                        <position x="-106.595" y="99.9162" z="-0.687914" />
                        <normal x="0" y="-0" z="-1" />
                        <colour_diffuse value="1 1 1 1" />
                        <texcoord u="2.82071" v="-1.46612" />
                    </vertex>
                    <vertex>
                        <position x="-112.944" y="106.265" z="-0.687914" />
                        <normal x="0" y="0" z="-1" />
                        <colour_diffuse value="1 1 1 1" />
                        <texcoord u="2.89938" v="-1.62273" />
                    </vertex>
                    <vertex>
                        <position x="-111.972" y="107.238" z="-0.687914" />
                        <normal x="0" y="0" z="-1" />
                        <colour_diffuse value="1 1 1 1" />
                        <texcoord u="2.88732" v="-1.64673" />
                    </vertex>
                    <vertex>
                        <position x="-106.595" y="99.9162" z="-0.687914" />
                        <normal x="-0.707107" y="-0.707107" z="-0" />
                        <colour_diffuse value="1 1 1 1" />
                        <texcoord u="2.82071" v="-0.718369" />
                    </vertex>
                    <vertex>
                        <position x="-106.595" y="99.9162" z="0.687914" />
                        <normal x="-0.707107" y="-0.707107" z="-0" />
                        <colour_diffuse value="1 1 1 1" />
                        <texcoord u="2.82071" v="-0.281654" />
                    </vertex>
                    <vertex>
                        <position x="-112.944" y="106.265" z="0.687914" />
                        <normal x="-0.707107" y="-0.707107" z="-0" />
                        <colour_diffuse value="1 1 1 1" />
                        <texcoord u="2.89938" v="-0.281655" />
                    </vertex>
                    <vertex>
                        <position x="-112.944" y="106.265" z="-0.687914" />
                        <normal x="-0.707107" y="-0.707107" z="0" />
                        <colour_diffuse value="1 1 1 1" />
                        <texcoord u="2.89938" v="-0.718369" />
                    </vertex>
                    <vertex>
                        <position x="-105.543" y="26.8759" z="0.687914" />
                        <normal x="0" y="0" z="1" />
                        <colour_diffuse value="1 1 1 1" />
                        <texcoord u="0.192326" v="0.335554" />
                    </vertex>
                    <vertex>
                        <position x="-106.516" y="27.8488" z="0.687914" />
                        <normal x="0" y="-0" z="1" />
                        <colour_diffuse value="1 1 1 1" />
                        <texcoord u="0.180272" v="0.311557" />
                    </vertex>
                    <vertex>
                        <position x="-113.221" y="21.144" z="0.687914" />
                        <normal x="0" y="0" z="1" />
                        <colour_diffuse value="1 1 1 1" />
                        <texcoord u="0.0972002" v="0.476942" />
                    </vertex>
                    <vertex>
                        <position x="-112.248" y="20.1711" z="0.687914" />
                        <normal x="0" y="0" z="1" />
                        <colour_diffuse value="1 1 1 1" />
                        <texcoord u="0.109254" v="0.500939" />
                    </vertex>
                    <vertex>
                        <position x="-106.516" y="27.8488" z="0.687914" />
                        <normal x="-0.707107" y="0.707107" z="-0" />
                        <colour_diffuse value="1 1 1 1" />
                        <texcoord u="0.180272" v="-0.281654" />
                    </vertex>
                    <vertex>
                        <position x="-106.516" y="27.8488" z="-0.687914" />
                        <normal x="-0.707107" y="0.707106" z="-0" />
                        <colour_diffuse value="1 1 1 1" />
                        <texcoord u="0.180272" v="-0.718369" />
                    </vertex>
                    <vertex>
                        <position x="-113.221" y="21.144" z="-0.687914" />
                        <normal x="-0.707107" y="0.707107" z="-0" />
                        <colour_diffuse value="1 1 1 1" />
                        <texcoord u="0.0972002" v="-0.718369" />
                    </vertex>
                    <vertex>
                        <position x="-113.221" y="21.144" z="0.687914" />
                        <normal x="-0.707107" y="0.707106" z="-0" />
                        <colour_diffuse value="1 1 1 1" />
                        <texcoord u="0.0972002" v="-0.281655" />
                    </vertex>
                    <vertex>
                        <position x="-106.516" y="27.8488" z="-0.687914" />
                        <normal x="0" y="0" z="-1" />
                        <colour_diffuse value="1 1 1 1" />
                        <texcoord u="2.81973" v="0.311557" />
                    </vertex>
                    <vertex>
                        <position x="-105.543" y="26.8759" z="-0.687914" />
                        <normal x="0" y="0" z="-1" />
                        <colour_diffuse value="1 1 1 1" />
                        <texcoord u="2.80767" v="0.335554" />
                    </vertex>
                    <vertex>
                        <position x="-112.248" y="20.1711" z="-0.687914" />
                        <normal x="0" y="0" z="-1" />
                        <colour_diffuse value="1 1 1 1" />
                        <texcoord u="2.89075" v="0.500939" />
                    </vertex>
                    <vertex>
                        <position x="-113.221" y="21.144" z="-0.687914" />
                        <normal x="-0" y="0" z="-1" />
                        <colour_diffuse value="1 1 1 1" />
                        <texcoord u="2.9028" v="0.476942" />
                    </vertex>
                    <vertex>
                        <position x="-105.543" y="26.8759" z="-0.687914" />
                        <normal x="0.707107" y="-0.707107" z="-0" />
                        <colour_diffuse value="1 1 1 1" />
                        <texcoord u="2.80767" v="-0.718369" />
                    </vertex>
                    <vertex>
                        <position x="-105.543" y="26.8759" z="0.687914" />
                        <normal x="0.707107" y="-0.707106" z="-0" />
                        <colour_diffuse value="1 1 1 1" />
                        <texcoord u="2.80767" v="-0.281654" />
                    </vertex>
                    <vertex>
                        <position x="-112.248" y="20.1711" z="0.687914" />
                        <normal x="0.707107" y="-0.707107" z="-0" />
                        <colour_diffuse value="1 1 1 1" />
                        <texcoord u="2.89075" v="-0.281655" />
                    </vertex>
                    <vertex>
                        <position x="-112.248" y="20.1711" z="-0.687914" />
                        <normal x="0.707107" y="-0.707106" z="-0" />
                        <colour_diffuse value="1 1 1 1" />
                        <texcoord u="2.89075" v="-0.718369" />
                    </vertex>
                    <vertex>
                        <position x="111.965" y="-0.000141102" z="1.13974e-005" />
                        <normal x="-1" y="-3.33617e-008" z="-0" />
                        <colour_diffuse value="1 1 1 1" />
                        <texcoord u="0.112755" v="0.998502" />
                    </vertex>
                    <vertex>
                        <position x="111.965" y="121.499" z="1.67083e-005" />
                        <normal x="-1" y="1.90379e-010" z="5.84091e-007" />
                        <colour_diffuse value="1 1 1 1" />
                        <texcoord u="0.112755" v="-1.9985" />
                    </vertex>
                    <vertex>
                        <position x="115.395" y="121.499" z="-4.72085" />
                        <normal x="-0.309017" y="-1.51611e-008" z="-0.951056" />
                        <colour_diffuse value="1 1 1 1" />
                        <texcoord u="0.0702591" v="-1.9985" />
                    </vertex>
                    <vertex>
                        <position x="115.395" y="-0.000141102" z="-4.72084" />
                        <normal x="-0.309018" y="5.14961e-009" z="-0.951056" />
                        <colour_diffuse value="1 1 1 1" />
                        <texcoord u="0.0702591" v="0.998502" />
                    </vertex>
                    <vertex>
                        <position x="120.945" y="121.499" z="-2.91763" />
                        <normal x="0.809017" y="-2.82973e-008" z="-0.587785" />
                        <colour_diffuse value="1 1 1 1" />
                        <texcoord u="0.00149864" v="-1.9985" />
                    </vertex>
                    <vertex>
                        <position x="120.945" y="-0.000141102" z="-2.91764" />
                        <normal x="0.809017" y="2.53751e-008" z="-0.587785" />
                        <colour_diffuse value="1 1 1 1" />
                        <texcoord u="0.00149864" v="0.998502" />
                    </vertex>
                    <vertex>
                        <position x="120.945" y="-0.000141102" z="-2.91764" />
                        <normal x="0.809017" y="2.53751e-008" z="-0.587785" />
                        <colour_diffuse value="1 1 1 1" />
                        <texcoord u="2.42611" v="0.998502" />
                    </vertex>
                    <vertex>
                        <position x="120.945" y="121.499" z="-2.91763" />
                        <normal x="0.809017" y="-2.82973e-008" z="-0.587785" />
                        <colour_diffuse value="1 1 1 1" />
                        <texcoord u="2.42611" v="-1.9985" />
                    </vertex>
                    <vertex>
                        <position x="120.945" y="121.499" z="2.91767" />
                        <normal x="0.809017" y="-2.53751e-008" z="0.587785" />
                        <colour_diffuse value="1 1 1 1" />
                        <texcoord u="0.573871" v="-1.9985" />
                    </vertex>
                    <vertex>
                        <position x="120.945" y="-0.000141102" z="2.91766" />
                        <normal x="0.809017" y="-2.53751e-008" z="0.587785" />
                        <colour_diffuse value="1 1 1 1" />
                        <texcoord u="0.573872" v="0.998502" />
                    </vertex>
                    <vertex>
                        <position x="120.945" y="-0.000141102" z="2.91766" />
                        <normal x="0.809017" y="-2.53751e-008" z="0.587785" />
                        <colour_diffuse value="1 1 1 1" />
                        <texcoord u="2.9985" v="0.998502" />
                    </vertex>
                    <vertex>
                        <position x="120.945" y="121.499" z="2.91767" />
                        <normal x="0.809017" y="-2.53751e-008" z="0.587785" />
                        <colour_diffuse value="1 1 1 1" />
                        <texcoord u="2.9985" v="-1.9985" />
                    </vertex>
                    <vertex>
                        <position x="115.395" y="121.499" z="4.72087" />
                        <normal x="-0.309018" y="-4.10578e-008" z="0.951056" />
                        <colour_diffuse value="1 1 1 1" />
                        <texcoord u="2.92974" v="-1.9985" />
                    </vertex>
                    <vertex>
                        <position x="115.395" y="-0.000141102" z="4.72086" />
                        <normal x="-0.309018" y="-4.12482e-008" z="0.951056" />
                        <colour_diffuse value="1 1 1 1" />
                        <texcoord u="2.92974" v="0.998502" />
                    </vertex>
                    <vertex>
                        <position x="111.965" y="121.499" z="1.67083e-005" />
                        <normal x="-1" y="1.90379e-010" z="5.84091e-007" />
                        <colour_diffuse value="1 1 1 1" />
                        <texcoord u="2.88724" v="-1.9985" />
                    </vertex>
                    <vertex>
                        <position x="111.965" y="-0.000141102" z="1.13974e-005" />
                        <normal x="-1" y="-3.33617e-008" z="-0" />
                        <colour_diffuse value="1 1 1 1" />
                        <texcoord u="2.88724" v="0.998502" />
                    </vertex>
                    <vertex>
                        <position x="115.395" y="121.499" z="4.72087" />
                        <normal x="0" y="1" z="-0" />
                        <colour_diffuse value="1 1 1 1" />
                        <texcoord u="2.92974" v="0.998501" />
                    </vertex>
                    <vertex>
                        <position x="120.945" y="121.499" z="2.91767" />
                        <normal x="0" y="1" z="0" />
                        <colour_diffuse value="1 1 1 1" />
                        <texcoord u="2.9985" v="0.426129" />
                    </vertex>
                    <vertex>
                        <position x="120.945" y="121.499" z="-2.91763" />
                        <normal x="0" y="1" z="-0" />
                        <colour_diffuse value="1 1 1 1" />
                        <texcoord u="2.9985" v="-1.42611" />
                    </vertex>
                    <vertex>
                        <position x="115.395" y="121.499" z="-4.72085" />
                        <normal x="0" y="1" z="-0" />
                        <colour_diffuse value="1 1 1 1" />
                        <texcoord u="2.92974" v="-1.99848" />
                    </vertex>
                    <vertex>
                        <position x="111.965" y="121.499" z="1.67083e-005" />
                        <normal x="0" y="1" z="0" />
                        <colour_diffuse value="1 1 1 1" />
                        <texcoord u="2.88724" v="-0.49999" />
                    </vertex>
                    <vertex>
                        <position x="106.595" y="99.9162" z="0.687914" />
                        <normal x="0" y="0" z="1" />
                        <colour_diffuse value="1 1 1 1" />
                        <texcoord u="2.82071" v="-1.46612" />
                    </vertex>
                    <vertex>
                        <position x="112.944" y="106.265" z="0.687914" />
                        <normal x="-0" y="0" z="1" />
                        <colour_diffuse value="1 1 1 1" />
                        <texcoord u="2.89938" v="-1.62273" />
                    </vertex>
                    <vertex>
                        <position x="111.972" y="107.238" z="0.687914" />
                        <normal x="0" y="0" z="1" />
                        <colour_diffuse value="1 1 1 1" />
                        <texcoord u="2.88732" v="-1.64673" />
                    </vertex>
                    <vertex>
                        <position x="105.623" y="100.889" z="0.687914" />
                        <normal x="0" y="0" z="1" />
                        <colour_diffuse value="1 1 1 1" />
                        <texcoord u="2.80866" v="-1.49012" />
                    </vertex>
                    <vertex>
                        <position x="105.623" y="100.889" z="0.687914" />
                        <normal x="-0.707107" y="0.707107" z="-0" />
                        <colour_diffuse value="1 1 1 1" />
                        <texcoord u="2.80866" v="-0.281638" />
                    </vertex>
                    <vertex>
                        <position x="111.972" y="107.238" z="0.687914" />
                        <normal x="-0.707107" y="0.707107" z="-0" />
                        <colour_diffuse value="1 1 1 1" />
                        <texcoord u="2.88732" v="-0.281638" />
                    </vertex>
                    <vertex>
                        <position x="111.972" y="107.238" z="-0.687914" />
                        <normal x="-0.707107" y="0.707107" z="-0" />
                        <colour_diffuse value="1 1 1 1" />
                        <texcoord u="2.88732" v="-0.718352" />
                    </vertex>
                    <vertex>
                        <position x="105.623" y="100.889" z="-0.687914" />
                        <normal x="-0.707107" y="0.707107" z="-0" />
                        <colour_diffuse value="1 1 1 1" />
                        <texcoord u="2.80866" v="-0.718353" />
                    </vertex>
                    <vertex>
                        <position x="105.623" y="100.889" z="-0.687914" />
                        <normal x="0" y="0" z="-1" />
                        <colour_diffuse value="1 1 1 1" />
                        <texcoord u="0.191341" v="-1.49012" />
                    </vertex>
                    <vertex>
                        <position x="111.972" y="107.238" z="-0.687914" />
                        <normal x="0" y="0" z="-1" />
                        <colour_diffuse value="1 1 1 1" />
                        <texcoord u="0.112678" v="-1.64673" />
                    </vertex>
                    <vertex>
                        <position x="112.944" y="106.265" z="-0.687914" />
                        <normal x="0" y="0" z="-1" />
                        <colour_diffuse value="1 1 1 1" />
                        <texcoord u="0.100624" v="-1.62273" />
                    </vertex>
                    <vertex>
                        <position x="106.595" y="99.9162" z="-0.687914" />
                        <normal x="0" y="-0" z="-1" />
                        <colour_diffuse value="1 1 1 1" />
                        <texcoord u="0.179288" v="-1.46612" />
                    </vertex>
                    <vertex>
                        <position x="106.595" y="99.9162" z="-0.687914" />
                        <normal x="0.707107" y="-0.707107" z="-0" />
                        <colour_diffuse value="1 1 1 1" />
                        <texcoord u="0.179288" v="-0.718353" />
                    </vertex>
                    <vertex>
                        <position x="112.944" y="106.265" z="-0.687914" />
                        <normal x="0.707107" y="-0.707107" z="-0" />
                        <colour_diffuse value="1 1 1 1" />
                        <texcoord u="0.100624" v="-0.718352" />
                    </vertex>
                    <vertex>
                        <position x="112.944" y="106.265" z="0.687914" />
                        <normal x="0.707107" y="-0.707107" z="-0" />
                        <colour_diffuse value="1 1 1 1" />
                        <texcoord u="0.100624" v="-0.281638" />
                    </vertex>
                    <vertex>
                        <position x="106.595" y="99.9162" z="0.687914" />
                        <normal x="0.707107" y="-0.707107" z="-0" />
                        <colour_diffuse value="1 1 1 1" />
                        <texcoord u="0.179288" v="-0.281638" />
                    </vertex>
                    <vertex>
                        <position x="105.543" y="26.8759" z="0.687914" />
                        <normal x="0" y="0" z="1" />
                        <colour_diffuse value="1 1 1 1" />
                        <texcoord u="2.80767" v="0.335554" />
                    </vertex>
                    <vertex>
                        <position x="112.248" y="20.1711" z="0.687914" />
                        <normal x="0" y="0" z="1" />
                        <colour_diffuse value="1 1 1 1" />
                        <texcoord u="2.89075" v="0.500939" />
                    </vertex>
                    <vertex>
                        <position x="113.221" y="21.144" z="0.687914" />
                        <normal x="0" y="0" z="1" />
                        <colour_diffuse value="1 1 1 1" />
                        <texcoord u="2.9028" v="0.476942" />
                    </vertex>
                    <vertex>
                        <position x="106.516" y="27.8488" z="0.687914" />
                        <normal x="0" y="-0" z="1" />
                        <colour_diffuse value="1 1 1 1" />
                        <texcoord u="2.81973" v="0.311557" />
                    </vertex>
                    <vertex>
                        <position x="106.516" y="27.8488" z="0.687914" />
                        <normal x="0.707107" y="0.707106" z="-0" />
                        <colour_diffuse value="1 1 1 1" />
                        <texcoord u="2.81973" v="-0.281638" />
                    </vertex>
                    <vertex>
                        <position x="113.221" y="21.144" z="0.687914" />
                        <normal x="0.707107" y="0.707106" z="0" />
                        <colour_diffuse value="1 1 1 1" />
                        <texcoord u="2.9028" v="-0.281638" />
                    </vertex>
                    <vertex>
                        <position x="113.221" y="21.144" z="-0.687914" />
                        <normal x="0.707107" y="0.707106" z="-0" />
                        <colour_diffuse value="1 1 1 1" />
                        <texcoord u="2.9028" v="-0.718352" />
                    </vertex>
                    <vertex>
                        <position x="106.516" y="27.8488" z="-0.687914" />
                        <normal x="0.707107" y="0.707106" z="-0" />
                        <colour_diffuse value="1 1 1 1" />
                        <texcoord u="2.81973" v="-0.718353" />
                    </vertex>
                    <vertex>
                        <position x="106.516" y="27.8488" z="-0.687914" />
                        <normal x="0" y="0" z="-1" />
                        <colour_diffuse value="1 1 1 1" />
                        <texcoord u="0.180272" v="0.311557" />
                    </vertex>
                    <vertex>
                        <position x="113.221" y="21.144" z="-0.687914" />
                        <normal x="0" y="0" z="-1" />
                        <colour_diffuse value="1 1 1 1" />
                        <texcoord u="0.0972002" v="0.476942" />
                    </vertex>
                    <vertex>
                        <position x="112.248" y="20.1711" z="-0.687914" />
                        <normal x="0" y="0" z="-1" />
                        <colour_diffuse value="1 1 1 1" />
                        <texcoord u="0.109254" v="0.500939" />
                    </vertex>
                    <vertex>
                        <position x="105.543" y="26.8759" z="-0.687914" />
                        <normal x="-0" y="0" z="-1" />
                        <colour_diffuse value="1 1 1 1" />
                        <texcoord u="0.192326" v="0.335554" />
                    </vertex>
                    <vertex>
                        <position x="105.543" y="26.8759" z="-0.687914" />
                        <normal x="-0.707107" y="-0.707106" z="-0" />
                        <colour_diffuse value="1 1 1 1" />
                        <texcoord u="0.192326" v="-0.718353" />
                    </vertex>
                    <vertex>
                        <position x="112.248" y="20.1711" z="-0.687914" />
                        <normal x="-0.707107" y="-0.707106" z="0" />
                        <colour_diffuse value="1 1 1 1" />
                        <texcoord u="0.109254" v="-0.718352" />
                    </vertex>
                    <vertex>
                        <position x="112.248" y="20.1711" z="0.687914" />
                        <normal x="-0.707107" y="-0.707106" z="-0" />
                        <colour_diffuse value="1 1 1 1" />
                        <texcoord u="0.109254" v="-0.281638" />
                    </vertex>
                    <vertex>
                        <position x="105.543" y="26.8759" z="0.687914" />
                        <normal x="-0.707107" y="-0.707106" z="-0" />
                        <colour_diffuse value="1 1 1 1" />
                        <texcoord u="0.192326" v="-0.281638" />
                    </vertex>
                    <vertex>
                        <position x="118.703" y="109.645" z="-3.17684" />
                        <normal x="0" y="0.309017" z="-0.951056" />
                        <colour_diffuse value="1 1 1 1" />
                        <texcoord u="0.02928" v="-1.7061" />
                    </vertex>
                    <vertex>
                        <position x="-118.703" y="109.645" z="-3.17684" />
                        <normal x="0" y="0.309017" z="-0.951056" />
                        <colour_diffuse value="1 1 1 1" />
                        <texcoord u="2.97072" v="-1.7061" />
                    </vertex>
                    <vertex>
                        <position x="-118.703" y="111.953" z="1.6291e-005" />
                        <normal x="0" y="1" z="-0" />
                        <colour_diffuse value="1 1 1 1" />
                        <texcoord u="2.97072" v="-1.76304" />
                    </vertex>
                    <vertex>
                        <position x="118.703" y="111.953" z="1.6291e-005" />
                        <normal x="0" y="1" z="-0" />
                        <colour_diffuse value="1 1 1 1" />
                        <texcoord u="0.02928" v="-1.76304" />
                    </vertex>
                    <vertex>
                        <position x="118.703" y="105.911" z="-1.96339" />
                        <normal x="0" y="-0.809017" z="-0.587786" />
                        <colour_diffuse value="1 1 1 1" />
                        <texcoord u="0.02928" v="-1.61398" />
                    </vertex>
                    <vertex>
                        <position x="-118.703" y="105.911" z="-1.96339" />
                        <normal x="0" y="-0.809017" z="-0.587786" />
                        <colour_diffuse value="1 1 1 1" />
                        <texcoord u="2.97072" v="-1.61398" />
                    </vertex>
                    <vertex>
                        <position x="118.703" y="105.911" z="1.96342" />
                        <normal x="0" y="-0.809017" z="0.587786" />
                        <colour_diffuse value="1 1 1 1" />
                        <texcoord u="0.0292801" v="0.123234" />
                    </vertex>
                    <vertex>
                        <position x="-118.703" y="105.911" z="1.96342" />
                        <normal x="0" y="-0.809017" z="0.587786" />
                        <colour_diffuse value="1 1 1 1" />
                        <texcoord u="2.97072" v="0.123216" />
                    </vertex>
                    <vertex>
                        <position x="-118.703" y="105.911" z="-1.96339" />
                        <normal x="0" y="-0.809017" z="-0.587786" />
                        <colour_diffuse value="1 1 1 1" />
                        <texcoord u="2.97072" v="-1.12323" />
                    </vertex>
                    <vertex>
                        <position x="118.703" y="105.911" z="-1.96339" />
                        <normal x="0" y="-0.809017" z="-0.587786" />
                        <colour_diffuse value="1 1 1 1" />
                        <texcoord u="0.02928" v="-1.12321" />
                    </vertex>
                    <vertex>
                        <position x="118.703" y="109.645" z="3.17687" />
                        <normal x="0" y="0.309017" z="0.951056" />
                        <colour_diffuse value="1 1 1 1" />
                        <texcoord u="2.97072" v="-1.7061" />
                    </vertex>
                    <vertex>
                        <position x="-118.703" y="109.645" z="3.17687" />
                        <normal x="0" y="0.309017" z="0.951056" />
                        <colour_diffuse value="1 1 1 1" />
                        <texcoord u="0.02928" v="-1.7061" />
                    </vertex>
                    <vertex>
                        <position x="-118.703" y="105.911" z="1.96342" />
                        <normal x="0" y="-0.809017" z="0.587786" />
                        <colour_diffuse value="1 1 1 1" />
                        <texcoord u="0.02928" v="-1.61398" />
                    </vertex>
                    <vertex>
                        <position x="118.703" y="105.911" z="1.96342" />
                        <normal x="0" y="-0.809017" z="0.587786" />
                        <colour_diffuse value="1 1 1 1" />
                        <texcoord u="2.97072" v="-1.61398" />
                    </vertex>
                    <vertex>
                        <position x="118.703" y="111.953" z="1.6291e-005" />
                        <normal x="0" y="1" z="-0" />
                        <colour_diffuse value="1 1 1 1" />
                        <texcoord u="2.97072" v="-1.76304" />
                    </vertex>
                    <vertex>
                        <position x="-118.703" y="111.953" z="1.6291e-005" />
                        <normal x="0" y="1" z="-0" />
                        <colour_diffuse value="1 1 1 1" />
                        <texcoord u="0.02928" v="-1.76304" />
                    </vertex>
                    <vertex>
                        <position x="118.703" y="19.3119" z="-3.17684" />
                        <normal x="0" y="0.309017" z="-0.951056" />
                        <colour_diffuse value="1 1 1 1" />
                        <texcoord u="0.02928" v="0.522134" />
                    </vertex>
                    <vertex>
                        <position x="-118.703" y="19.3119" z="-3.17684" />
                        <normal x="0" y="0.309017" z="-0.951056" />
                        <colour_diffuse value="1 1 1 1" />
                        <texcoord u="2.97072" v="0.522134" />
                    </vertex>
                    <vertex>
                        <position x="-118.703" y="21.62" z="1.23424e-005" />
                        <normal x="0" y="1" z="2.34516e-008" />
                        <colour_diffuse value="1 1 1 1" />
                        <texcoord u="2.97072" v="0.4652" />
                    </vertex>
                    <vertex>
                        <position x="118.703" y="21.62" z="1.23424e-005" />
                        <normal x="0" y="1" z="4.69032e-008" />
                        <colour_diffuse value="1 1 1 1" />
                        <texcoord u="0.02928" v="0.4652" />
                    </vertex>
                    <vertex>
                        <position x="118.703" y="15.5773" z="-1.96339" />
                        <normal x="0" y="-0.809017" z="-0.587786" />
                        <colour_diffuse value="1 1 1 1" />
                        <texcoord u="0.02928" v="0.614255" />
                    </vertex>
                    <vertex>
                        <position x="-118.703" y="15.5773" z="-1.96339" />
                        <normal x="0" y="-0.809017" z="-0.587786" />
                        <colour_diffuse value="1 1 1 1" />
                        <texcoord u="2.97072" v="0.614255" />
                    </vertex>
                    <vertex>
                        <position x="118.703" y="15.5773" z="1.96342" />
                        <normal x="0" y="-0.809017" z="0.587785" />
                        <colour_diffuse value="1 1 1 1" />
                        <texcoord u="0.0292801" v="0.123233" />
                    </vertex>
                    <vertex>
                        <position x="-118.703" y="15.5773" z="1.96342" />
                        <normal x="0" y="-0.809017" z="0.587785" />
                        <colour_diffuse value="1 1 1 1" />
                        <texcoord u="2.97072" v="0.123215" />
                    </vertex>
                    <vertex>
                        <position x="-118.703" y="15.5773" z="-1.96339" />
                        <normal x="0" y="-0.809017" z="-0.587786" />
                        <colour_diffuse value="1 1 1 1" />
                        <texcoord u="2.97072" v="-1.12323" />
                    </vertex>
                    <vertex>
                        <position x="118.703" y="15.5773" z="-1.96339" />
                        <normal x="0" y="-0.809017" z="-0.587786" />
                        <colour_diffuse value="1 1 1 1" />
                        <texcoord u="0.02928" v="-1.12321" />
                    </vertex>
                    <vertex>
                        <position x="118.703" y="19.3119" z="3.17686" />
                        <normal x="0" y="0.309017" z="0.951056" />
                        <colour_diffuse value="1 1 1 1" />
                        <texcoord u="2.97072" v="0.522134" />
                    </vertex>
                    <vertex>
                        <position x="-118.703" y="19.3119" z="3.17686" />
                        <normal x="0" y="0.309017" z="0.951056" />
                        <colour_diffuse value="1 1 1 1" />
                        <texcoord u="0.02928" v="0.522134" />
                    </vertex>
                    <vertex>
                        <position x="-118.703" y="15.5773" z="1.96342" />
                        <normal x="0" y="-0.809017" z="0.587785" />
                        <colour_diffuse value="1 1 1 1" />
                        <texcoord u="0.02928" v="0.614255" />
                    </vertex>
                    <vertex>
                        <position x="118.703" y="15.5773" z="1.96342" />
                        <normal x="0" y="-0.809017" z="0.587785" />
                        <colour_diffuse value="1 1 1 1" />
                        <texcoord u="2.97072" v="0.614255" />
                    </vertex>
                    <vertex>
                        <position x="118.703" y="21.62" z="1.23424e-005" />
                        <normal x="0" y="1" z="4.69032e-008" />
                        <colour_diffuse value="1 1 1 1" />
                        <texcoord u="2.97072" v="0.4652" />
                    </vertex>
                    <vertex>
                        <position x="-118.703" y="21.62" z="1.23424e-005" />
                        <normal x="0" y="1" z="2.34516e-008" />
                        <colour_diffuse value="1 1 1 1" />
                        <texcoord u="0.02928" v="0.4652" />
                    </vertex>
                </vertexbuffer>
            </geometry>
        </submesh>
        <submesh material="barriere_verre/verre" usesharedvertices="false" use32bitindexes="false" operationtype="triangle_list">
            <faces count="12">
                <face v1="0" v2="1" v3="2" />
                <face v1="3" v2="4" v3="5" />
                <face v1="6" v2="7" v3="8" />
                <face v1="8" v2="9" v3="6" />
                <face v1="10" v2="11" v3="12" />
                <face v1="13" v2="14" v3="15" />
                <face v1="16" v2="17" v3="18" />
                <face v1="19" v2="20" v3="21" />
                <face v1="22" v2="23" v3="24" />
                <face v1="24" v2="25" v3="22" />
                <face v1="26" v2="27" v3="28" />
                <face v1="28" v2="29" v3="26" />
            </faces>
            <geometry vertexcount="30">
                <vertexbuffer positions="true" normals="true" colours_diffuse="true" texture_coord_dimensions_0="float2" texture_coords="1">
                    <vertex>
                        <position x="-107.344" y="101.091" z="-0.498185" />
                        <normal x="-1" y="1.02395e-007" z="-7.32673e-005" />
                        <colour_diffuse value="1 1 1 1" />
                        <texcoord u="1" v="0.945754" />
                    </vertex>
                    <vertex>
                        <position x="-107.344" y="26.5746" z="-0.498195" />
                        <normal x="-1" y="1.02395e-007" z="-7.32673e-005" />
                        <colour_diffuse value="1 1 1 1" />
                        <texcoord u="1" v="0.520015" />
                    </vertex>
                    <vertex>
                        <position x="-107.344" y="26.5746" z="0.543115" />
                        <normal x="-1" y="1.02395e-007" z="-7.32673e-005" />
                        <colour_diffuse value="1 1 1 1" />
                        <texcoord u="0" v="0.520015" />
                    </vertex>
                    <vertex>
                        <position x="-107.344" y="26.5746" z="0.543115" />
                        <normal x="-1" y="2.04773e-007" z="-6.59409e-005" />
                        <colour_diffuse value="1 1 1 1" />
                        <texcoord u="0" v="0.520015" />
                    </vertex>
                    <vertex>
                        <position x="-107.344" y="101.091" z="0.543119" />
                        <normal x="-1" y="2.04773e-007" z="-6.59409e-005" />
                        <colour_diffuse value="1 1 1 1" />
                        <texcoord u="0" v="0.945754" />
                    </vertex>
                    <vertex>
                        <position x="-107.344" y="101.091" z="-0.498185" />
                        <normal x="-1" y="2.04773e-007" z="-6.59409e-005" />
                        <colour_diffuse value="1 1 1 1" />
                        <texcoord u="1" v="0.945754" />
                    </vertex>
                    <vertex>
                        <position x="107.344" y="26.5746" z="0.543115" />
                        <normal x="0" y="-5.27922e-008" z="1" />
                        <colour_diffuse value="1 1 1 1" />
                        <texcoord u="0.999501" v="0.449444" />
                    </vertex>
                    <vertex>
                        <position x="107.344" y="101.091" z="0.543119" />
                        <normal x="-0" y="-5.27922e-008" z="1" />
                        <colour_diffuse value="1 1 1 1" />
                        <texcoord u="0.9995" v="0.0194671" />
                    </vertex>
                    <vertex>
                        <position x="-107.344" y="101.091" z="0.543119" />
                        <normal x="0" y="-5.27922e-008" z="1" />
                        <colour_diffuse value="1 1 1 1" />
                        <texcoord u="0.000499606" v="0.0194671" />
                    </vertex>
                    <vertex>
                        <position x="-107.344" y="26.5746" z="0.543115" />
                        <normal x="0" y="-5.27922e-008" z="1" />
                        <colour_diffuse value="1 1 1 1" />
                        <texcoord u="0.000499517" v="0.449444" />
                    </vertex>
                    <vertex>
                        <position x="107.344" y="101.091" z="-0.498185" />
                        <normal x="1" y="2.04773e-007" z="-6.59409e-005" />
                        <colour_diffuse value="1 1 1 1" />
                        <texcoord u="0" v="0.520015" />
                    </vertex>
                    <vertex>
                        <position x="107.344" y="101.091" z="0.543119" />
                        <normal x="1" y="2.04773e-007" z="-6.59409e-005" />
                        <colour_diffuse value="1 1 1 1" />
                        <texcoord u="0" v="0.945754" />
                    </vertex>
                    <vertex>
                        <position x="107.344" y="26.5746" z="0.543115" />
                        <normal x="1" y="2.04773e-007" z="-6.59409e-005" />
                        <colour_diffuse value="1 1 1 1" />
                        <texcoord u="1" v="0.945754" />
                    </vertex>
                    <vertex>
                        <position x="107.344" y="26.5746" z="0.543115" />
                        <normal x="1" y="1.02395e-007" z="-7.32673e-005" />
                        <colour_diffuse value="1 1 1 1" />
                        <texcoord u="1" v="0.945754" />
                    </vertex>
                    <vertex>
                        <position x="107.344" y="26.5746" z="-0.498195" />
                        <normal x="1" y="1.02395e-007" z="-7.32673e-005" />
                        <colour_diffuse value="1 1 1 1" />
                        <texcoord u="1" v="0.520015" />
                    </vertex>
                    <vertex>
                        <position x="107.344" y="101.091" z="-0.498185" />
                        <normal x="1" y="1.02395e-007" z="-7.32673e-005" />
                        <colour_diffuse value="1 1 1 1" />
                        <texcoord u="0" v="0.520015" />
                    </vertex>
                    <vertex>
                        <position x="-107.344" y="26.5746" z="-0.498195" />
                        <normal x="0" y="-1" z="-1.83168e-005" />
                        <colour_diffuse value="1 1 1 1" />
                        <texcoord u="0" v="0.520015" />
                    </vertex>
                    <vertex>
                        <position x="107.344" y="26.5746" z="-0.498195" />
                        <normal x="0" y="-1" z="-1.83168e-005" />
                        <colour_diffuse value="1 1 1 1" />
                        <texcoord u="0" v="0.945754" />
                    </vertex>
                    <vertex>
                        <position x="107.344" y="26.5746" z="0.543115" />
                        <normal x="0" y="-1" z="-1.83168e-005" />
                        <colour_diffuse value="1 1 1 1" />
                        <texcoord u="1" v="0.945754" />
                    </vertex>
                    <vertex>
                        <position x="107.344" y="26.5746" z="0.543115" />
                        <normal x="0" y="-1" z="-1.83168e-005" />
                        <colour_diffuse value="1 1 1 1" />
                        <texcoord u="1" v="0.945754" />
                    </vertex>
                    <vertex>
                        <position x="-107.344" y="26.5746" z="0.543115" />
                        <normal x="0" y="-1" z="-1.83168e-005" />
                        <colour_diffuse value="1 1 1 1" />
                        <texcoord u="1" v="0.520015" />
                    </vertex>
                    <vertex>
                        <position x="-107.344" y="26.5746" z="-0.498195" />
                        <normal x="0" y="-1" z="-1.83168e-005" />
                        <colour_diffuse value="1 1 1 1" />
                        <texcoord u="0" v="0.520015" />
                    </vertex>
                    <vertex>
                        <position x="107.344" y="26.5746" z="-0.498195" />
                        <normal x="0" y="1.30781e-007" z="-1" />
                        <colour_diffuse value="1 1 1 1" />
                        <texcoord u="0.000499874" v="0.449444" />
                    </vertex>
                    <vertex>
                        <position x="-107.344" y="26.5746" z="-0.498195" />
                        <normal x="-0" y="1.30781e-007" z="-1" />
                        <colour_diffuse value="1 1 1 1" />
                        <texcoord u="0.9995" v="0.449444" />
                    </vertex>
                    <vertex>
                        <position x="-107.344" y="101.091" z="-0.498185" />
                        <normal x="0" y="1.30781e-007" z="-1" />
                        <colour_diffuse value="1 1 1 1" />
                        <texcoord u="0.9995" v="0.0194669" />
                    </vertex>
                    <vertex>
                        <position x="107.344" y="101.091" z="-0.498185" />
                        <normal x="0" y="1.30781e-007" z="-1" />
                        <colour_diffuse value="1 1 1 1" />
                        <texcoord u="0.000499904" v="0.0194669" />
                    </vertex>
                    <vertex>
                        <position x="107.344" y="101.091" z="-0.498185" />
                        <normal x="0" y="1" z="7.32677e-006" />
                        <colour_diffuse value="1 1 1 1" />
                        <texcoord u="0" v="0.520015" />
                    </vertex>
                    <vertex>
                        <position x="-107.344" y="101.091" z="-0.498185" />
                        <normal x="0" y="1" z="7.32677e-006" />
                        <colour_diffuse value="1 1 1 1" />
                        <texcoord u="0" v="0.945754" />
                    </vertex>
                    <vertex>
                        <position x="-107.344" y="101.091" z="0.543119" />
                        <normal x="0" y="1" z="7.32677e-006" />
                        <colour_diffuse value="1 1 1 1" />
                        <texcoord u="1" v="0.945754" />
                    </vertex>
                    <vertex>
                        <position x="107.344" y="101.091" z="0.543119" />
                        <normal x="0" y="1" z="7.32677e-006" />
                        <colour_diffuse value="1 1 1 1" />
                        <texcoord u="1" v="0.520015" />
                    </vertex>
                </vertexbuffer>
            </geometry>
        </submesh>
    </submeshes>
    <submeshnames>
        <submeshname name="barriere_verre/metal" index="0" />
        <submeshname name="barriere_verre/verre" index="1" />
    </submeshnames>
</mesh>
