<mesh>
    <submeshes>
        <submesh material="Bone04_mesh_material" usesharedvertices="false" use32bitindexes="false" operationtype="triangle_list">
            <faces count="14">
                <face v1="0" v2="1" v3="2" />
                <face v1="3" v2="2" v3="1" />
                <face v1="4" v2="5" v3="6" />
                <face v1="7" v2="6" v3="5" />
                <face v1="8" v2="9" v3="10" />
                <face v1="11" v2="10" v3="9" />
                <face v1="12" v2="13" v3="14" />
                <face v1="15" v2="14" v3="13" />
                <face v1="16" v2="17" v3="18" />
                <face v1="19" v2="18" v3="17" />
                <face v1="20" v2="21" v3="22" />
                <face v1="23" v2="24" v3="25" />
                <face v1="26" v2="27" v3="28" />
                <face v1="29" v2="30" v3="31" />
            </faces>
            <geometry vertexcount="32">
                <vertexbuffer positions="true" normals="true" colours_diffuse="true">
                    <vertex>
                        <position x="308.573" y="0.5" z="0.49999" />
                        <normal x="1" y="0" z="-0" />
                        <colour_diffuse value="1 1 1 1" />
                    </vertex>
                    <vertex>
                        <position x="308.573" y="-0.5" z="0.49999" />
                        <normal x="1" y="0" z="-0" />
                        <colour_diffuse value="1 1 1 1" />
                    </vertex>
                    <vertex>
                        <position x="308.573" y="0.5" z="-0.50001" />
                        <normal x="1" y="0" z="-0" />
                        <colour_diffuse value="1 1 1 1" />
                    </vertex>
                    <vertex>
                        <position x="308.573" y="-0.5" z="-0.50001" />
                        <normal x="1" y="0" z="-0" />
                        <colour_diffuse value="1 1 1 1" />
                    </vertex>
                    <vertex>
                        <position x="5" y="5" z="-5" />
                        <normal x="0.0148218" y="0" z="-0.99989" />
                        <colour_diffuse value="1 1 1 1" />
                    </vertex>
                    <vertex>
                        <position x="308.573" y="0.5" z="-0.50001" />
                        <normal x="0.0148218" y="0" z="-0.99989" />
                        <colour_diffuse value="1 1 1 1" />
                    </vertex>
                    <vertex>
                        <position x="5" y="-5" z="-5" />
                        <normal x="0.0148218" y="0" z="-0.99989" />
                        <colour_diffuse value="1 1 1 1" />
                    </vertex>
                    <vertex>
                        <position x="308.573" y="-0.5" z="-0.50001" />
                        <normal x="0.0148218" y="0" z="-0.99989" />
                        <colour_diffuse value="1 1 1 1" />
                    </vertex>
                    <vertex>
                        <position x="5" y="5" z="5" />
                        <normal x="0.0148218" y="0.99989" z="-0" />
                        <colour_diffuse value="1 1 1 1" />
                    </vertex>
                    <vertex>
                        <position x="308.573" y="0.5" z="0.49999" />
                        <normal x="0.0148218" y="0.99989" z="-0" />
                        <colour_diffuse value="1 1 1 1" />
                    </vertex>
                    <vertex>
                        <position x="5" y="5" z="-5" />
                        <normal x="0.0148218" y="0.99989" z="-0" />
                        <colour_diffuse value="1 1 1 1" />
                    </vertex>
                    <vertex>
                        <position x="308.573" y="0.5" z="-0.50001" />
                        <normal x="0.0148218" y="0.99989" z="-0" />
                        <colour_diffuse value="1 1 1 1" />
                    </vertex>
                    <vertex>
                        <position x="308.573" y="-0.5" z="0.49999" />
                        <normal x="0.0148218" y="-0.99989" z="-0" />
                        <colour_diffuse value="1 1 1 1" />
                    </vertex>
                    <vertex>
                        <position x="5" y="-5" z="5" />
                        <normal x="0.0148218" y="-0.99989" z="-0" />
                        <colour_diffuse value="1 1 1 1" />
                    </vertex>
                    <vertex>
                        <position x="308.573" y="-0.5" z="-0.50001" />
                        <normal x="0.0148218" y="-0.99989" z="-0" />
                        <colour_diffuse value="1 1 1 1" />
                    </vertex>
                    <vertex>
                        <position x="5" y="-5" z="-5" />
                        <normal x="0.0148218" y="-0.99989" z="-0" />
                        <colour_diffuse value="1 1 1 1" />
                    </vertex>
                    <vertex>
                        <position x="308.573" y="0.5" z="0.49999" />
                        <normal x="0.0148218" y="0" z="0.99989" />
                        <colour_diffuse value="1 1 1 1" />
                    </vertex>
                    <vertex>
                        <position x="5" y="5" z="5" />
                        <normal x="0.0148218" y="0" z="0.99989" />
                        <colour_diffuse value="1 1 1 1" />
                    </vertex>
                    <vertex>
                        <position x="308.573" y="-0.5" z="0.49999" />
                        <normal x="0.0148218" y="0" z="0.99989" />
                        <colour_diffuse value="1 1 1 1" />
                    </vertex>
                    <vertex>
                        <position x="5" y="-5" z="5" />
                        <normal x="0.0148218" y="0" z="0.99989" />
                        <colour_diffuse value="1 1 1 1" />
                    </vertex>
                    <vertex>
                        <position x="0" y="0" z="-0" />
                        <normal x="-0.707107" y="0.707107" z="-0" />
                        <colour_diffuse value="1 1 1 1" />
                    </vertex>
                    <vertex>
                        <position x="5" y="5" z="5" />
                        <normal x="-0.707107" y="0.707107" z="-0" />
                        <colour_diffuse value="1 1 1 1" />
                    </vertex>
                    <vertex>
                        <position x="5" y="5" z="-5" />
                        <normal x="-0.707107" y="0.707107" z="-0" />
                        <colour_diffuse value="1 1 1 1" />
                    </vertex>
                    <vertex>
                        <position x="0" y="0" z="-0" />
                        <normal x="-0.707107" y="0" z="-0.707107" />
                        <colour_diffuse value="1 1 1 1" />
                    </vertex>
                    <vertex>
                        <position x="5" y="5" z="-5" />
                        <normal x="-0.707107" y="0" z="-0.707107" />
                        <colour_diffuse value="1 1 1 1" />
                    </vertex>
                    <vertex>
                        <position x="5" y="-5" z="-5" />
                        <normal x="-0.707107" y="0" z="-0.707107" />
                        <colour_diffuse value="1 1 1 1" />
                    </vertex>
                    <vertex>
                        <position x="0" y="0" z="-0" />
                        <normal x="-0.707107" y="-0.707107" z="0" />
                        <colour_diffuse value="1 1 1 1" />
                    </vertex>
                    <vertex>
                        <position x="5" y="-5" z="-5" />
                        <normal x="-0.707107" y="-0.707107" z="0" />
                        <colour_diffuse value="1 1 1 1" />
                    </vertex>
                    <vertex>
                        <position x="5" y="-5" z="5" />
                        <normal x="-0.707107" y="-0.707107" z="0" />
                        <colour_diffuse value="1 1 1 1" />
                    </vertex>
                    <vertex>
                        <position x="0" y="0" z="-0" />
                        <normal x="-0.707107" y="0" z="0.707107" />
                        <colour_diffuse value="1 1 1 1" />
                    </vertex>
                    <vertex>
                        <position x="5" y="-5" z="5" />
                        <normal x="-0.707107" y="0" z="0.707107" />
                        <colour_diffuse value="1 1 1 1" />
                    </vertex>
                    <vertex>
                        <position x="5" y="5" z="5" />
                        <normal x="-0.707107" y="0" z="0.707107" />
                        <colour_diffuse value="1 1 1 1" />
                    </vertex>
                </vertexbuffer>
            </geometry>
        </submesh>
    </submeshes>
    <submeshnames>
        <submeshname name="Bone04_mesh_material" index="0" />
    </submeshnames>
</mesh>
