<mesh>
    <submeshes>
        <submesh material="cafe_bouteilles_03/cafe_bouteilles_03" usesharedvertices="false" use32bitindexes="false" operationtype="triangle_list">
            <faces count="54">
                <face v1="0" v2="1" v3="2" />
                <face v1="2" v2="3" v3="0" />
                <face v1="1" v2="4" v3="5" />
                <face v1="5" v2="2" v3="1" />
                <face v1="6" v2="7" v3="8" />
                <face v1="8" v2="9" v3="6" />
                <face v1="7" v2="10" v3="11" />
                <face v1="11" v2="8" v3="7" />
                <face v1="10" v2="12" v3="13" />
                <face v1="13" v2="11" v3="10" />
                <face v1="12" v2="14" v3="15" />
                <face v1="15" v2="13" v3="12" />
                <face v1="14" v2="16" v3="17" />
                <face v1="17" v2="15" v3="14" />
                <face v1="16" v2="0" v3="3" />
                <face v1="3" v2="17" v3="16" />
                <face v1="3" v2="2" v3="18" />
                <face v1="18" v2="19" v3="3" />
                <face v1="2" v2="5" v3="20" />
                <face v1="20" v2="18" v3="2" />
                <face v1="9" v2="8" v3="21" />
                <face v1="21" v2="22" v3="9" />
                <face v1="8" v2="11" v3="23" />
                <face v1="23" v2="21" v3="8" />
                <face v1="11" v2="13" v3="24" />
                <face v1="24" v2="23" v3="11" />
                <face v1="13" v2="15" v3="25" />
                <face v1="25" v2="24" v3="13" />
                <face v1="15" v2="17" v3="26" />
                <face v1="26" v2="25" v3="15" />
                <face v1="17" v2="3" v3="19" />
                <face v1="19" v2="26" v3="17" />
                <face v1="19" v2="18" v3="27" />
                <face v1="27" v2="28" v3="19" />
                <face v1="18" v2="20" v3="29" />
                <face v1="29" v2="27" v3="18" />
                <face v1="22" v2="21" v3="30" />
                <face v1="30" v2="31" v3="22" />
                <face v1="21" v2="23" v3="32" />
                <face v1="32" v2="30" v3="21" />
                <face v1="23" v2="24" v3="33" />
                <face v1="33" v2="32" v3="23" />
                <face v1="24" v2="25" v3="34" />
                <face v1="34" v2="33" v3="24" />
                <face v1="25" v2="26" v3="35" />
                <face v1="35" v2="34" v3="25" />
                <face v1="26" v2="19" v3="28" />
                <face v1="28" v2="35" v3="26" />
                <face v1="36" v2="37" v3="38" />
                <face v1="39" v2="40" v3="41" />
                <face v1="41" v2="42" v3="43" />
                <face v1="38" v2="44" v3="45" />
                <face v1="36" v2="38" v3="45" />
                <face v1="46" v2="36" v3="45" />
            </faces>
            <geometry vertexcount="47">
                <vertexbuffer positions="true" normals="true" colours_diffuse="true" texture_coord_dimensions_0="float2" texture_coords="1">
                    <vertex>
                        <position x="2.74146" y="0.000473022" z="5.26685" />
                        <normal x="0.527242" y="0" z="0.849715" />
                        <colour_diffuse value="0.215686 0.588235 0.643137 1" />
                        <texcoord u="0.370293" v="0.995755" />
                    </vertex>
                    <vertex>
                        <position x="5.29578" y="0.000473022" z="1.5741" />
                        <normal x="0.970495" y="0" z="0.241123" />
                        <colour_diffuse value="0.215686 0.588235 0.643137 1" />
                        <texcoord u="0.432009" v="0.995755" />
                    </vertex>
                    <vertex>
                        <position x="5.29578" y="24.2083" z="1.5741" />
                        <normal x="0.93345" y="0.271915" z="0.233952" />
                        <colour_diffuse value="0.215686 0.588235 0.643137 1" />
                        <texcoord u="0.432009" v="0.663221" />
                    </vertex>
                    <vertex>
                        <position x="2.74146" y="24.2083" z="5.26685" />
                        <normal x="0.502449" y="0.283873" z="0.816677" />
                        <colour_diffuse value="0.215686 0.588235 0.643137 1" />
                        <texcoord u="0.370293" v="0.663221" />
                    </vertex>
                    <vertex>
                        <position x="4.74817" y="0.000473022" z="-3.04126" />
                        <normal x="0.881441" y="0" z="-0.472294" />
                        <colour_diffuse value="0.215686 0.588235 0.643137 1" />
                        <texcoord u="0.493725" v="0.995755" />
                    </vertex>
                    <vertex>
                        <position x="4.74817" y="24.2083" z="-3.04126" />
                        <normal x="0.845784" y="0.275114" z="-0.457123" />
                        <colour_diffuse value="0.215686 0.588235 0.643137 1" />
                        <texcoord u="0.493725" v="0.663221" />
                    </vertex>
                    <vertex>
                        <position x="4.74817" y="0.000473022" z="-3.04126" />
                        <normal x="0.881441" y="0" z="-0.472294" />
                        <colour_diffuse value="0.215686 0.588235 0.643137 1" />
                        <texcoord u="3.01028e-008" v="0.995755" />
                    </vertex>
                    <vertex>
                        <position x="1.41895" y="0.000473022" z="-5.87463" />
                        <normal x="0.276384" y="0" z="-0.961047" />
                        <colour_diffuse value="0.215686 0.588235 0.643137 1" />
                        <texcoord u="0.0617156" v="0.995755" />
                    </vertex>
                    <vertex>
                        <position x="1.41895" y="24.2083" z="-5.87463" />
                        <normal x="0.262688" y="0.287002" z="-0.921208" />
                        <colour_diffuse value="0.215686 0.588235 0.643137 1" />
                        <texcoord u="0.0617156" v="0.663221" />
                    </vertex>
                    <vertex>
                        <position x="4.74817" y="24.2083" z="-3.04126" />
                        <normal x="0.845784" y="0.275114" z="-0.457123" />
                        <colour_diffuse value="0.215686 0.588235 0.643137 1" />
                        <texcoord u="3.01028e-008" v="0.663221" />
                    </vertex>
                    <vertex>
                        <position x="-2.74182" y="0.000473022" z="-5.26685" />
                        <normal x="-0.527271" y="0" z="-0.849697" />
                        <colour_diffuse value="0.215686 0.588235 0.643137 1" />
                        <texcoord u="0.123431" v="0.995755" />
                    </vertex>
                    <vertex>
                        <position x="-2.74182" y="24.2083" z="-5.26685" />
                        <normal x="-0.502471" y="0.28386" z="-0.816668" />
                        <colour_diffuse value="0.215686 0.588235 0.643137 1" />
                        <texcoord u="0.123431" v="0.663221" />
                    </vertex>
                    <vertex>
                        <position x="-5.29578" y="0.000473022" z="-1.5741" />
                        <normal x="-0.970495" y="0" z="-0.241119" />
                        <colour_diffuse value="0.215686 0.588235 0.643137 1" />
                        <texcoord u="0.185147" v="0.995755" />
                    </vertex>
                    <vertex>
                        <position x="-5.29578" y="24.2083" z="-1.5741" />
                        <normal x="-0.933458" y="0.2719" z="-0.233936" />
                        <colour_diffuse value="0.215686 0.588235 0.643137 1" />
                        <texcoord u="0.185147" v="0.663221" />
                    </vertex>
                    <vertex>
                        <position x="-4.74854" y="0.000473022" z="3.04053" />
                        <normal x="-0.881485" y="0" z="0.472212" />
                        <colour_diffuse value="0.215686 0.588235 0.643137 1" />
                        <texcoord u="0.246862" v="0.995755" />
                    </vertex>
                    <vertex>
                        <position x="-4.74854" y="24.2083" z="3.04053" />
                        <normal x="-0.845823" y="0.27513" z="0.457042" />
                        <colour_diffuse value="0.215686 0.588235 0.643137 1" />
                        <texcoord u="0.246862" v="0.663221" />
                    </vertex>
                    <vertex>
                        <position x="-1.41931" y="0.000473022" z="5.87463" />
                        <normal x="-0.276446" y="0" z="0.96103" />
                        <colour_diffuse value="0.215686 0.588235 0.643137 1" />
                        <texcoord u="0.308578" v="0.995755" />
                    </vertex>
                    <vertex>
                        <position x="-1.41931" y="24.2083" z="5.87463" />
                        <normal x="-0.26275" y="0.287016" z="0.921186" />
                        <colour_diffuse value="0.215686 0.588235 0.643137 1" />
                        <texcoord u="0.308578" v="0.663221" />
                    </vertex>
                    <vertex>
                        <position x="1.71912" y="29.8352" z="0.51062" />
                        <normal x="0.924063" y="0.308002" z="0.226369" />
                        <colour_diffuse value="0.215686 0.588235 0.643137 1" />
                        <texcoord u="0.432009" v="0.60422" />
                    </vertex>
                    <vertex>
                        <position x="0.889771" y="29.8352" z="1.70984" />
                        <normal x="0.503574" y="0.328763" z="0.798954" />
                        <colour_diffuse value="0.215686 0.588235 0.643137 1" />
                        <texcoord u="0.370293" v="0.60422" />
                    </vertex>
                    <vertex>
                        <position x="1.54175" y="29.8352" z="-0.987793" />
                        <normal x="0.839872" y="0.313186" z="-0.443317" />
                        <colour_diffuse value="0.215686 0.588235 0.643137 1" />
                        <texcoord u="0.493725" v="0.60422" />
                    </vertex>
                    <vertex>
                        <position x="0.460449" y="29.8352" z="-1.90796" />
                        <normal x="0.263902" y="0.335066" z="-0.904481" />
                        <colour_diffuse value="0.215686 0.588235 0.643137 1" />
                        <texcoord u="0.0617156" v="0.60422" />
                    </vertex>
                    <vertex>
                        <position x="1.54175" y="29.8352" z="-0.987793" />
                        <normal x="0.839872" y="0.313186" z="-0.443317" />
                        <colour_diffuse value="0.215686 0.588235 0.643137 1" />
                        <texcoord u="3.01028e-008" v="0.60422" />
                    </vertex>
                    <vertex>
                        <position x="-0.890137" y="29.8352" z="-1.70984" />
                        <normal x="-0.503643" y="0.328684" z="-0.798943" />
                        <colour_diffuse value="0.215686 0.588235 0.643137 1" />
                        <texcoord u="0.123431" v="0.60422" />
                    </vertex>
                    <vertex>
                        <position x="-1.71948" y="29.8352" z="-0.511353" />
                        <normal x="-0.924059" y="0.308017" z="-0.226363" />
                        <colour_diffuse value="0.215686 0.588235 0.643137 1" />
                        <texcoord u="0.185147" v="0.60422" />
                    </vertex>
                    <vertex>
                        <position x="-1.54175" y="29.8352" z="0.987061" />
                        <normal x="-0.839874" y="0.313162" z="0.443331" />
                        <colour_diffuse value="0.215686 0.588235 0.643137 1" />
                        <texcoord u="0.246862" v="0.60422" />
                    </vertex>
                    <vertex>
                        <position x="-0.460815" y="29.8352" z="1.90723" />
                        <normal x="-0.264244" y="0.335098" z="0.90437" />
                        <colour_diffuse value="0.215686 0.588235 0.643137 1" />
                        <texcoord u="0.308578" v="0.60422" />
                    </vertex>
                    <vertex>
                        <position x="1.71912" y="37.7256" z="0.51062" />
                        <normal x="0.970473" y="0" z="0.24121" />
                        <colour_diffuse value="0.215686 0.588235 0.643137 1" />
                        <texcoord u="0.432009" v="0.50203" />
                    </vertex>
                    <vertex>
                        <position x="0.889771" y="37.7256" z="1.70984" />
                        <normal x="0.527314" y="0" z="0.849671" />
                        <colour_diffuse value="0.215686 0.588235 0.643137 1" />
                        <texcoord u="0.370293" v="0.50203" />
                    </vertex>
                    <vertex>
                        <position x="1.54175" y="37.7256" z="-0.987793" />
                        <normal x="0.881495" y="0" z="-0.472193" />
                        <colour_diffuse value="0.215686 0.588235 0.643137 1" />
                        <texcoord u="0.493725" v="0.50203" />
                    </vertex>
                    <vertex>
                        <position x="0.460449" y="37.7256" z="-1.90796" />
                        <normal x="0.276073" y="0" z="-0.961137" />
                        <colour_diffuse value="0.215686 0.588235 0.643137 1" />
                        <texcoord u="0.0617156" v="0.50203" />
                    </vertex>
                    <vertex>
                        <position x="1.54175" y="37.7256" z="-0.987793" />
                        <normal x="0.881495" y="0" z="-0.472193" />
                        <colour_diffuse value="0.215686 0.588235 0.643137 1" />
                        <texcoord u="3.01028e-008" v="0.50203" />
                    </vertex>
                    <vertex>
                        <position x="-0.890137" y="37.7256" z="-1.70984" />
                        <normal x="-0.527418" y="0" z="-0.849606" />
                        <colour_diffuse value="0.215686 0.588235 0.643137 1" />
                        <texcoord u="0.123431" v="0.50203" />
                    </vertex>
                    <vertex>
                        <position x="-1.71948" y="37.7256" z="-0.511353" />
                        <normal x="-0.970468" y="0" z="-0.241232" />
                        <colour_diffuse value="0.215686 0.588235 0.643137 1" />
                        <texcoord u="0.185147" v="0.50203" />
                    </vertex>
                    <vertex>
                        <position x="-1.54175" y="37.7256" z="0.987061" />
                        <normal x="-0.881478" y="0" z="0.472226" />
                        <colour_diffuse value="0.215686 0.588235 0.643137 1" />
                        <texcoord u="0.246862" v="0.50203" />
                    </vertex>
                    <vertex>
                        <position x="-0.460815" y="37.7256" z="1.90723" />
                        <normal x="-0.276408" y="0" z="0.96104" />
                        <colour_diffuse value="0.215686 0.588235 0.643137 1" />
                        <texcoord u="0.308578" v="0.50203" />
                    </vertex>
                    <vertex>
                        <position x="-1.41931" y="0.000473022" z="5.87463" />
                        <normal x="0" y="-1" z="-0" />
                        <colour_diffuse value="0.215686 0.588235 0.643137 1" />
                        <texcoord u="0.308578" v="0.995755" />
                    </vertex>
                    <vertex>
                        <position x="-4.74854" y="0.000473022" z="3.04053" />
                        <normal x="0" y="-1" z="-0" />
                        <colour_diffuse value="0.215686 0.588235 0.643137 1" />
                        <texcoord u="0.246862" v="0.995755" />
                    </vertex>
                    <vertex>
                        <position x="-5.29578" y="0.000473022" z="-1.5741" />
                        <normal x="0" y="-1" z="-0" />
                        <colour_diffuse value="0.215686 0.588235 0.643137 1" />
                        <texcoord u="0.185147" v="0.995755" />
                    </vertex>
                    <vertex>
                        <position x="-5.29578" y="0.000473022" z="-1.5741" />
                        <normal x="0" y="-1" z="0" />
                        <colour_diffuse value="0.215686 0.588235 0.643137 1" />
                        <texcoord u="0.185147" v="0.995755" />
                    </vertex>
                    <vertex>
                        <position x="-2.74182" y="0.000473022" z="-5.26685" />
                        <normal x="0" y="-1" z="0" />
                        <colour_diffuse value="0.215686 0.588235 0.643137 1" />
                        <texcoord u="0.123431" v="0.995755" />
                    </vertex>
                    <vertex>
                        <position x="1.41895" y="0.000473022" z="-5.87463" />
                        <normal x="0" y="-1" z="0" />
                        <colour_diffuse value="0.215686 0.588235 0.643137 1" />
                        <texcoord u="0.0617156" v="0.995755" />
                    </vertex>
                    <vertex>
                        <position x="4.74817" y="0.000473022" z="-3.04126" />
                        <normal x="-0" y="-1" z="0" />
                        <colour_diffuse value="0.215686 0.588235 0.643137 1" />
                        <texcoord u="3.01028e-008" v="0.995755" />
                    </vertex>
                    <vertex>
                        <position x="5.29578" y="0.000473022" z="1.5741" />
                        <normal x="-0" y="-1" z="0" />
                        <colour_diffuse value="0.215686 0.588235 0.643137 1" />
                        <texcoord u="0.432009" v="0.995755" />
                    </vertex>
                    <vertex>
                        <position x="1.41895" y="0.000473022" z="-5.87463" />
                        <normal x="0" y="-1" z="0" />
                        <colour_diffuse value="0.215686 0.588235 0.643137 1" />
                        <texcoord u="0.0617156" v="0.995755" />
                    </vertex>
                    <vertex>
                        <position x="5.29578" y="0.000473022" z="1.5741" />
                        <normal x="0" y="-1" z="0" />
                        <colour_diffuse value="0.215686 0.588235 0.643137 1" />
                        <texcoord u="0.432009" v="0.995755" />
                    </vertex>
                    <vertex>
                        <position x="2.74146" y="0.000473022" z="5.26685" />
                        <normal x="0" y="-1" z="-0" />
                        <colour_diffuse value="0.215686 0.588235 0.643137 1" />
                        <texcoord u="0.370293" v="0.995755" />
                    </vertex>
                </vertexbuffer>
            </geometry>
        </submesh>
    </submeshes>
    <submeshnames>
        <submeshname name="cafe_bouteilles_03/cafe_bouteilles_03" index="0" />
    </submeshnames>
</mesh>
