<mesh>
    <submeshes>
        <submesh material="cabine_essayage_fermee/metal" usesharedvertices="false" use32bitindexes="false" operationtype="triangle_list">
            <faces count="72">
                <face v1="0" v2="1" v3="2" />
                <face v1="2" v2="3" v3="0" />
                <face v1="1" v2="4" v3="5" />
                <face v1="5" v2="2" v3="1" />
                <face v1="6" v2="7" v3="8" />
                <face v1="8" v2="9" v3="6" />
                <face v1="7" v2="10" v3="11" />
                <face v1="11" v2="8" v3="7" />
                <face v1="10" v2="12" v3="13" />
                <face v1="13" v2="11" v3="10" />
                <face v1="12" v2="0" v3="3" />
                <face v1="3" v2="13" v3="12" />
                <face v1="14" v2="15" v3="16" />
                <face v1="16" v2="17" v3="14" />
                <face v1="18" v2="19" v3="20" />
                <face v1="20" v2="21" v3="18" />
                <face v1="22" v2="23" v3="24" />
                <face v1="24" v2="25" v3="22" />
                <face v1="26" v2="27" v3="28" />
                <face v1="28" v2="29" v3="26" />
                <face v1="30" v2="31" v3="32" />
                <face v1="32" v2="33" v3="30" />
                <face v1="34" v2="35" v3="36" />
                <face v1="36" v2="37" v3="34" />
                <face v1="38" v2="39" v3="40" />
                <face v1="40" v2="41" v3="38" />
                <face v1="42" v2="43" v3="44" />
                <face v1="44" v2="45" v3="42" />
                <face v1="46" v2="47" v3="48" />
                <face v1="48" v2="49" v3="46" />
                <face v1="50" v2="51" v3="52" />
                <face v1="52" v2="53" v3="50" />
                <face v1="54" v2="55" v3="56" />
                <face v1="56" v2="57" v3="54" />
                <face v1="58" v2="59" v3="60" />
                <face v1="60" v2="61" v3="58" />
                <face v1="62" v2="63" v3="64" />
                <face v1="64" v2="65" v3="62" />
                <face v1="66" v2="67" v3="68" />
                <face v1="68" v2="69" v3="66" />
                <face v1="70" v2="71" v3="72" />
                <face v1="72" v2="73" v3="70" />
                <face v1="74" v2="75" v3="76" />
                <face v1="76" v2="77" v3="74" />
                <face v1="78" v2="79" v3="80" />
                <face v1="80" v2="81" v3="78" />
                <face v1="82" v2="83" v3="84" />
                <face v1="84" v2="85" v3="82" />
                <face v1="86" v2="87" v3="88" />
                <face v1="88" v2="89" v3="86" />
                <face v1="90" v2="91" v3="92" />
                <face v1="92" v2="93" v3="90" />
                <face v1="94" v2="95" v3="96" />
                <face v1="96" v2="97" v3="94" />
                <face v1="98" v2="99" v3="100" />
                <face v1="100" v2="101" v3="98" />
                <face v1="102" v2="103" v3="104" />
                <face v1="104" v2="105" v3="102" />
                <face v1="106" v2="107" v3="108" />
                <face v1="108" v2="109" v3="106" />
                <face v1="110" v2="111" v3="112" />
                <face v1="112" v2="113" v3="110" />
                <face v1="114" v2="115" v3="116" />
                <face v1="116" v2="117" v3="114" />
                <face v1="118" v2="119" v3="120" />
                <face v1="120" v2="121" v3="118" />
                <face v1="122" v2="123" v3="124" />
                <face v1="124" v2="125" v3="122" />
                <face v1="126" v2="127" v3="128" />
                <face v1="128" v2="129" v3="126" />
                <face v1="130" v2="131" v3="132" />
                <face v1="132" v2="133" v3="130" />
            </faces>
            <geometry vertexcount="134">
                <vertexbuffer positions="true" normals="true" colours_diffuse="true" texture_coord_dimensions_0="float2" texture_coords="1">
                    <vertex>
                        <position x="-55.9372" y="218.533" z="43.5478" />
                        <normal x="-1.01811e-007" y="-4.1844e-006" z="-1" />
                        <colour_diffuse value="1 1 1 1" />
                        <texcoord u="0.75" v="1" />
                    </vertex>
                    <vertex>
                        <position x="-55.9372" y="220.102" z="44.4533" />
                        <normal x="5.21607e-008" y="0.866025" z="-0.500001" />
                        <colour_diffuse value="1 1 1 1" />
                        <texcoord u="0.916667" v="1" />
                    </vertex>
                    <vertex>
                        <position x="51.1372" y="220.102" z="44.4533" />
                        <normal x="1.14659e-008" y="0.866026" z="-0.5" />
                        <colour_diffuse value="1 1 1 1" />
                        <texcoord u="0.916667" v="0" />
                    </vertex>
                    <vertex>
                        <position x="51.1372" y="218.533" z="43.5478" />
                        <normal x="-1.42506e-007" y="-2.12506e-006" z="-1" />
                        <colour_diffuse value="1 1 1 1" />
                        <texcoord u="0.75" v="0" />
                    </vertex>
                    <vertex>
                        <position x="-55.9372" y="220.102" z="46.2645" />
                        <normal x="1.53973e-007" y="0.866024" z="0.500002" />
                        <colour_diffuse value="1 1 1 1" />
                        <texcoord u="1.08333" v="1" />
                    </vertex>
                    <vertex>
                        <position x="51.1372" y="220.102" z="46.2645" />
                        <normal x="1.94667e-007" y="0.866025" z="0.5" />
                        <colour_diffuse value="1 1 1 1" />
                        <texcoord u="1.08333" v="0" />
                    </vertex>
                    <vertex>
                        <position x="-55.9372" y="220.102" z="46.2645" />
                        <normal x="1.53973e-007" y="0.866024" z="0.500002" />
                        <colour_diffuse value="1 1 1 1" />
                        <texcoord u="0.0833334" v="1" />
                    </vertex>
                    <vertex>
                        <position x="-55.9372" y="218.533" z="47.1701" />
                        <normal x="1.42506e-007" y="-4.22616e-006" z="1" />
                        <colour_diffuse value="1 1 1 1" />
                        <texcoord u="0.25" v="1" />
                    </vertex>
                    <vertex>
                        <position x="51.1372" y="218.533" z="47.17" />
                        <normal x="1.83202e-007" y="-2.10315e-006" z="1" />
                        <colour_diffuse value="1 1 1 1" />
                        <texcoord u="0.25" v="0" />
                    </vertex>
                    <vertex>
                        <position x="51.1372" y="220.102" z="46.2645" />
                        <normal x="1.94667e-007" y="0.866025" z="0.5" />
                        <colour_diffuse value="1 1 1 1" />
                        <texcoord u="0.0833334" v="0" />
                    </vertex>
                    <vertex>
                        <position x="-55.9372" y="216.965" z="46.2645" />
                        <normal x="7.1253e-008" y="-0.866026" z="0.499998" />
                        <colour_diffuse value="1 1 1 1" />
                        <texcoord u="0.416667" v="1" />
                    </vertex>
                    <vertex>
                        <position x="51.1372" y="216.965" z="46.2645" />
                        <normal x="7.1253e-008" y="-0.866026" z="0.499998" />
                        <colour_diffuse value="1 1 1 1" />
                        <texcoord u="0.416667" v="0" />
                    </vertex>
                    <vertex>
                        <position x="-55.9372" y="216.965" z="44.4533" />
                        <normal x="-7.12529e-008" y="-0.866027" z="-0.499998" />
                        <colour_diffuse value="1 1 1 1" />
                        <texcoord u="0.583333" v="1" />
                    </vertex>
                    <vertex>
                        <position x="51.1372" y="216.965" z="44.4533" />
                        <normal x="-7.12529e-008" y="-0.866027" z="-0.499998" />
                        <colour_diffuse value="1 1 1 1" />
                        <texcoord u="0.583333" v="0" />
                    </vertex>
                    <vertex>
                        <position x="48.0853" y="32.0866" z="34.7485" />
                        <normal x="-0.655826" y="-0.754912" z="-0" />
                        <colour_diffuse value="1 1 1 1" />
                        <texcoord u="-0.52511" v="0.725712" />
                    </vertex>
                    <vertex>
                        <position x="13.935" y="61.7545" z="34.7486" />
                        <normal x="-0.655826" y="-0.754912" z="-0" />
                        <colour_diffuse value="1 1 1 1" />
                        <texcoord u="0.0251097" v="0.274289" />
                    </vertex>
                    <vertex>
                        <position x="13.935" y="61.7545" z="29.3155" />
                        <normal x="-0.655826" y="-0.754912" z="-0" />
                        <colour_diffuse value="1 1 1 1" />
                        <texcoord u="-0.0251098" v="0.274288" />
                    </vertex>
                    <vertex>
                        <position x="48.0853" y="32.0866" z="29.3155" />
                        <normal x="-0.655826" y="-0.754912" z="0" />
                        <colour_diffuse value="1 1 1 1" />
                        <texcoord u="-0.47489" v="0.725712" />
                    </vertex>
                    <vertex>
                        <position x="48.0853" y="46.4494" z="34.7485" />
                        <normal x="0.649237" y="0.760586" z="-0" />
                        <colour_diffuse value="1 1 1 1" />
                        <texcoord u="1.47489" v="0.508672" />
                    </vertex>
                    <vertex>
                        <position x="48.0853" y="46.4494" z="29.3155" />
                        <normal x="0.649238" y="0.760586" z="-0" />
                        <colour_diffuse value="1 1 1 1" />
                        <texcoord u="0.52511" v="0.508672" />
                    </vertex>
                    <vertex>
                        <position x="30.1665" y="61.7449" z="29.3155" />
                        <normal x="0.649237" y="0.760586" z="-0" />
                        <colour_diffuse value="1 1 1 1" />
                        <texcoord u="0.797925" v="0.0603437" />
                    </vertex>
                    <vertex>
                        <position x="30.1665" y="61.7449" z="34.7485" />
                        <normal x="0.649237" y="0.760586" z="0" />
                        <colour_diffuse value="1 1 1 1" />
                        <texcoord u="1.20207" v="0.0603439" />
                    </vertex>
                    <vertex>
                        <position x="48.0853" y="32.0866" z="34.7485" />
                        <normal x="1" y="0" z="-0" />
                        <colour_diffuse value="1 1 1 1" />
                        <texcoord u="0.47489" v="0.725712" />
                    </vertex>
                    <vertex>
                        <position x="48.0853" y="32.0866" z="29.3155" />
                        <normal x="1" y="-0" z="-0" />
                        <colour_diffuse value="1 1 1 1" />
                        <texcoord u="0.52511" v="0.725712" />
                    </vertex>
                    <vertex>
                        <position x="48.0853" y="46.4494" z="29.3155" />
                        <normal x="1" y="0" z="-0" />
                        <colour_diffuse value="1 1 1 1" />
                        <texcoord u="0.52511" v="0.508672" />
                    </vertex>
                    <vertex>
                        <position x="48.0853" y="46.4494" z="34.7485" />
                        <normal x="1" y="0" z="0" />
                        <colour_diffuse value="1 1 1 1" />
                        <texcoord u="0.47489" v="0.508672" />
                    </vertex>
                    <vertex>
                        <position x="48.0853" y="32.0866" z="29.3155" />
                        <normal x="-2.02819e-007" y="7.0394e-008" z="-1" />
                        <colour_diffuse value="1 1 1 1" />
                        <texcoord u="0.52511" v="0.725712" />
                    </vertex>
                    <vertex>
                        <position x="13.935" y="61.7545" z="29.3155" />
                        <normal x="1.13851e-010" y="1.93001e-007" z="-1" />
                        <colour_diffuse value="1 1 1 1" />
                        <texcoord u="0.97489" v="0.274288" />
                    </vertex>
                    <vertex>
                        <position x="30.1665" y="61.7449" z="29.3155" />
                        <normal x="-4.19522e-008" y="1.67586e-007" z="-1" />
                        <colour_diffuse value="1 1 1 1" />
                        <texcoord u="0.797925" v="0.0603437" />
                    </vertex>
                    <vertex>
                        <position x="48.0853" y="46.4494" z="29.3155" />
                        <normal x="-3.19332e-007" y="0" z="-1" />
                        <colour_diffuse value="1 1 1 1" />
                        <texcoord u="0.52511" v="0.508672" />
                    </vertex>
                    <vertex>
                        <position x="13.935" y="61.7545" z="29.3155" />
                        <normal x="0.000589896" y="1" z="-0" />
                        <colour_diffuse value="1 1 1 1" />
                        <texcoord u="0.97489" v="0.274288" />
                    </vertex>
                    <vertex>
                        <position x="13.935" y="61.7545" z="34.7486" />
                        <normal x="0.000589896" y="1" z="0" />
                        <colour_diffuse value="1 1 1 1" />
                        <texcoord u="1.02511" v="0.274289" />
                    </vertex>
                    <vertex>
                        <position x="30.1665" y="61.7449" z="34.7485" />
                        <normal x="0.000589896" y="1" z="-0" />
                        <colour_diffuse value="1 1 1 1" />
                        <texcoord u="1.20207" v="0.0603439" />
                    </vertex>
                    <vertex>
                        <position x="30.1665" y="61.7449" z="29.3155" />
                        <normal x="0.000589896" y="1" z="-0" />
                        <colour_diffuse value="1 1 1 1" />
                        <texcoord u="0.797925" v="0.0603437" />
                    </vertex>
                    <vertex>
                        <position x="30.1665" y="61.7449" z="34.7485" />
                        <normal x="2.04143e-007" y="1.23338e-007" z="1" />
                        <colour_diffuse value="1 1 1 1" />
                        <texcoord u="0.202075" v="0.0603439" />
                    </vertex>
                    <vertex>
                        <position x="13.935" y="61.7545" z="34.7486" />
                        <normal x="2.35102e-007" y="1.42043e-007" z="1" />
                        <colour_diffuse value="1 1 1 1" />
                        <texcoord u="0.0251097" v="0.274289" />
                    </vertex>
                    <vertex>
                        <position x="48.0853" y="32.0866" z="34.7485" />
                        <normal x="8.57495e-008" y="5.18077e-008" z="1" />
                        <colour_diffuse value="1 1 1 1" />
                        <texcoord u="0.47489" v="0.725712" />
                    </vertex>
                    <vertex>
                        <position x="48.0853" y="46.4494" z="34.7485" />
                        <normal x="-0" y="-0" z="1" />
                        <colour_diffuse value="1 1 1 1" />
                        <texcoord u="0.47489" v="0.508672" />
                    </vertex>
                    <vertex>
                        <position x="-55.1594" y="24.0415" z="41.0167" />
                        <normal x="6.35327e-007" y="0" z="-1" />
                        <colour_diffuse value="1 1 1 1" />
                        <texcoord u="0" v="1" />
                    </vertex>
                    <vertex>
                        <position x="-52.3791" y="24.0415" z="42.6219" />
                        <normal x="0.866025" y="0" z="-0.5" />
                        <colour_diffuse value="1 1 1 1" />
                        <texcoord u="0.77" v="1" />
                    </vertex>
                    <vertex>
                        <position x="-52.3791" y="-0.395775" z="42.6219" />
                        <normal x="0.866025" y="0" z="-0.5" />
                        <colour_diffuse value="1 1 1 1" />
                        <texcoord u="0.77" v="1.28" />
                    </vertex>
                    <vertex>
                        <position x="-55.1594" y="-0.395775" z="41.0167" />
                        <normal x="3.72433e-007" y="-4.13152e-008" z="-1" />
                        <colour_diffuse value="1 1 1 1" />
                        <texcoord u="0" v="1.28" />
                    </vertex>
                    <vertex>
                        <position x="-52.3791" y="24.0415" z="42.6219" />
                        <normal x="0.866025" y="0" z="-0.5" />
                        <colour_diffuse value="1 1 1 1" />
                        <texcoord u="0" v="1" />
                    </vertex>
                    <vertex>
                        <position x="-52.3791" y="24.0415" z="45.8324" />
                        <normal x="0.866025" y="0" z="0.5" />
                        <colour_diffuse value="1 1 1 1" />
                        <texcoord u="0.77" v="1" />
                    </vertex>
                    <vertex>
                        <position x="-52.3791" y="-0.395775" z="45.8324" />
                        <normal x="0.866025" y="0" z="0.5" />
                        <colour_diffuse value="1 1 1 1" />
                        <texcoord u="0.77" v="1.28" />
                    </vertex>
                    <vertex>
                        <position x="-52.3791" y="-0.395775" z="42.6219" />
                        <normal x="0.866025" y="0" z="-0.5" />
                        <colour_diffuse value="1 1 1 1" />
                        <texcoord u="0" v="1.28" />
                    </vertex>
                    <vertex>
                        <position x="-52.3791" y="24.0415" z="45.8324" />
                        <normal x="0.866025" y="0" z="0.5" />
                        <colour_diffuse value="1 1 1 1" />
                        <texcoord u="0" v="1" />
                    </vertex>
                    <vertex>
                        <position x="-55.1594" y="24.0415" z="47.4376" />
                        <normal x="6.2985e-008" y="-4.13153e-008" z="1" />
                        <colour_diffuse value="1 1 1 1" />
                        <texcoord u="0.77" v="1" />
                    </vertex>
                    <vertex>
                        <position x="-55.1594" y="-0.395775" z="47.4376" />
                        <normal x="-1.53355e-007" y="0" z="1" />
                        <colour_diffuse value="1 1 1 1" />
                        <texcoord u="0.77" v="1.28" />
                    </vertex>
                    <vertex>
                        <position x="-52.3791" y="-0.395775" z="45.8324" />
                        <normal x="0.866025" y="0" z="0.5" />
                        <colour_diffuse value="1 1 1 1" />
                        <texcoord u="0" v="1.28" />
                    </vertex>
                    <vertex>
                        <position x="-55.1594" y="24.0415" z="47.4376" />
                        <normal x="6.2985e-008" y="-4.13153e-008" z="1" />
                        <colour_diffuse value="1 1 1 1" />
                        <texcoord u="0" v="1" />
                    </vertex>
                    <vertex>
                        <position x="-57.9397" y="24.0415" z="45.8324" />
                        <normal x="-0.866025" y="-1.35188e-007" z="0.5" />
                        <colour_diffuse value="1 1 1 1" />
                        <texcoord u="0.77" v="1" />
                    </vertex>
                    <vertex>
                        <position x="-57.9397" y="-0.395775" z="45.8324" />
                        <normal x="-0.866026" y="-9.38727e-008" z="0.5" />
                        <colour_diffuse value="1 1 1 1" />
                        <texcoord u="0.77" v="1.28" />
                    </vertex>
                    <vertex>
                        <position x="-55.1594" y="-0.395775" z="47.4376" />
                        <normal x="-1.53355e-007" y="0" z="1" />
                        <colour_diffuse value="1 1 1 1" />
                        <texcoord u="0" v="1.28" />
                    </vertex>
                    <vertex>
                        <position x="-57.9397" y="24.0415" z="45.8324" />
                        <normal x="-0.866025" y="-1.35188e-007" z="0.5" />
                        <colour_diffuse value="1 1 1 1" />
                        <texcoord u="0" v="1" />
                    </vertex>
                    <vertex>
                        <position x="-57.9397" y="24.0415" z="42.6219" />
                        <normal x="-0.866025" y="-9.38728e-008" z="-0.500001" />
                        <colour_diffuse value="1 1 1 1" />
                        <texcoord u="0.77" v="1" />
                    </vertex>
                    <vertex>
                        <position x="-57.9397" y="-0.395775" z="42.6219" />
                        <normal x="-0.866025" y="-1.35188e-007" z="-0.500001" />
                        <colour_diffuse value="1 1 1 1" />
                        <texcoord u="0.77" v="1.28" />
                    </vertex>
                    <vertex>
                        <position x="-57.9397" y="-0.395775" z="45.8324" />
                        <normal x="-0.866026" y="-9.38727e-008" z="0.5" />
                        <colour_diffuse value="1 1 1 1" />
                        <texcoord u="0" v="1.28" />
                    </vertex>
                    <vertex>
                        <position x="-57.9397" y="24.0415" z="42.6219" />
                        <normal x="-0.866025" y="-9.38728e-008" z="-0.500001" />
                        <colour_diffuse value="1 1 1 1" />
                        <texcoord u="0" v="1" />
                    </vertex>
                    <vertex>
                        <position x="-55.1594" y="24.0415" z="41.0167" />
                        <normal x="6.35327e-007" y="0" z="-1" />
                        <colour_diffuse value="1 1 1 1" />
                        <texcoord u="0.77" v="1" />
                    </vertex>
                    <vertex>
                        <position x="-55.1594" y="-0.395775" z="41.0167" />
                        <normal x="3.72433e-007" y="-4.13152e-008" z="-1" />
                        <colour_diffuse value="1 1 1 1" />
                        <texcoord u="0.77" v="1.28" />
                    </vertex>
                    <vertex>
                        <position x="-57.9397" y="-0.395775" z="42.6219" />
                        <normal x="-0.866025" y="-1.35188e-007" z="-0.500001" />
                        <colour_diffuse value="1 1 1 1" />
                        <texcoord u="0" v="1.28" />
                    </vertex>
                    <vertex>
                        <position x="50.3814" y="24.0415" z="41.0167" />
                        <normal x="-1.18302e-006" y="0" z="-1" />
                        <colour_diffuse value="1 1 1 1" />
                        <texcoord u="0" v="1" />
                    </vertex>
                    <vertex>
                        <position x="53.1618" y="24.0415" z="42.6219" />
                        <normal x="0.866025" y="0" z="-0.500001" />
                        <colour_diffuse value="1 1 1 1" />
                        <texcoord u="0.77" v="1" />
                    </vertex>
                    <vertex>
                        <position x="53.1618" y="-0.395775" z="42.6219" />
                        <normal x="0.866025" y="0" z="-0.500001" />
                        <colour_diffuse value="1 1 1 1" />
                        <texcoord u="0.77" v="1.28" />
                    </vertex>
                    <vertex>
                        <position x="50.3814" y="-0.395775" z="41.0167" />
                        <normal x="-1.18302e-006" y="0" z="-1" />
                        <colour_diffuse value="1 1 1 1" />
                        <texcoord u="0" v="1.28" />
                    </vertex>
                    <vertex>
                        <position x="53.1618" y="24.0415" z="42.6219" />
                        <normal x="0.866025" y="0" z="-0.500001" />
                        <colour_diffuse value="1 1 1 1" />
                        <texcoord u="0" v="1" />
                    </vertex>
                    <vertex>
                        <position x="53.1618" y="24.0415" z="45.8323" />
                        <normal x="0.866025" y="0" z="0.5" />
                        <colour_diffuse value="1 1 1 1" />
                        <texcoord u="0.77" v="1" />
                    </vertex>
                    <vertex>
                        <position x="53.1618" y="-0.395775" z="45.8323" />
                        <normal x="0.866025" y="0" z="0.5" />
                        <colour_diffuse value="1 1 1 1" />
                        <texcoord u="0.77" v="1.28" />
                    </vertex>
                    <vertex>
                        <position x="53.1618" y="-0.395775" z="42.6219" />
                        <normal x="0.866025" y="0" z="-0.500001" />
                        <colour_diffuse value="1 1 1 1" />
                        <texcoord u="0" v="1.28" />
                    </vertex>
                    <vertex>
                        <position x="53.1618" y="24.0415" z="45.8323" />
                        <normal x="0.866025" y="0" z="0.5" />
                        <colour_diffuse value="1 1 1 1" />
                        <texcoord u="0" v="1" />
                    </vertex>
                    <vertex>
                        <position x="50.3814" y="24.0415" z="47.4375" />
                        <normal x="-1.74441e-006" y="0" z="1" />
                        <colour_diffuse value="1 1 1 1" />
                        <texcoord u="0.77" v="1" />
                    </vertex>
                    <vertex>
                        <position x="50.3814" y="-0.395775" z="47.4375" />
                        <normal x="-1.70881e-006" y="0" z="1" />
                        <colour_diffuse value="1 1 1 1" />
                        <texcoord u="0.77" v="1.28" />
                    </vertex>
                    <vertex>
                        <position x="53.1618" y="-0.395775" z="45.8323" />
                        <normal x="0.866025" y="0" z="0.5" />
                        <colour_diffuse value="1 1 1 1" />
                        <texcoord u="0" v="1.28" />
                    </vertex>
                    <vertex>
                        <position x="50.3814" y="24.0415" z="47.4375" />
                        <normal x="-1.74441e-006" y="0" z="1" />
                        <colour_diffuse value="1 1 1 1" />
                        <texcoord u="0" v="1" />
                    </vertex>
                    <vertex>
                        <position x="47.6012" y="24.0415" z="45.8323" />
                        <normal x="-0.866026" y="0" z="0.499999" />
                        <colour_diffuse value="1 1 1 1" />
                        <texcoord u="0.77" v="1" />
                    </vertex>
                    <vertex>
                        <position x="47.6012" y="-0.395775" z="45.8323" />
                        <normal x="-0.866026" y="0" z="0.499999" />
                        <colour_diffuse value="1 1 1 1" />
                        <texcoord u="0.77" v="1.28" />
                    </vertex>
                    <vertex>
                        <position x="50.3814" y="-0.395775" z="47.4375" />
                        <normal x="-1.70881e-006" y="0" z="1" />
                        <colour_diffuse value="1 1 1 1" />
                        <texcoord u="0" v="1.28" />
                    </vertex>
                    <vertex>
                        <position x="47.6012" y="24.0415" z="45.8323" />
                        <normal x="-0.866026" y="0" z="0.499999" />
                        <colour_diffuse value="1 1 1 1" />
                        <texcoord u="0" v="1" />
                    </vertex>
                    <vertex>
                        <position x="47.6012" y="24.0415" z="42.6219" />
                        <normal x="-0.866026" y="0" z="-0.5" />
                        <colour_diffuse value="1 1 1 1" />
                        <texcoord u="0.77" v="1" />
                    </vertex>
                    <vertex>
                        <position x="47.6012" y="-0.395775" z="42.6219" />
                        <normal x="-0.866026" y="0" z="-0.5" />
                        <colour_diffuse value="1 1 1 1" />
                        <texcoord u="0.77" v="1.28" />
                    </vertex>
                    <vertex>
                        <position x="47.6012" y="-0.395775" z="45.8323" />
                        <normal x="-0.866026" y="0" z="0.499999" />
                        <colour_diffuse value="1 1 1 1" />
                        <texcoord u="0" v="1.28" />
                    </vertex>
                    <vertex>
                        <position x="47.6012" y="24.0415" z="42.6219" />
                        <normal x="-0.866026" y="0" z="-0.5" />
                        <colour_diffuse value="1 1 1 1" />
                        <texcoord u="0" v="1" />
                    </vertex>
                    <vertex>
                        <position x="50.3814" y="24.0415" z="41.0167" />
                        <normal x="-1.18302e-006" y="0" z="-1" />
                        <colour_diffuse value="1 1 1 1" />
                        <texcoord u="0.77" v="1" />
                    </vertex>
                    <vertex>
                        <position x="50.3814" y="-0.395775" z="41.0167" />
                        <normal x="-1.18302e-006" y="0" z="-1" />
                        <colour_diffuse value="1 1 1 1" />
                        <texcoord u="0.77" v="1.28" />
                    </vertex>
                    <vertex>
                        <position x="47.6012" y="-0.395775" z="42.6219" />
                        <normal x="-0.866026" y="0" z="-0.5" />
                        <colour_diffuse value="1 1 1 1" />
                        <texcoord u="0" v="1.28" />
                    </vertex>
                    <vertex>
                        <position x="50.3814" y="24.0415" z="-42.018" />
                        <normal x="-1.18302e-006" y="0" z="-1" />
                        <colour_diffuse value="1 1 1 1" />
                        <texcoord u="0" v="1" />
                    </vertex>
                    <vertex>
                        <position x="53.1618" y="24.0415" z="-40.4128" />
                        <normal x="0.866025" y="0" z="-0.500001" />
                        <colour_diffuse value="1 1 1 1" />
                        <texcoord u="0.77" v="1" />
                    </vertex>
                    <vertex>
                        <position x="53.1618" y="-0.395775" z="-40.4128" />
                        <normal x="0.866025" y="0" z="-0.500001" />
                        <colour_diffuse value="1 1 1 1" />
                        <texcoord u="0.77" v="1.28" />
                    </vertex>
                    <vertex>
                        <position x="50.3814" y="-0.395775" z="-42.018" />
                        <normal x="-1.18302e-006" y="0" z="-1" />
                        <colour_diffuse value="1 1 1 1" />
                        <texcoord u="0" v="1.28" />
                    </vertex>
                    <vertex>
                        <position x="53.1618" y="24.0415" z="-40.4128" />
                        <normal x="0.866025" y="0" z="-0.500001" />
                        <colour_diffuse value="1 1 1 1" />
                        <texcoord u="0" v="1" />
                    </vertex>
                    <vertex>
                        <position x="53.1618" y="24.0415" z="-37.2024" />
                        <normal x="0.866025" y="0" z="0.5" />
                        <colour_diffuse value="1 1 1 1" />
                        <texcoord u="0.77" v="1" />
                    </vertex>
                    <vertex>
                        <position x="53.1618" y="-0.395775" z="-37.2024" />
                        <normal x="0.866025" y="0" z="0.5" />
                        <colour_diffuse value="1 1 1 1" />
                        <texcoord u="0.77" v="1.28" />
                    </vertex>
                    <vertex>
                        <position x="53.1618" y="-0.395775" z="-40.4128" />
                        <normal x="0.866025" y="0" z="-0.500001" />
                        <colour_diffuse value="1 1 1 1" />
                        <texcoord u="0" v="1.28" />
                    </vertex>
                    <vertex>
                        <position x="53.1618" y="24.0415" z="-37.2024" />
                        <normal x="0.866025" y="0" z="0.5" />
                        <colour_diffuse value="1 1 1 1" />
                        <texcoord u="0" v="1" />
                    </vertex>
                    <vertex>
                        <position x="50.3814" y="24.0415" z="-35.5972" />
                        <normal x="-1.74441e-006" y="0" z="1" />
                        <colour_diffuse value="1 1 1 1" />
                        <texcoord u="0.77" v="1" />
                    </vertex>
                    <vertex>
                        <position x="50.3814" y="-0.395775" z="-35.5972" />
                        <normal x="-1.70881e-006" y="0" z="1" />
                        <colour_diffuse value="1 1 1 1" />
                        <texcoord u="0.77" v="1.28" />
                    </vertex>
                    <vertex>
                        <position x="53.1618" y="-0.395775" z="-37.2024" />
                        <normal x="0.866025" y="0" z="0.5" />
                        <colour_diffuse value="1 1 1 1" />
                        <texcoord u="0" v="1.28" />
                    </vertex>
                    <vertex>
                        <position x="50.3814" y="24.0415" z="-35.5972" />
                        <normal x="-1.74441e-006" y="0" z="1" />
                        <colour_diffuse value="1 1 1 1" />
                        <texcoord u="0" v="1" />
                    </vertex>
                    <vertex>
                        <position x="47.6012" y="24.0415" z="-37.2024" />
                        <normal x="-0.866026" y="0" z="0.499999" />
                        <colour_diffuse value="1 1 1 1" />
                        <texcoord u="0.77" v="1" />
                    </vertex>
                    <vertex>
                        <position x="47.6012" y="-0.395775" z="-37.2024" />
                        <normal x="-0.866026" y="0" z="0.499999" />
                        <colour_diffuse value="1 1 1 1" />
                        <texcoord u="0.77" v="1.28" />
                    </vertex>
                    <vertex>
                        <position x="50.3814" y="-0.395775" z="-35.5972" />
                        <normal x="-1.70881e-006" y="0" z="1" />
                        <colour_diffuse value="1 1 1 1" />
                        <texcoord u="0" v="1.28" />
                    </vertex>
                    <vertex>
                        <position x="47.6012" y="24.0415" z="-37.2024" />
                        <normal x="-0.866026" y="0" z="0.499999" />
                        <colour_diffuse value="1 1 1 1" />
                        <texcoord u="0" v="1" />
                    </vertex>
                    <vertex>
                        <position x="47.6012" y="24.0415" z="-40.4128" />
                        <normal x="-0.866026" y="0" z="-0.5" />
                        <colour_diffuse value="1 1 1 1" />
                        <texcoord u="0.77" v="1" />
                    </vertex>
                    <vertex>
                        <position x="47.6012" y="-0.395775" z="-40.4128" />
                        <normal x="-0.866026" y="0" z="-0.5" />
                        <colour_diffuse value="1 1 1 1" />
                        <texcoord u="0.77" v="1.28" />
                    </vertex>
                    <vertex>
                        <position x="47.6012" y="-0.395775" z="-37.2024" />
                        <normal x="-0.866026" y="0" z="0.499999" />
                        <colour_diffuse value="1 1 1 1" />
                        <texcoord u="0" v="1.28" />
                    </vertex>
                    <vertex>
                        <position x="47.6012" y="24.0415" z="-40.4128" />
                        <normal x="-0.866026" y="0" z="-0.5" />
                        <colour_diffuse value="1 1 1 1" />
                        <texcoord u="0" v="1" />
                    </vertex>
                    <vertex>
                        <position x="50.3814" y="24.0415" z="-42.018" />
                        <normal x="-1.18302e-006" y="0" z="-1" />
                        <colour_diffuse value="1 1 1 1" />
                        <texcoord u="0.77" v="1" />
                    </vertex>
                    <vertex>
                        <position x="50.3814" y="-0.395775" z="-42.018" />
                        <normal x="-1.18302e-006" y="0" z="-1" />
                        <colour_diffuse value="1 1 1 1" />
                        <texcoord u="0.77" v="1.28" />
                    </vertex>
                    <vertex>
                        <position x="47.6012" y="-0.395775" z="-40.4128" />
                        <normal x="-0.866026" y="0" z="-0.5" />
                        <colour_diffuse value="1 1 1 1" />
                        <texcoord u="0" v="1.28" />
                    </vertex>
                    <vertex>
                        <position x="-55.1594" y="24.0415" z="-42.018" />
                        <normal x="6.35327e-007" y="0" z="-1" />
                        <colour_diffuse value="1 1 1 1" />
                        <texcoord u="0" v="1" />
                    </vertex>
                    <vertex>
                        <position x="-52.3792" y="24.0415" z="-40.4128" />
                        <normal x="0.866025" y="0" z="-0.5" />
                        <colour_diffuse value="1 1 1 1" />
                        <texcoord u="0.77" v="1" />
                    </vertex>
                    <vertex>
                        <position x="-52.3792" y="-0.395775" z="-40.4128" />
                        <normal x="0.866025" y="0" z="-0.5" />
                        <colour_diffuse value="1 1 1 1" />
                        <texcoord u="0.77" v="1.28" />
                    </vertex>
                    <vertex>
                        <position x="-55.1594" y="-0.395775" z="-42.018" />
                        <normal x="3.72433e-007" y="-4.13152e-008" z="-1" />
                        <colour_diffuse value="1 1 1 1" />
                        <texcoord u="0" v="1.28" />
                    </vertex>
                    <vertex>
                        <position x="-52.3792" y="24.0415" z="-40.4128" />
                        <normal x="0.866025" y="0" z="-0.5" />
                        <colour_diffuse value="1 1 1 1" />
                        <texcoord u="0" v="1" />
                    </vertex>
                    <vertex>
                        <position x="-52.3792" y="24.0415" z="-37.2024" />
                        <normal x="0.866025" y="0" z="0.5" />
                        <colour_diffuse value="1 1 1 1" />
                        <texcoord u="0.77" v="1" />
                    </vertex>
                    <vertex>
                        <position x="-52.3792" y="-0.395775" z="-37.2024" />
                        <normal x="0.866025" y="0" z="0.5" />
                        <colour_diffuse value="1 1 1 1" />
                        <texcoord u="0.77" v="1.28" />
                    </vertex>
                    <vertex>
                        <position x="-52.3792" y="-0.395775" z="-40.4128" />
                        <normal x="0.866025" y="0" z="-0.5" />
                        <colour_diffuse value="1 1 1 1" />
                        <texcoord u="0" v="1.28" />
                    </vertex>
                    <vertex>
                        <position x="-52.3792" y="24.0415" z="-37.2024" />
                        <normal x="0.866025" y="0" z="0.5" />
                        <colour_diffuse value="1 1 1 1" />
                        <texcoord u="0" v="1" />
                    </vertex>
                    <vertex>
                        <position x="-55.1594" y="24.0415" z="-35.5972" />
                        <normal x="6.2985e-008" y="-4.13153e-008" z="1" />
                        <colour_diffuse value="1 1 1 1" />
                        <texcoord u="0.77" v="1" />
                    </vertex>
                    <vertex>
                        <position x="-55.1594" y="-0.395775" z="-35.5972" />
                        <normal x="-1.53355e-007" y="0" z="1" />
                        <colour_diffuse value="1 1 1 1" />
                        <texcoord u="0.77" v="1.28" />
                    </vertex>
                    <vertex>
                        <position x="-52.3792" y="-0.395775" z="-37.2024" />
                        <normal x="0.866025" y="0" z="0.5" />
                        <colour_diffuse value="1 1 1 1" />
                        <texcoord u="0" v="1.28" />
                    </vertex>
                    <vertex>
                        <position x="-55.1594" y="24.0415" z="-35.5972" />
                        <normal x="6.2985e-008" y="-4.13153e-008" z="1" />
                        <colour_diffuse value="1 1 1 1" />
                        <texcoord u="0" v="1" />
                    </vertex>
                    <vertex>
                        <position x="-57.9398" y="24.0415" z="-37.2024" />
                        <normal x="-0.866025" y="-1.35188e-007" z="0.5" />
                        <colour_diffuse value="1 1 1 1" />
                        <texcoord u="0.77" v="1" />
                    </vertex>
                    <vertex>
                        <position x="-57.9397" y="-0.395775" z="-37.2024" />
                        <normal x="-0.866026" y="-9.38727e-008" z="0.5" />
                        <colour_diffuse value="1 1 1 1" />
                        <texcoord u="0.77" v="1.28" />
                    </vertex>
                    <vertex>
                        <position x="-55.1594" y="-0.395775" z="-35.5972" />
                        <normal x="-1.53355e-007" y="0" z="1" />
                        <colour_diffuse value="1 1 1 1" />
                        <texcoord u="0" v="1.28" />
                    </vertex>
                    <vertex>
                        <position x="-57.9398" y="24.0415" z="-37.2024" />
                        <normal x="-0.866025" y="-1.35188e-007" z="0.5" />
                        <colour_diffuse value="1 1 1 1" />
                        <texcoord u="0" v="1" />
                    </vertex>
                    <vertex>
                        <position x="-57.9398" y="24.0415" z="-40.4128" />
                        <normal x="-0.866025" y="-9.38728e-008" z="-0.500001" />
                        <colour_diffuse value="1 1 1 1" />
                        <texcoord u="0.77" v="1" />
                    </vertex>
                    <vertex>
                        <position x="-57.9397" y="-0.395775" z="-40.4128" />
                        <normal x="-0.866025" y="-1.35188e-007" z="-0.500001" />
                        <colour_diffuse value="1 1 1 1" />
                        <texcoord u="0.77" v="1.28" />
                    </vertex>
                    <vertex>
                        <position x="-57.9397" y="-0.395775" z="-37.2024" />
                        <normal x="-0.866026" y="-9.38727e-008" z="0.5" />
                        <colour_diffuse value="1 1 1 1" />
                        <texcoord u="0" v="1.28" />
                    </vertex>
                    <vertex>
                        <position x="-57.9398" y="24.0415" z="-40.4128" />
                        <normal x="-0.866025" y="-9.38728e-008" z="-0.500001" />
                        <colour_diffuse value="1 1 1 1" />
                        <texcoord u="0" v="1" />
                    </vertex>
                    <vertex>
                        <position x="-55.1594" y="24.0415" z="-42.018" />
                        <normal x="6.35327e-007" y="0" z="-1" />
                        <colour_diffuse value="1 1 1 1" />
                        <texcoord u="0.77" v="1" />
                    </vertex>
                    <vertex>
                        <position x="-55.1594" y="-0.395775" z="-42.018" />
                        <normal x="3.72433e-007" y="-4.13152e-008" z="-1" />
                        <colour_diffuse value="1 1 1 1" />
                        <texcoord u="0.77" v="1.28" />
                    </vertex>
                    <vertex>
                        <position x="-57.9397" y="-0.395775" z="-40.4128" />
                        <normal x="-0.866025" y="-1.35188e-007" z="-0.500001" />
                        <colour_diffuse value="1 1 1 1" />
                        <texcoord u="0" v="1.28" />
                    </vertex>
                </vertexbuffer>
            </geometry>
        </submesh>
        <submesh material="cabine_essayage_fermee/wood" usesharedvertices="false" use32bitindexes="false" operationtype="triangle_list">
            <faces count="22">
                <face v1="0" v2="1" v3="2" />
                <face v1="2" v2="3" v3="0" />
                <face v1="4" v2="5" v3="6" />
                <face v1="6" v2="7" v3="4" />
                <face v1="8" v2="9" v3="10" />
                <face v1="10" v2="11" v3="8" />
                <face v1="12" v2="13" v3="14" />
                <face v1="14" v2="15" v3="12" />
                <face v1="16" v2="17" v3="18" />
                <face v1="18" v2="19" v3="16" />
                <face v1="20" v2="21" v3="22" />
                <face v1="22" v2="23" v3="20" />
                <face v1="24" v2="25" v3="26" />
                <face v1="26" v2="27" v3="24" />
                <face v1="28" v2="29" v3="30" />
                <face v1="30" v2="31" v3="28" />
                <face v1="32" v2="33" v3="34" />
                <face v1="34" v2="35" v3="32" />
                <face v1="36" v2="37" v3="38" />
                <face v1="38" v2="39" v3="36" />
                <face v1="40" v2="41" v3="42" />
                <face v1="42" v2="43" v3="40" />
            </faces>
            <geometry vertexcount="44">
                <vertexbuffer positions="true" normals="true" colours_diffuse="true" texture_coord_dimensions_0="float2" texture_coords="1">
                    <vertex>
                        <position x="-52.0071" y="221.677" z="49.794" />
                        <normal x="6.89279e-006" y="1" z="-4.64982e-007" />
                        <colour_diffuse value="1 1 1 1" />
                        <texcoord u="0" v="1" />
                    </vertex>
                    <vertex>
                        <position x="-52.0071" y="221.677" z="-44.4323" />
                        <normal x="0" y="1" z="-0" />
                        <colour_diffuse value="1 1 1 1" />
                        <texcoord u="1" v="1" />
                    </vertex>
                    <vertex>
                        <position x="-58.3635" y="221.677" z="-44.4323" />
                        <normal x="3.08817e-007" y="1" z="-2.08325e-008" />
                        <colour_diffuse value="1 1 1 1" />
                        <texcoord u="1" v="0" />
                    </vertex>
                    <vertex>
                        <position x="-58.3635" y="221.677" z="49.794" />
                        <normal x="7.20161e-006" y="1" z="-4.85814e-007" />
                        <colour_diffuse value="1 1 1 1" />
                        <texcoord u="0" v="0" />
                    </vertex>
                    <vertex>
                        <position x="-52.0071" y="19.8682" z="49.794" />
                        <normal x="1" y="-1.89025e-008" z="-1.61938e-007" />
                        <colour_diffuse value="1 1 1 1" />
                        <texcoord u="0" v="1" />
                    </vertex>
                    <vertex>
                        <position x="-52.0071" y="19.8682" z="-44.4323" />
                        <normal x="1" y="-1.89025e-008" z="-1.61938e-007" />
                        <colour_diffuse value="1 1 1 1" />
                        <texcoord u="1" v="1" />
                    </vertex>
                    <vertex>
                        <position x="-52.0071" y="221.677" z="-44.4323" />
                        <normal x="1" y="-1.89025e-008" z="-1.61938e-007" />
                        <colour_diffuse value="1 1 1 1" />
                        <texcoord u="1" v="0" />
                    </vertex>
                    <vertex>
                        <position x="-52.0071" y="221.677" z="49.794" />
                        <normal x="1" y="-1.89025e-008" z="-1.61938e-007" />
                        <colour_diffuse value="1 1 1 1" />
                        <texcoord u="0" v="0" />
                    </vertex>
                    <vertex>
                        <position x="-58.3635" y="19.8682" z="-44.4323" />
                        <normal x="-1" y="0" z="1.61938e-007" />
                        <colour_diffuse value="1 1 1 1" />
                        <texcoord u="0" v="1" />
                    </vertex>
                    <vertex>
                        <position x="-58.3635" y="19.8682" z="49.794" />
                        <normal x="-1" y="0" z="1.61938e-007" />
                        <colour_diffuse value="1 1 1 1" />
                        <texcoord u="1" v="1" />
                    </vertex>
                    <vertex>
                        <position x="-58.3635" y="221.677" z="49.794" />
                        <normal x="-1" y="0" z="1.61938e-007" />
                        <colour_diffuse value="1 1 1 1" />
                        <texcoord u="1" v="0" />
                    </vertex>
                    <vertex>
                        <position x="-58.3635" y="221.677" z="-44.4323" />
                        <normal x="-1" y="-0" z="1.61938e-007" />
                        <colour_diffuse value="1 1 1 1" />
                        <texcoord u="0" v="0" />
                    </vertex>
                    <vertex>
                        <position x="-58.3635" y="19.8682" z="49.794" />
                        <normal x="0" y="0" z="1" />
                        <colour_diffuse value="1 1 1 1" />
                        <texcoord u="0" v="1" />
                    </vertex>
                    <vertex>
                        <position x="-52.0071" y="19.8682" z="49.794" />
                        <normal x="0" y="0" z="1" />
                        <colour_diffuse value="1 1 1 1" />
                        <texcoord u="1" v="1" />
                    </vertex>
                    <vertex>
                        <position x="-52.0071" y="221.677" z="49.794" />
                        <normal x="0" y="0" z="1" />
                        <colour_diffuse value="1 1 1 1" />
                        <texcoord u="1" v="0" />
                    </vertex>
                    <vertex>
                        <position x="-58.3635" y="221.677" z="49.794" />
                        <normal x="0" y="0" z="1" />
                        <colour_diffuse value="1 1 1 1" />
                        <texcoord u="0" v="0" />
                    </vertex>
                    <vertex>
                        <position x="53.533" y="221.677" z="49.794" />
                        <normal x="6.89278e-006" y="1" z="-4.64982e-007" />
                        <colour_diffuse value="1 1 1 1" />
                        <texcoord u="0" v="1" />
                    </vertex>
                    <vertex>
                        <position x="53.533" y="221.677" z="-44.4324" />
                        <normal x="0" y="1" z="-0" />
                        <colour_diffuse value="1 1 1 1" />
                        <texcoord u="0.88" v="1" />
                    </vertex>
                    <vertex>
                        <position x="47.1766" y="221.677" z="-44.4324" />
                        <normal x="3.08817e-007" y="1" z="-2.08325e-008" />
                        <colour_diffuse value="1 1 1 1" />
                        <texcoord u="0.88" v="-0.29" />
                    </vertex>
                    <vertex>
                        <position x="47.1766" y="221.677" z="49.794" />
                        <normal x="7.2016e-006" y="1" z="-4.85814e-007" />
                        <colour_diffuse value="1 1 1 1" />
                        <texcoord u="0" v="-0.29" />
                    </vertex>
                    <vertex>
                        <position x="53.533" y="19.8682" z="49.794" />
                        <normal x="1" y="0" z="-1.61938e-007" />
                        <colour_diffuse value="1 1 1 1" />
                        <texcoord u="0" v="1" />
                    </vertex>
                    <vertex>
                        <position x="53.533" y="19.8682" z="-44.4324" />
                        <normal x="1" y="-0" z="-1.61938e-007" />
                        <colour_diffuse value="1 1 1 1" />
                        <texcoord u="0.88" v="1" />
                    </vertex>
                    <vertex>
                        <position x="53.533" y="221.677" z="-44.4324" />
                        <normal x="1" y="0" z="-1.61938e-007" />
                        <colour_diffuse value="1 1 1 1" />
                        <texcoord u="0.88" v="-0.29" />
                    </vertex>
                    <vertex>
                        <position x="53.533" y="221.677" z="49.794" />
                        <normal x="1" y="0" z="-1.61938e-007" />
                        <colour_diffuse value="1 1 1 1" />
                        <texcoord u="0" v="-0.29" />
                    </vertex>
                    <vertex>
                        <position x="47.1766" y="19.8682" z="-44.4324" />
                        <normal x="-1" y="0" z="1.61938e-007" />
                        <colour_diffuse value="1 1 1 1" />
                        <texcoord u="0" v="1" />
                    </vertex>
                    <vertex>
                        <position x="47.1766" y="19.8682" z="49.794" />
                        <normal x="-1" y="0" z="1.61938e-007" />
                        <colour_diffuse value="1 1 1 1" />
                        <texcoord u="0.88" v="1" />
                    </vertex>
                    <vertex>
                        <position x="47.1766" y="221.677" z="49.794" />
                        <normal x="-1" y="0" z="1.61938e-007" />
                        <colour_diffuse value="1 1 1 1" />
                        <texcoord u="0.88" v="-0.29" />
                    </vertex>
                    <vertex>
                        <position x="47.1766" y="221.677" z="-44.4324" />
                        <normal x="-1" y="-0" z="1.61938e-007" />
                        <colour_diffuse value="1 1 1 1" />
                        <texcoord u="0" v="-0.29" />
                    </vertex>
                    <vertex>
                        <position x="47.1766" y="19.8682" z="49.794" />
                        <normal x="6.00133e-007" y="0" z="1" />
                        <colour_diffuse value="1 1 1 1" />
                        <texcoord u="0" v="1" />
                    </vertex>
                    <vertex>
                        <position x="53.533" y="19.8682" z="49.794" />
                        <normal x="6.00133e-007" y="0" z="1" />
                        <colour_diffuse value="1 1 1 1" />
                        <texcoord u="0.88" v="1" />
                    </vertex>
                    <vertex>
                        <position x="53.533" y="221.677" z="49.794" />
                        <normal x="6.00133e-007" y="0" z="1" />
                        <colour_diffuse value="1 1 1 1" />
                        <texcoord u="0.88" v="-0.29" />
                    </vertex>
                    <vertex>
                        <position x="47.1766" y="221.677" z="49.794" />
                        <normal x="6.00133e-007" y="0" z="1" />
                        <colour_diffuse value="1 1 1 1" />
                        <texcoord u="0" v="-0.29" />
                    </vertex>
                    <vertex>
                        <position x="51.4634" y="67.0897" z="36.2014" />
                        <normal x="0" y="1" z="-0" />
                        <colour_diffuse value="1 1 1 1" />
                        <texcoord u="0.000439548" v="0.99986" />
                    </vertex>
                    <vertex>
                        <position x="51.4634" y="67.0897" z="-44.3265" />
                        <normal x="0" y="1" z="-0" />
                        <colour_diffuse value="1 1 1 1" />
                        <texcoord u="0.87956" v="0.99986" />
                    </vertex>
                    <vertex>
                        <position x="12.2501" y="67.0897" z="-44.3265" />
                        <normal x="0" y="1" z="-0" />
                        <colour_diffuse value="1 1 1 1" />
                        <texcoord u="0.87956" v="0.72014" />
                    </vertex>
                    <vertex>
                        <position x="12.2501" y="67.0897" z="36.2014" />
                        <normal x="0" y="1" z="0" />
                        <colour_diffuse value="1 1 1 1" />
                        <texcoord u="0.000439653" v="0.72014" />
                    </vertex>
                    <vertex>
                        <position x="12.2501" y="67.0897" z="-44.3265" />
                        <normal x="-1" y="0" z="1.89485e-007" />
                        <colour_diffuse value="1 1 1 1" />
                        <texcoord u="0.87956" v="0.72014" />
                    </vertex>
                    <vertex>
                        <position x="12.2501" y="60.8683" z="-44.3265" />
                        <normal x="-1" y="0" z="1.89485e-007" />
                        <colour_diffuse value="1 1 1 1" />
                        <texcoord u="0.87956" v="0.72014" />
                    </vertex>
                    <vertex>
                        <position x="12.2501" y="60.8683" z="36.2014" />
                        <normal x="-1" y="0" z="1.89485e-007" />
                        <colour_diffuse value="1 1 1 1" />
                        <texcoord u="0.000439653" v="0.72014" />
                    </vertex>
                    <vertex>
                        <position x="12.2501" y="67.0897" z="36.2014" />
                        <normal x="-1" y="-0" z="1.89485e-007" />
                        <colour_diffuse value="1 1 1 1" />
                        <texcoord u="0.000439653" v="0.72014" />
                    </vertex>
                    <vertex>
                        <position x="12.2501" y="67.0897" z="36.2014" />
                        <normal x="9.72807e-008" y="0" z="1" />
                        <colour_diffuse value="1 1 1 1" />
                        <texcoord u="0.000439653" v="0.72014" />
                    </vertex>
                    <vertex>
                        <position x="12.2501" y="60.8683" z="36.2014" />
                        <normal x="9.72807e-008" y="0" z="1" />
                        <colour_diffuse value="1 1 1 1" />
                        <texcoord u="0.000439653" v="0.72014" />
                    </vertex>
                    <vertex>
                        <position x="51.4634" y="60.8683" z="36.2014" />
                        <normal x="9.72807e-008" y="0" z="1" />
                        <colour_diffuse value="1 1 1 1" />
                        <texcoord u="0.000439548" v="0.99986" />
                    </vertex>
                    <vertex>
                        <position x="51.4634" y="67.0897" z="36.2014" />
                        <normal x="9.72807e-008" y="0" z="1" />
                        <colour_diffuse value="1 1 1 1" />
                        <texcoord u="0.000439548" v="0.99986" />
                    </vertex>
                </vertexbuffer>
            </geometry>
        </submesh>
        <submesh material="cabine_essayage_fermee/rido" usesharedvertices="false" use32bitindexes="false" operationtype="triangle_list">
            <faces count="20">
                <face v1="0" v2="1" v3="2" />
                <face v1="2" v2="3" v3="0" />
                <face v1="4" v2="5" v3="6" />
                <face v1="6" v2="7" v3="4" />
                <face v1="8" v2="9" v3="10" />
                <face v1="8" v2="10" v3="11" />
                <face v1="11" v2="12" v3="13" />
                <face v1="8" v2="11" v3="13" />
                <face v1="8" v2="13" v3="14" />
                <face v1="15" v2="8" v3="14" />
                <face v1="16" v2="17" v3="18" />
                <face v1="18" v2="19" v3="16" />
                <face v1="20" v2="21" v3="22" />
                <face v1="22" v2="23" v3="20" />
                <face v1="24" v2="25" v3="26" />
                <face v1="26" v2="27" v3="24" />
                <face v1="21" v2="4" v3="7" />
                <face v1="7" v2="22" v3="21" />
                <face v1="25" v2="20" v3="23" />
                <face v1="23" v2="26" v3="25" />
            </faces>
            <geometry vertexcount="28">
                <vertexbuffer positions="true" normals="true" colours_diffuse="true" texture_coord_dimensions_0="float2" texture_coords="1">
                    <vertex>
                        <position x="41.5665" y="217.325" z="44.9832" />
                        <normal x="1.64305e-007" y="1" z="-0" />
                        <colour_diffuse value="1 1 1 1" />
                        <texcoord u="1" v="1" />
                    </vertex>
                    <vertex>
                        <position x="-51.3021" y="217.325" z="44.9832" />
                        <normal x="1.64305e-007" y="1" z="-0" />
                        <colour_diffuse value="1 1 1 1" />
                        <texcoord u="1" v="0" />
                    </vertex>
                    <vertex>
                        <position x="-51.3021" y="217.325" z="45.753" />
                        <normal x="1.64305e-007" y="1" z="-0" />
                        <colour_diffuse value="1 1 1 1" />
                        <texcoord u="0" v="0" />
                    </vertex>
                    <vertex>
                        <position x="41.5665" y="217.325" z="45.753" />
                        <normal x="1.64305e-007" y="1" z="0" />
                        <colour_diffuse value="1 1 1 1" />
                        <texcoord u="0" v="1" />
                    </vertex>
                    <vertex>
                        <position x="40.1103" y="175.937" z="44.9832" />
                        <normal x="0.999831" y="-0.0184099" z="-0" />
                        <colour_diffuse value="1 1 1 1" />
                        <texcoord u="0" v="0.75" />
                    </vertex>
                    <vertex>
                        <position x="41.5665" y="217.325" z="44.9832" />
                        <normal x="0.999382" y="-0.0351607" z="-0" />
                        <colour_diffuse value="1 1 1 1" />
                        <texcoord u="0" v="1" />
                    </vertex>
                    <vertex>
                        <position x="41.5665" y="217.325" z="45.753" />
                        <normal x="0.999382" y="-0.0351607" z="-0" />
                        <colour_diffuse value="1 1 1 1" />
                        <texcoord u="1" v="1" />
                    </vertex>
                    <vertex>
                        <position x="40.1103" y="175.937" z="45.753" />
                        <normal x="0.999831" y="-0.0184099" z="-0" />
                        <colour_diffuse value="1 1 1 1" />
                        <texcoord u="1" v="0.75" />
                    </vertex>
                    <vertex>
                        <position x="-51.3021" y="217.325" z="45.753" />
                        <normal x="-7.42625e-008" y="1.25203e-008" z="1" />
                        <colour_diffuse value="1 1 1 1" />
                        <texcoord u="1" v="1" />
                    </vertex>
                    <vertex>
                        <position x="-51.3021" y="15.2898" z="45.753" />
                        <normal x="-8.44047e-008" y="1.88813e-008" z="1" />
                        <colour_diffuse value="1 1 1 1" />
                        <texcoord u="1" v="0" />
                    </vertex>
                    <vertex>
                        <position x="39.0434" y="15.0877" z="45.753" />
                        <normal x="-6.54208e-008" y="2.7362e-008" z="1" />
                        <colour_diffuse value="1 1 1 1" />
                        <texcoord u="0" v="0" />
                    </vertex>
                    <vertex>
                        <position x="39.0207" y="90.5299" z="45.753" />
                        <normal x="-2.70381e-008" y="4.02217e-008" z="1" />
                        <colour_diffuse value="1 1 1 1" />
                        <texcoord u="0" v="0.25" />
                    </vertex>
                    <vertex>
                        <position x="40.145" y="109.297" z="45.753" />
                        <normal x="-0" y="0" z="1" />
                        <colour_diffuse value="1 1 1 1" />
                        <texcoord u="0" v="0.375" />
                    </vertex>
                    <vertex>
                        <position x="40.0419" y="134.549" z="45.753" />
                        <normal x="-8.15187e-008" y="1.4138e-009" z="1" />
                        <colour_diffuse value="1 1 1 1" />
                        <texcoord u="0" v="0.5" />
                    </vertex>
                    <vertex>
                        <position x="40.1103" y="175.937" z="45.753" />
                        <normal x="-8.29353e-008" y="1.16154e-009" z="1" />
                        <colour_diffuse value="1 1 1 1" />
                        <texcoord u="0" v="0.75" />
                    </vertex>
                    <vertex>
                        <position x="41.5665" y="217.325" z="45.753" />
                        <normal x="-8.21526e-008" y="2.89033e-009" z="1" />
                        <colour_diffuse value="1 1 1 1" />
                        <texcoord u="0" v="1" />
                    </vertex>
                    <vertex>
                        <position x="-51.3021" y="217.325" z="45.753" />
                        <normal x="-1" y="9.44066e-008" z="-0" />
                        <colour_diffuse value="1 1 1 1" />
                        <texcoord u="0" v="1" />
                    </vertex>
                    <vertex>
                        <position x="-51.3021" y="217.325" z="44.9832" />
                        <normal x="-1" y="9.44066e-008" z="-0" />
                        <colour_diffuse value="1 1 1 1" />
                        <texcoord u="1" v="1" />
                    </vertex>
                    <vertex>
                        <position x="-51.3021" y="15.2898" z="44.9832" />
                        <normal x="-1" y="9.44066e-008" z="-0" />
                        <colour_diffuse value="1 1 1 1" />
                        <texcoord u="1" v="0" />
                    </vertex>
                    <vertex>
                        <position x="-51.3021" y="15.2898" z="45.753" />
                        <normal x="-1" y="9.44066e-008" z="-0" />
                        <colour_diffuse value="1 1 1 1" />
                        <texcoord u="0" v="0" />
                    </vertex>
                    <vertex>
                        <position x="40.145" y="109.297" z="44.9832" />
                        <normal x="0.999611" y="-0.0278735" z="-0" />
                        <colour_diffuse value="1 1 1 1" />
                        <texcoord u="0" v="0.375" />
                    </vertex>
                    <vertex>
                        <position x="40.0419" y="134.549" z="44.9832" />
                        <normal x="0.999999" y="0.00121399" z="-0" />
                        <colour_diffuse value="1 1 1 1" />
                        <texcoord u="0" v="0.5" />
                    </vertex>
                    <vertex>
                        <position x="40.0419" y="134.549" z="45.753" />
                        <normal x="0.999999" y="0.00121399" z="-0" />
                        <colour_diffuse value="1 1 1 1" />
                        <texcoord u="1" v="0.5" />
                    </vertex>
                    <vertex>
                        <position x="40.145" y="109.297" z="45.753" />
                        <normal x="0.999611" y="-0.0278735" z="-0" />
                        <colour_diffuse value="1 1 1 1" />
                        <texcoord u="1" v="0.375" />
                    </vertex>
                    <vertex>
                        <position x="39.0434" y="15.0877" z="44.9832" />
                        <normal x="1" y="0.00030096" z="-0" />
                        <colour_diffuse value="1 1 1 1" />
                        <texcoord u="0" v="0" />
                    </vertex>
                    <vertex>
                        <position x="39.0207" y="90.5299" z="44.9832" />
                        <normal x="0.999557" y="-0.0297632" z="-0" />
                        <colour_diffuse value="1 1 1 1" />
                        <texcoord u="0" v="0.25" />
                    </vertex>
                    <vertex>
                        <position x="39.0207" y="90.5299" z="45.753" />
                        <normal x="0.999557" y="-0.0297632" z="-0" />
                        <colour_diffuse value="1 1 1 1" />
                        <texcoord u="1" v="0.25" />
                    </vertex>
                    <vertex>
                        <position x="39.0434" y="15.0877" z="45.753" />
                        <normal x="1" y="0.00030096" z="0" />
                        <colour_diffuse value="1 1 1 1" />
                        <texcoord u="1" v="0" />
                    </vertex>
                </vertexbuffer>
            </geometry>
        </submesh>
    </submeshes>
    <submeshnames>
        <submeshname name="cabine_essayage_fermee/metal" index="0" />
        <submeshname name="cabine_essayage_fermee/wood" index="1" />
        <submeshname name="cabine_essayage_fermee/rido" index="2" />
    </submeshnames>
</mesh>
