<mesh>
    <submeshes>
        <submesh material="camera_surveillance_droite" usesharedvertices="false" use32bitindexes="false" operationtype="triangle_list">
            <faces count="122">
                <face v1="0" v2="1" v3="2" />
                <face v1="2" v2="3" v3="0" />
                <face v1="4" v2="5" v3="6" />
                <face v1="6" v2="7" v3="4" />
                <face v1="8" v2="9" v3="10" />
                <face v1="10" v2="11" v3="8" />
                <face v1="12" v2="13" v3="14" />
                <face v1="14" v2="15" v3="12" />
                <face v1="16" v2="17" v3="18" />
                <face v1="18" v2="19" v3="16" />
                <face v1="3" v2="2" v3="20" />
                <face v1="20" v2="21" v3="3" />
                <face v1="22" v2="23" v3="24" />
                <face v1="24" v2="25" v3="22" />
                <face v1="11" v2="10" v3="26" />
                <face v1="26" v2="27" v3="11" />
                <face v1="28" v2="29" v3="30" />
                <face v1="30" v2="31" v3="28" />
                <face v1="32" v2="33" v3="34" />
                <face v1="34" v2="35" v3="32" />
                <face v1="36" v2="37" v3="38" />
                <face v1="38" v2="39" v3="36" />
                <face v1="40" v2="41" v3="42" />
                <face v1="42" v2="43" v3="40" />
                <face v1="44" v2="45" v3="46" />
                <face v1="46" v2="47" v3="44" />
                <face v1="48" v2="49" v3="50" />
                <face v1="50" v2="51" v3="48" />
                <face v1="49" v2="52" v3="53" />
                <face v1="53" v2="50" v3="49" />
                <face v1="52" v2="54" v3="55" />
                <face v1="55" v2="53" v3="52" />
                <face v1="56" v2="57" v3="58" />
                <face v1="58" v2="59" v3="56" />
                <face v1="57" v2="60" v3="61" />
                <face v1="61" v2="58" v3="57" />
                <face v1="60" v2="62" v3="63" />
                <face v1="63" v2="61" v3="60" />
                <face v1="62" v2="64" v3="65" />
                <face v1="65" v2="63" v3="62" />
                <face v1="64" v2="66" v3="67" />
                <face v1="67" v2="65" v3="64" />
                <face v1="66" v2="68" v3="69" />
                <face v1="69" v2="67" v3="66" />
                <face v1="68" v2="70" v3="71" />
                <face v1="71" v2="69" v3="68" />
                <face v1="70" v2="72" v3="73" />
                <face v1="73" v2="71" v3="70" />
                <face v1="72" v2="48" v3="51" />
                <face v1="51" v2="73" v3="72" />
                <face v1="74" v2="75" v3="76" />
                <face v1="76" v2="77" v3="74" />
                <face v1="78" v2="79" v3="80" />
                <face v1="80" v2="81" v3="78" />
                <face v1="82" v2="83" v3="84" />
                <face v1="84" v2="85" v3="82" />
                <face v1="86" v2="87" v3="88" />
                <face v1="88" v2="89" v3="86" />
                <face v1="87" v2="90" v3="91" />
                <face v1="91" v2="88" v3="87" />
                <face v1="90" v2="92" v3="93" />
                <face v1="93" v2="91" v3="90" />
                <face v1="92" v2="94" v3="95" />
                <face v1="95" v2="93" v3="92" />
                <face v1="94" v2="96" v3="97" />
                <face v1="97" v2="95" v3="94" />
                <face v1="96" v2="98" v3="99" />
                <face v1="99" v2="97" v3="96" />
                <face v1="98" v2="100" v3="101" />
                <face v1="101" v2="99" v3="98" />
                <face v1="100" v2="102" v3="103" />
                <face v1="103" v2="101" v3="100" />
                <face v1="102" v2="104" v3="105" />
                <face v1="105" v2="103" v3="102" />
                <face v1="104" v2="106" v3="107" />
                <face v1="107" v2="105" v3="104" />
                <face v1="106" v2="108" v3="109" />
                <face v1="109" v2="107" v3="106" />
                <face v1="108" v2="86" v3="89" />
                <face v1="89" v2="109" v3="108" />
                <face v1="88" v2="110" v3="111" />
                <face v1="111" v2="89" v3="88" />
                <face v1="112" v2="110" v3="88" />
                <face v1="88" v2="91" v3="112" />
                <face v1="91" v2="93" v3="113" />
                <face v1="113" v2="112" v3="91" />
                <face v1="93" v2="95" v3="114" />
                <face v1="114" v2="113" v3="93" />
                <face v1="95" v2="97" v3="115" />
                <face v1="115" v2="114" v3="95" />
                <face v1="97" v2="99" v3="116" />
                <face v1="116" v2="115" v3="97" />
                <face v1="99" v2="101" v3="117" />
                <face v1="117" v2="116" v3="99" />
                <face v1="101" v2="103" v3="118" />
                <face v1="118" v2="117" v3="101" />
                <face v1="103" v2="105" v3="119" />
                <face v1="119" v2="118" v3="103" />
                <face v1="105" v2="107" v3="120" />
                <face v1="120" v2="119" v3="105" />
                <face v1="107" v2="109" v3="121" />
                <face v1="121" v2="120" v3="107" />
                <face v1="109" v2="89" v3="111" />
                <face v1="111" v2="121" v3="109" />
                <face v1="122" v2="123" v3="124" />
                <face v1="123" v2="125" v3="124" />
                <face v1="125" v2="126" v3="124" />
                <face v1="126" v2="127" v3="124" />
                <face v1="127" v2="128" v3="124" />
                <face v1="128" v2="129" v3="124" />
                <face v1="129" v2="130" v3="124" />
                <face v1="130" v2="131" v3="124" />
                <face v1="131" v2="132" v3="124" />
                <face v1="132" v2="133" v3="124" />
                <face v1="133" v2="134" v3="124" />
                <face v1="134" v2="122" v3="124" />
                <face v1="135" v2="136" v3="137" />
                <face v1="137" v2="138" v3="135" />
                <face v1="139" v2="140" v3="141" />
                <face v1="141" v2="142" v3="139" />
                <face v1="143" v2="144" v3="145" />
                <face v1="145" v2="146" v3="143" />
            </faces>
            <geometry vertexcount="147">
                <vertexbuffer positions="true" normals="true" colours_diffuse="true" texture_coord_dimensions_0="float2" texture_coords="1">
                    <vertex>
                        <position x="-1.80445" y="10.4671" z="21.1537" />
                        <normal x="-1" y="0" z="-0" />
                        <colour_diffuse value="1 1 1 1" />
                        <texcoord u="0.533061" v="0.53855" />
                    </vertex>
                    <vertex>
                        <position x="-1.80445" y="10.4671" z="17.7496" />
                        <normal x="-1" y="0" z="0" />
                        <colour_diffuse value="1 1 1 1" />
                        <texcoord u="0.533061" v="0.592494" />
                    </vertex>
                    <vertex>
                        <position x="-1.80445" y="1.59248" z="17.7497" />
                        <normal x="-1" y="2.71571e-008" z="3.00812e-008" />
                        <colour_diffuse value="1 1 1 1" />
                        <texcoord u="0.743394" v="0.592493" />
                    </vertex>
                    <vertex>
                        <position x="-1.80445" y="-2.17819" z="21.1538" />
                        <normal x="-1" y="2.26073e-008" z="3.13591e-008" />
                        <colour_diffuse value="1 1 1 1" />
                        <texcoord u="0.832761" v="0.538548" />
                    </vertex>
                    <vertex>
                        <position x="1.61825" y="10.4671" z="17.7496" />
                        <normal x="0" y="-6.01782e-006" z="-1" />
                        <colour_diffuse value="1 1 1 1" />
                        <texcoord u="0.533061" v="0.538548" />
                    </vertex>
                    <vertex>
                        <position x="1.61825" y="1.59248" z="17.7497" />
                        <normal x="0" y="-6.01782e-006" z="-1" />
                        <colour_diffuse value="1 1 1 1" />
                        <texcoord u="0.533061" v="0.748881" />
                    </vertex>
                    <vertex>
                        <position x="-1.80445" y="1.59248" z="17.7497" />
                        <normal x="0" y="-6.01782e-006" z="-1" />
                        <colour_diffuse value="1 1 1 1" />
                        <texcoord u="0.832761" v="0.748881" />
                    </vertex>
                    <vertex>
                        <position x="-1.80445" y="10.4671" z="17.7496" />
                        <normal x="0" y="-6.01782e-006" z="-1" />
                        <colour_diffuse value="1 1 1 1" />
                        <texcoord u="0.832761" v="0.538548" />
                    </vertex>
                    <vertex>
                        <position x="1.61825" y="10.4671" z="17.7496" />
                        <normal x="1" y="0" z="-0" />
                        <colour_diffuse value="1 1 1 1" />
                        <texcoord u="0.832761" v="0.592494" />
                    </vertex>
                    <vertex>
                        <position x="1.61825" y="10.4671" z="21.1537" />
                        <normal x="1" y="0" z="-0" />
                        <colour_diffuse value="1 1 1 1" />
                        <texcoord u="0.832761" v="0.53855" />
                    </vertex>
                    <vertex>
                        <position x="1.61825" y="-2.17819" z="21.1538" />
                        <normal x="1" y="0" z="-0" />
                        <colour_diffuse value="1 1 1 1" />
                        <texcoord u="0.533061" v="0.538548" />
                    </vertex>
                    <vertex>
                        <position x="1.61825" y="1.59248" z="17.7497" />
                        <normal x="1" y="0" z="-0" />
                        <colour_diffuse value="1 1 1 1" />
                        <texcoord u="0.622428" v="0.592493" />
                    </vertex>
                    <vertex>
                        <position x="1.61825" y="10.4671" z="21.1537" />
                        <normal x="0" y="7.54174e-006" z="1" />
                        <colour_diffuse value="1 1 1 1" />
                        <texcoord u="0.832761" v="0.538548" />
                    </vertex>
                    <vertex>
                        <position x="-1.80445" y="10.4671" z="21.1537" />
                        <normal x="0" y="7.54174e-006" z="1" />
                        <colour_diffuse value="1 1 1 1" />
                        <texcoord u="0.533061" v="0.538548" />
                    </vertex>
                    <vertex>
                        <position x="-1.80445" y="-2.17819" z="21.1538" />
                        <normal x="0" y="7.54174e-006" z="1" />
                        <colour_diffuse value="1 1 1 1" />
                        <texcoord u="0.533061" v="0.838248" />
                    </vertex>
                    <vertex>
                        <position x="1.61825" y="-2.17819" z="21.1538" />
                        <normal x="0" y="7.54174e-006" z="1" />
                        <colour_diffuse value="1 1 1 1" />
                        <texcoord u="0.832761" v="0.838248" />
                    </vertex>
                    <vertex>
                        <position x="1.61825" y="-2.17819" z="21.1538" />
                        <normal x="0" y="-1" z="4.0341e-007" />
                        <colour_diffuse value="1 1 1 1" />
                        <texcoord u="0.832761" v="0.538548" />
                    </vertex>
                    <vertex>
                        <position x="-1.80445" y="-2.17819" z="21.1538" />
                        <normal x="0" y="-1" z="4.0341e-007" />
                        <colour_diffuse value="1 1 1 1" />
                        <texcoord u="0.533061" v="0.538548" />
                    </vertex>
                    <vertex>
                        <position x="-1.80445" y="-2.1782" z="2.24152" />
                        <normal x="0" y="-1" z="4.0341e-007" />
                        <colour_diffuse value="1 1 1 1" />
                        <texcoord u="0.533061" v="0.838247" />
                    </vertex>
                    <vertex>
                        <position x="1.61825" y="-2.1782" z="2.24152" />
                        <normal x="-0" y="-1" z="4.0341e-007" />
                        <colour_diffuse value="1 1 1 1" />
                        <texcoord u="0.832761" v="0.838247" />
                    </vertex>
                    <vertex>
                        <position x="-1.80445" y="1.59248" z="2.24145" />
                        <normal x="-1" y="6.95627e-009" z="5.18129e-008" />
                        <colour_diffuse value="1 1 1 1" />
                        <texcoord u="0.743394" v="0.838248" />
                    </vertex>
                    <vertex>
                        <position x="-1.80445" y="-2.1782" z="2.24152" />
                        <normal x="-1" y="9.18269e-013" z="5.04262e-008" />
                        <colour_diffuse value="1 1 1 1" />
                        <texcoord u="0.832761" v="0.838247" />
                    </vertex>
                    <vertex>
                        <position x="-1.80445" y="1.59248" z="17.7497" />
                        <normal x="0" y="1" z="-3.68969e-007" />
                        <colour_diffuse value="1 1 1 1" />
                        <texcoord u="0.832761" v="0.592493" />
                    </vertex>
                    <vertex>
                        <position x="1.61825" y="1.59248" z="17.7497" />
                        <normal x="0" y="1" z="-3.68969e-007" />
                        <colour_diffuse value="1 1 1 1" />
                        <texcoord u="0.533061" v="0.592493" />
                    </vertex>
                    <vertex>
                        <position x="1.61825" y="1.59248" z="2.24145" />
                        <normal x="0" y="1" z="-3.68969e-007" />
                        <colour_diffuse value="1 1 1 1" />
                        <texcoord u="0.533061" v="0.838248" />
                    </vertex>
                    <vertex>
                        <position x="-1.80445" y="1.59248" z="2.24145" />
                        <normal x="-0" y="1" z="-3.68969e-007" />
                        <colour_diffuse value="1 1 1 1" />
                        <texcoord u="0.832761" v="0.838248" />
                    </vertex>
                    <vertex>
                        <position x="1.61825" y="-2.1782" z="2.24152" />
                        <normal x="1" y="0" z="-0" />
                        <colour_diffuse value="1 1 1 1" />
                        <texcoord u="0.533061" v="0.838247" />
                    </vertex>
                    <vertex>
                        <position x="1.61825" y="1.59248" z="2.24145" />
                        <normal x="1" y="0" z="-0" />
                        <colour_diffuse value="1 1 1 1" />
                        <texcoord u="0.622428" v="0.838248" />
                    </vertex>
                    <vertex>
                        <position x="-7.16051" y="7.49306" z="2.44876" />
                        <normal x="-1" y="0" z="-0" />
                        <colour_diffuse value="1 1 1 1" />
                        <texcoord u="0.447156" v="0.49206" />
                    </vertex>
                    <vertex>
                        <position x="-7.16051" y="7.49307" z="3.05176e-005" />
                        <normal x="-1" y="-0" z="-0" />
                        <colour_diffuse value="1 1 1 1" />
                        <texcoord u="0.447156" v="0.49206" />
                    </vertex>
                    <vertex>
                        <position x="-7.16051" y="-8.07877" z="-0.0382004" />
                        <normal x="-1" y="0" z="-0" />
                        <colour_diffuse value="1 1 1 1" />
                        <texcoord u="0.447156" v="0.89166" />
                    </vertex>
                    <vertex>
                        <position x="-7.16051" y="-8.07877" z="2.44861" />
                        <normal x="-1" y="0" z="-0" />
                        <colour_diffuse value="1 1 1 1" />
                        <texcoord u="0.447156" v="0.89166" />
                    </vertex>
                    <vertex>
                        <position x="-7.16051" y="-8.07877" z="2.44861" />
                        <normal x="0" y="-1" z="-7.66986e-007" />
                        <colour_diffuse value="1 1 1 1" />
                        <texcoord u="0.447156" v="0.89166" />
                    </vertex>
                    <vertex>
                        <position x="-7.16051" y="-8.07877" z="-0.0382004" />
                        <normal x="0" y="-1" z="-7.66986e-007" />
                        <colour_diffuse value="1 1 1 1" />
                        <texcoord u="0.447156" v="0.89166" />
                    </vertex>
                    <vertex>
                        <position x="6.97431" y="-8.07877" z="-0.0382004" />
                        <normal x="0" y="-1" z="-7.66986e-007" />
                        <colour_diffuse value="1 1 1 1" />
                        <texcoord u="0.846757" v="0.89166" />
                    </vertex>
                    <vertex>
                        <position x="6.97431" y="-8.07877" z="2.44861" />
                        <normal x="0" y="-1" z="-7.66986e-007" />
                        <colour_diffuse value="1 1 1 1" />
                        <texcoord u="0.846757" v="0.89166" />
                    </vertex>
                    <vertex>
                        <position x="6.97431" y="-8.07877" z="2.44861" />
                        <normal x="1" y="-3.50441e-012" z="3.83493e-007" />
                        <colour_diffuse value="1 1 1 1" />
                        <texcoord u="0.846757" v="0.89166" />
                    </vertex>
                    <vertex>
                        <position x="6.97431" y="-8.07877" z="-0.0382004" />
                        <normal x="1" y="-3.476e-012" z="3.83493e-007" />
                        <colour_diffuse value="1 1 1 1" />
                        <texcoord u="0.846757" v="0.89166" />
                    </vertex>
                    <vertex>
                        <position x="6.97431" y="7.49307" z="-0.0380592" />
                        <normal x="1" y="-3.72941e-012" z="3.83492e-007" />
                        <colour_diffuse value="1 1 1 1" />
                        <texcoord u="0.846757" v="0.49206" />
                    </vertex>
                    <vertex>
                        <position x="6.97431" y="7.49306" z="2.44876" />
                        <normal x="1" y="-3.75782e-012" z="3.83491e-007" />
                        <colour_diffuse value="1 1 1 1" />
                        <texcoord u="0.846757" v="0.49206" />
                    </vertex>
                    <vertex>
                        <position x="6.97431" y="7.49306" z="2.44876" />
                        <normal x="6.37841e-008" y="1" z="1.5791e-006" />
                        <colour_diffuse value="1 1 1 1" />
                        <texcoord u="0.846757" v="0.49206" />
                    </vertex>
                    <vertex>
                        <position x="6.97431" y="7.49307" z="-0.0380592" />
                        <normal x="7.16035e-008" y="1" z="1.53397e-006" />
                        <colour_diffuse value="1 1 1 1" />
                        <texcoord u="0.846757" v="0.49206" />
                    </vertex>
                    <vertex>
                        <position x="-7.16051" y="7.49307" z="3.05176e-005" />
                        <normal x="7.92869e-009" y="1" z="1.90152e-006" />
                        <colour_diffuse value="1 1 1 1" />
                        <texcoord u="0.447156" v="0.49206" />
                    </vertex>
                    <vertex>
                        <position x="-7.16051" y="7.49306" z="2.44876" />
                        <normal x="0" y="1" z="1.94728e-006" />
                        <colour_diffuse value="1 1 1 1" />
                        <texcoord u="0.447156" v="0.49206" />
                    </vertex>
                    <vertex>
                        <position x="6.97431" y="7.49306" z="2.44876" />
                        <normal x="0" y="-9.79897e-006" z="1" />
                        <colour_diffuse value="1 1 1 1" />
                        <texcoord u="0.846757" v="0.49206" />
                    </vertex>
                    <vertex>
                        <position x="-7.16051" y="7.49306" z="2.44876" />
                        <normal x="0" y="-9.79897e-006" z="1" />
                        <colour_diffuse value="1 1 1 1" />
                        <texcoord u="0.447156" v="0.49206" />
                    </vertex>
                    <vertex>
                        <position x="-7.16051" y="-8.07877" z="2.44861" />
                        <normal x="0" y="-9.79897e-006" z="1" />
                        <colour_diffuse value="1 1 1 1" />
                        <texcoord u="0.447156" v="0.89166" />
                    </vertex>
                    <vertex>
                        <position x="6.97431" y="-8.07877" z="2.44861" />
                        <normal x="-0" y="-9.79897e-006" z="1" />
                        <colour_diffuse value="1 1 1 1" />
                        <texcoord u="0.846757" v="0.89166" />
                    </vertex>
                    <vertex>
                        <position x="-5.04265" y="9.95446" z="38.794" />
                        <normal x="0.897163" y="0.0118001" z="0.441542" />
                        <colour_diffuse value="1 1 1 1" />
                        <texcoord u="1.30141" v="0.391041" />
                    </vertex>
                    <vertex>
                        <position x="-5.98991" y="12.8705" z="38.8474" />
                        <normal x="0.737625" y="0.502926" z="0.450528" />
                        <colour_diffuse value="1 1 1 1" />
                        <texcoord u="1.56789" v="0.390405" />
                    </vertex>
                    <vertex>
                        <position x="-9.86963" y="11.6287" z="46.5857" />
                        <normal x="0.737624" y="0.502926" z="0.450528" />
                        <colour_diffuse value="1 1 1 1" />
                        <texcoord u="1.56667" v="0.00119841" />
                    </vertex>
                    <vertex>
                        <position x="-8.82834" y="8.42319" z="46.527" />
                        <normal x="0.897163" y="0.0118001" z="0.441542" />
                        <colour_diffuse value="1 1 1 1" />
                        <texcoord u="1.3" v="0.00189745" />
                    </vertex>
                    <vertex>
                        <position x="-8.05803" y="15.0052" z="38.0927" />
                        <normal x="0.389309" y="0.862455" z="0.323435" />
                        <colour_diffuse value="1 1 1 1" />
                        <texcoord u="1.83404" v="0.38994" />
                    </vertex>
                    <vertex>
                        <position x="-12.143" y="13.9753" z="45.7562" />
                        <normal x="0.389309" y="0.862455" z="0.323435" />
                        <colour_diffuse value="1 1 1 1" />
                        <texcoord u="1.83333" v="0.000686824" />
                    </vertex>
                    <vertex>
                        <position x="-10.6929" y="15.7866" z="36.7324" />
                        <normal x="-0.0544538" y="0.994052" z="0.0943169" />
                        <colour_diffuse value="1 1 1 1" />
                        <texcoord u="2.1" v="0.389769" />
                    </vertex>
                    <vertex>
                        <position x="-15.0394" y="14.8342" z="44.2607" />
                        <normal x="-0.0544542" y="0.994052" z="0.0943165" />
                        <colour_diffuse value="1 1 1 1" />
                        <texcoord u="2.1" v="0.000499487" />
                    </vertex>
                    <vertex>
                        <position x="-10.6929" y="15.7866" z="36.7324" />
                        <normal x="-0.0544538" y="0.994052" z="0.0943169" />
                        <colour_diffuse value="1 1 1 1" />
                        <texcoord u="-1.1" v="0.389769" />
                    </vertex>
                    <vertex>
                        <position x="-13.1884" y="15.0052" z="35.1307" />
                        <normal x="-0.474757" y="0.862455" z="-0.175433" />
                        <colour_diffuse value="1 1 1 1" />
                        <texcoord u="-0.834035" v="0.389939" />
                    </vertex>
                    <vertex>
                        <position x="-17.7826" y="13.9753" z="42.5001" />
                        <normal x="-0.474757" y="0.862455" z="-0.175434" />
                        <colour_diffuse value="1 1 1 1" />
                        <texcoord u="-0.833332" v="0.000686884" />
                    </vertex>
                    <vertex>
                        <position x="-15.0394" y="14.8342" z="44.2607" />
                        <normal x="-0.0544542" y="0.994052" z="0.0943165" />
                        <colour_diffuse value="1 1 1 1" />
                        <texcoord u="-1.1" v="0.000499487" />
                    </vertex>
                    <vertex>
                        <position x="-14.876" y="12.8705" z="33.717" />
                        <normal x="-0.758981" y="0.502926" z="-0.413537" />
                        <colour_diffuse value="1 1 1 1" />
                        <texcoord u="-0.567885" v="0.390405" />
                    </vertex>
                    <vertex>
                        <position x="-19.6377" y="11.6287" z="40.9461" />
                        <normal x="-0.758981" y="0.502926" z="-0.413537" />
                        <colour_diffuse value="1 1 1 1" />
                        <texcoord u="-0.566666" v="0.00119865" />
                    </vertex>
                    <vertex>
                        <position x="-15.3034" y="9.95446" z="32.8699" />
                        <normal x="-0.830969" y="0.0118002" z="-0.556194" />
                        <colour_diffuse value="1 1 1 1" />
                        <texcoord u="-0.30141" v="0.391041" />
                    </vertex>
                    <vertex>
                        <position x="-20.1076" y="8.42319" z="40.015" />
                        <normal x="-0.830969" y="0.0118004" z="-0.556194" />
                        <colour_diffuse value="1 1 1 1" />
                        <texcoord u="-0.3" v="0.00189781" />
                    </vertex>
                    <vertex>
                        <position x="-14.3562" y="7.03841" z="32.8166" />
                        <normal x="-0.671431" y="-0.479325" z="-0.56518" />
                        <colour_diffuse value="1 1 1 1" />
                        <texcoord u="-0.0345572" v="0.391678" />
                    </vertex>
                    <vertex>
                        <position x="-19.0663" y="5.2177" z="39.9563" />
                        <normal x="-0.67143" y="-0.479326" z="-0.56518" />
                        <colour_diffuse value="1 1 1 1" />
                        <texcoord u="-0.033334" v="0.00259662" />
                    </vertex>
                    <vertex>
                        <position x="-12.288" y="4.9037" z="33.5712" />
                        <normal x="-0.323115" y="-0.838855" z="-0.438086" />
                        <colour_diffuse value="1 1 1 1" />
                        <texcoord u="0.232625" v="0.392143" />
                    </vertex>
                    <vertex>
                        <position x="-16.7929" y="2.87111" z="40.7858" />
                        <normal x="-0.323115" y="-0.838855" z="-0.438086" />
                        <colour_diffuse value="1 1 1 1" />
                        <texcoord u="0.233332" v="0.0031082" />
                    </vertex>
                    <vertex>
                        <position x="-9.6532" y="4.12235" z="34.9316" />
                        <normal x="0.120647" y="-0.970452" z="-0.208969" />
                        <colour_diffuse value="1 1 1 1" />
                        <texcoord u="0.5" v="0.392313" />
                    </vertex>
                    <vertex>
                        <position x="-13.8965" y="2.0122" z="42.2812" />
                        <normal x="0.120647" y="-0.970452" z="-0.208969" />
                        <colour_diffuse value="1 1 1 1" />
                        <texcoord u="0.5" v="0.00329554" />
                    </vertex>
                    <vertex>
                        <position x="-7.15766" y="4.9037" z="36.5332" />
                        <normal x="0.54095" y="-0.838855" z="0.0607817" />
                        <colour_diffuse value="1 1 1 1" />
                        <texcoord u="0.767373" v="0.392143" />
                    </vertex>
                    <vertex>
                        <position x="-11.1533" y="2.87111" z="44.0419" />
                        <normal x="0.540951" y="-0.838855" z="0.0607819" />
                        <colour_diffuse value="1 1 1 1" />
                        <texcoord u="0.766667" v="0.00310814" />
                    </vertex>
                    <vertex>
                        <position x="-5.47008" y="7.0384" z="37.947" />
                        <normal x="0.825175" y="-0.479326" z="0.298885" />
                        <colour_diffuse value="1 1 1 1" />
                        <texcoord u="1.03456" v="0.391677" />
                    </vertex>
                    <vertex>
                        <position x="-9.2982" y="5.21769" z="45.5959" />
                        <normal x="0.825175" y="-0.479326" z="0.298885" />
                        <colour_diffuse value="1 1 1 1" />
                        <texcoord u="1.03333" v="0.00259626" />
                    </vertex>
                    <vertex>
                        <position x="-17.442" y="1.3165" z="32.0222" />
                        <normal x="-0.492714" y="-0.170097" z="0.853405" />
                        <colour_diffuse value="1 1 1 1" />
                        <texcoord u="0.7234" v="0.995664" />
                    </vertex>
                    <vertex>
                        <position x="-3.23558" y="1.31651" z="40.2243" />
                        <normal x="-0.492714" y="-0.170097" z="0.853405" />
                        <colour_diffuse value="1 1 1 1" />
                        <texcoord u="0.993806" v="0.995664" />
                    </vertex>
                    <vertex>
                        <position x="-4.67464" y="17.9904" z="42.7168" />
                        <normal x="-0.492714" y="-0.170097" z="0.853405" />
                        <colour_diffuse value="1 1 1 1" />
                        <texcoord u="0.993806" v="0.411248" />
                    </vertex>
                    <vertex>
                        <position x="-18.881" y="17.9904" z="34.5147" />
                        <normal x="-0.492714" y="-0.170097" z="0.853405" />
                        <colour_diffuse value="1 1 1 1" />
                        <texcoord u="0.7234" v="0.411248" />
                    </vertex>
                    <vertex>
                        <position x="13.1392" y="6.94928" z="11.8624" />
                        <normal x="0.492706" y="0.170088" z="-0.853411" />
                        <colour_diffuse value="1 1 1 1" />
                        <texcoord u="0.977019" v="0.977093" />
                    </vertex>
                    <vertex>
                        <position x="-1.06733" y="6.94925" z="3.66043" />
                        <normal x="0.492706" y="0.170087" z="-0.853412" />
                        <colour_diffuse value="1 1 1 1" />
                        <texcoord u="0.518529" v="0.977092" />
                    </vertex>
                    <vertex>
                        <position x="-2.5063" y="23.6231" z="6.15281" />
                        <normal x="0.492706" y="0.170088" z="-0.853411" />
                        <colour_diffuse value="1 1 1 1" />
                        <texcoord u="0.518529" v="0.977242" />
                    </vertex>
                    <vertex>
                        <position x="11.7002" y="23.6232" z="14.3548" />
                        <normal x="0.492707" y="0.170089" z="-0.853411" />
                        <colour_diffuse value="1 1 1 1" />
                        <texcoord u="0.977019" v="0.977242" />
                    </vertex>
                    <vertex>
                        <position x="-1.06733" y="6.94925" z="3.66043" />
                        <normal x="-0.866026" y="-3.60026e-008" z="-0.5" />
                        <colour_diffuse value="1 1 1 1" />
                        <texcoord u="0.356429" v="1" />
                    </vertex>
                    <vertex>
                        <position x="-17.442" y="1.3165" z="32.0222" />
                        <normal x="-0.866026" y="1.9675e-007" z="-0.5" />
                        <colour_diffuse value="1 1 1 1" />
                        <texcoord u="0.670756" v="1" />
                    </vertex>
                    <vertex>
                        <position x="-18.881" y="17.9904" z="34.5147" />
                        <normal x="-0.866026" y="9.70628e-008" z="-0.5" />
                        <colour_diffuse value="1 1 1 1" />
                        <texcoord u="0.670756" v="0.408213" />
                    </vertex>
                    <vertex>
                        <position x="-2.5063" y="23.6231" z="6.15281" />
                        <normal x="-0.866026" y="-1.35689e-007" z="-0.5" />
                        <colour_diffuse value="1 1 1 1" />
                        <texcoord u="0.356429" v="0.408213" />
                    </vertex>
                    <vertex>
                        <position x="-8.82834" y="8.42319" z="46.527" />
                        <normal x="-0.479177" y="-0.174704" z="0.860156" />
                        <colour_diffuse value="1 1 1 1" />
                        <texcoord u="0.499228" v="0.343499" />
                    </vertex>
                    <vertex>
                        <position x="-9.86963" y="11.6287" z="46.5857" />
                        <normal x="-0.486498" y="-0.169763" z="0.85703" />
                        <colour_diffuse value="1 1 1 1" />
                        <texcoord u="0.498425" v="0.340502" />
                    </vertex>
                    <vertex>
                        <position x="-10.9376" y="10.8879" z="45.8355" />
                        <normal x="-0.786985" y="-0.404249" z="0.466086" />
                        <colour_diffuse value="1 1 1 1" />
                        <texcoord u="0.497229" v="0.341192" />
                    </vertex>
                    <vertex>
                        <position x="-9.96113" y="8.41959" z="45.8966" />
                        <normal x="-0.831853" y="-0.171956" z="0.527685" />
                        <colour_diffuse value="1 1 1 1" />
                        <texcoord u="0.498035" v="0.343499" />
                    </vertex>
                    <vertex>
                        <position x="-12.143" y="13.9753" z="45.7562" />
                        <normal x="-0.49224" y="-0.1755" z="0.852584" />
                        <colour_diffuse value="1 1 1 1" />
                        <texcoord u="0.496231" v="0.338308" />
                    </vertex>
                    <vertex>
                        <position x="-12.6058" y="12.8701" z="45.2615" />
                        <normal x="-0.614861" y="-0.539097" z="0.575604" />
                        <colour_diffuse value="1 1 1 1" />
                        <texcoord u="0.495635" v="0.339341" />
                    </vertex>
                    <vertex>
                        <position x="-15.0394" y="14.8342" z="44.2607" />
                        <normal x="-0.49224" y="-0.175498" z="0.852584" />
                        <colour_diffuse value="1 1 1 1" />
                        <texcoord u="0.493234" v="0.337505" />
                    </vertex>
                    <vertex>
                        <position x="-14.9256" y="13.5581" z="44.0637" />
                        <normal x="-0.392364" y="-0.619841" z="0.679593" />
                        <colour_diffuse value="1 1 1 1" />
                        <texcoord u="0.493234" v="0.338698" />
                    </vertex>
                    <vertex>
                        <position x="-17.7826" y="13.9753" z="42.5001" />
                        <normal x="-0.492239" y="-0.175501" z="0.852584" />
                        <colour_diffuse value="1 1 1 1" />
                        <texcoord u="0.490237" v="0.338308" />
                    </vertex>
                    <vertex>
                        <position x="-17.1228" y="12.8701" z="42.6536" />
                        <normal x="-0.193319" y="-0.557521" z="0.80734" />
                        <colour_diffuse value="1 1 1 1" />
                        <texcoord u="0.490834" v="0.339341" />
                    </vertex>
                    <vertex>
                        <position x="-19.6377" y="11.6287" z="40.9461" />
                        <normal x="-0.49224" y="-0.175499" z="0.852584" />
                        <colour_diffuse value="1 1 1 1" />
                        <texcoord u="0.488043" v="0.340502" />
                    </vertex>
                    <vertex>
                        <position x="-18.6087" y="10.9906" z="41.4088" />
                        <normal x="-0.0587172" y="-0.387257" z="0.9201" />
                        <colour_diffuse value="1 1 1 1" />
                        <texcoord u="0.489076" v="0.341098" />
                    </vertex>
                    <vertex>
                        <position x="-20.1076" y="8.42319" z="40.015" />
                        <normal x="-0.492241" y="-0.175499" z="0.852583" />
                        <colour_diffuse value="1 1 1 1" />
                        <texcoord u="0.48724" v="0.343499" />
                    </vertex>
                    <vertex>
                        <position x="-18.985" y="8.42319" z="40.6631" />
                        <normal x="-0.0246263" y="-0.154673" z="0.987659" />
                        <colour_diffuse value="1 1 1 1" />
                        <texcoord u="0.488433" v="0.343499" />
                    </vertex>
                    <vertex>
                        <position x="-19.0663" y="5.2177" z="39.9563" />
                        <normal x="-0.492242" y="-0.175501" z="0.852583" />
                        <colour_diffuse value="1 1 1 1" />
                        <texcoord u="0.488043" v="0.346496" />
                    </vertex>
                    <vertex>
                        <position x="-18.151" y="5.85575" z="40.6161" />
                        <normal x="-0.100181" y="0.0779102" z="0.991914" />
                        <colour_diffuse value="1 1 1 1" />
                        <texcoord u="0.489076" v="0.345899" />
                    </vertex>
                    <vertex>
                        <position x="-16.7929" y="2.87111" z="40.7858" />
                        <normal x="-0.49224" y="-0.175497" z="0.852585" />
                        <colour_diffuse value="1 1 1 1" />
                        <texcoord u="0.490237" v="0.34869" />
                    </vertex>
                    <vertex>
                        <position x="-16.3301" y="3.97626" z="41.2805" />
                        <normal x="-0.265133" y="0.248177" z="0.931726" />
                        <colour_diffuse value="1 1 1 1" />
                        <texcoord u="0.490834" v="0.347656" />
                    </vertex>
                    <vertex>
                        <position x="-13.8965" y="2.0122" z="42.2812" />
                        <normal x="-0.492239" y="-0.175499" z="0.852585" />
                        <colour_diffuse value="1 1 1 1" />
                        <texcoord u="0.493234" v="0.349493" />
                    </vertex>
                    <vertex>
                        <position x="-14.0103" y="3.28831" z="42.4783" />
                        <normal x="-0.475287" y="0.310496" z="0.823222" />
                        <colour_diffuse value="1 1 1 1" />
                        <texcoord u="0.493234" v="0.3483" />
                    </vertex>
                    <vertex>
                        <position x="-11.1533" y="2.87111" z="44.0419" />
                        <normal x="-0.492241" y="-0.175499" z="0.852584" />
                        <colour_diffuse value="1 1 1 1" />
                        <texcoord u="0.496231" v="0.34869" />
                    </vertex>
                    <vertex>
                        <position x="-11.8131" y="3.97625" z="43.8884" />
                        <normal x="-0.674331" y="0.248175" z="0.695476" />
                        <colour_diffuse value="1 1 1 1" />
                        <texcoord u="0.495635" v="0.347656" />
                    </vertex>
                    <vertex>
                        <position x="-9.2982" y="5.21769" z="45.5959" />
                        <normal x="-0.491105" y="-0.178508" z="0.852614" />
                        <colour_diffuse value="1 1 1 1" />
                        <texcoord u="0.498425" v="0.346496" />
                    </vertex>
                    <vertex>
                        <position x="-10.3272" y="5.85574" z="45.1331" />
                        <normal x="-0.810604" y="0.0757562" z="0.580674" />
                        <colour_diffuse value="1 1 1 1" />
                        <texcoord u="0.497392" v="0.345899" />
                    </vertex>
                    <vertex>
                        <position x="-10.695" y="10.8646" z="44.9157" />
                        <normal x="-0.831383" y="-0.516011" z="-0.206243" />
                        <colour_diffuse value="1 1 1 1" />
                        <texcoord u="0.497229" v="0.341192" />
                    </vertex>
                    <vertex>
                        <position x="-9.85908" y="8.5824" z="44.9007" />
                        <normal x="-0.986663" y="-0.102748" z="-0.126252" />
                        <colour_diffuse value="1 1 1 1" />
                        <texcoord u="0.497658" v="0.343497" />
                    </vertex>
                    <vertex>
                        <position x="-12.3105" y="12.6784" z="44.3404" />
                        <normal x="-0.554067" y="-0.832359" z="-0.0137446" />
                        <colour_diffuse value="1 1 1 1" />
                        <texcoord u="0.495446" v="0.339666" />
                    </vertex>
                    <vertex>
                        <position x="-14.4431" y="13.314" z="43.228" />
                        <normal x="-0.122696" y="-0.96936" z="0.212808" />
                        <colour_diffuse value="1 1 1 1" />
                        <texcoord u="0.493234" v="0.339073" />
                    </vertex>
                    <vertex>
                        <position x="-16.4678" y="12.6801" z="41.9286" />
                        <normal x="0.26135" y="-0.84927" z="0.458733" />
                        <colour_diffuse value="1 1 1 1" />
                        <texcoord u="0.491022" v="0.339666" />
                    </vertex>
                    <vertex>
                        <position x="-17.8369" y="10.9482" z="40.7816" />
                        <normal x="0.520981" y="-0.52085" z="0.676236" />
                        <colour_diffuse value="1 1 1 1" />
                        <texcoord u="0.489403" v="0.341285" />
                    </vertex>
                    <vertex>
                        <position x="-18.1837" y="8.5824" z="40.0944" />
                        <normal x="0.586742" y="-0.0722189" z="0.806547" />
                        <colour_diffuse value="1 1 1 1" />
                        <texcoord u="0.48881" v="0.343497" />
                    </vertex>
                    <vertex>
                        <position x="-17.4152" y="6.21658" z="40.0511" />
                        <normal x="0.441008" y="0.376413" z="0.814755" />
                        <colour_diffuse value="1 1 1 1" />
                        <texcoord u="0.489403" v="0.345709" />
                    </vertex>
                    <vertex>
                        <position x="-15.7373" y="4.48469" z="40.6634" />
                        <normal x="0.122829" y="0.704831" z="0.69866" />
                        <colour_diffuse value="1 1 1 1" />
                        <texcoord u="0.491022" v="0.347328" />
                    </vertex>
                    <vertex>
                        <position x="-13.5997" y="3.85077" z="41.7671" />
                        <normal x="-0.282536" y="0.825041" z="0.489368" />
                        <colour_diffuse value="1 1 1 1" />
                        <texcoord u="0.493234" v="0.347921" />
                    </vertex>
                    <vertex>
                        <position x="-11.575" y="4.48469" z="43.0665" />
                        <normal x="-0.666472" y="0.70483" z="0.24296" />
                        <colour_diffuse value="1 1 1 1" />
                        <texcoord u="0.495446" v="0.347328" />
                    </vertex>
                    <vertex>
                        <position x="-10.2059" y="6.21658" z="44.2135" />
                        <normal x="-0.926103" y="0.376411" z="0.0254561" />
                        <colour_diffuse value="1 1 1 1" />
                        <texcoord u="0.497065" v="0.345709" />
                    </vertex>
                    <vertex>
                        <position x="-9.85908" y="8.5824" z="44.9007" />
                        <normal x="-0.491792" y="-0.18046" z="0.851807" />
                        <colour_diffuse value="1 1 1 1" />
                        <texcoord u="0.293345" v="0.717094" />
                    </vertex>
                    <vertex>
                        <position x="-10.695" y="10.8646" z="44.9157" />
                        <normal x="-0.494686" y="-0.179876" z="0.850253" />
                        <colour_diffuse value="1 1 1 1" />
                        <texcoord u="0.281708" v="0.592148" />
                    </vertex>
                    <vertex>
                        <position x="-14.0214" y="8.5824" z="42.4975" />
                        <normal x="-0.492962" y="-0.176213" z="0.85202" />
                        <colour_diffuse value="1 1 1 1" />
                        <texcoord u="0.173465" v="0.717094" />
                    </vertex>
                    <vertex>
                        <position x="-12.3105" y="12.6784" z="44.3404" />
                        <normal x="-0.496953" y="-0.174834" z="0.849983" />
                        <colour_diffuse value="1 1 1 1" />
                        <texcoord u="0.233405" v="0.509456" />
                    </vertex>
                    <vertex>
                        <position x="-14.4431" y="13.314" z="43.228" />
                        <normal x="-0.494064" y="-0.175499" z="0.851528" />
                        <colour_diffuse value="1 1 1 1" />
                        <texcoord u="0.173465" v="0.477334" />
                    </vertex>
                    <vertex>
                        <position x="-16.4678" y="12.6801" z="41.9286" />
                        <normal x="-0.492239" y="-0.175499" z="0.852585" />
                        <colour_diffuse value="1 1 1 1" />
                        <texcoord u="0.113525" v="0.509456" />
                    </vertex>
                    <vertex>
                        <position x="-17.8369" y="10.9482" z="40.7816" />
                        <normal x="-0.492239" y="-0.175499" z="0.852585" />
                        <colour_diffuse value="1 1 1 1" />
                        <texcoord u="0.0696455" v="0.597214" />
                    </vertex>
                    <vertex>
                        <position x="-18.1837" y="8.5824" z="40.0944" />
                        <normal x="-0.49224" y="-0.1755" z="0.852584" />
                        <colour_diffuse value="1 1 1 1" />
                        <texcoord u="0.0535845" v="0.717094" />
                    </vertex>
                    <vertex>
                        <position x="-17.4152" y="6.21658" z="40.0511" />
                        <normal x="-0.492239" y="-0.175499" z="0.852585" />
                        <colour_diffuse value="1 1 1 1" />
                        <texcoord u="0.0696454" v="0.836974" />
                    </vertex>
                    <vertex>
                        <position x="-15.7373" y="4.48469" z="40.6634" />
                        <normal x="-0.49224" y="-0.175499" z="0.852584" />
                        <colour_diffuse value="1 1 1 1" />
                        <texcoord u="0.113525" v="0.924733" />
                    </vertex>
                    <vertex>
                        <position x="-13.5997" y="3.85077" z="41.7671" />
                        <normal x="-0.49224" y="-0.175499" z="0.852584" />
                        <colour_diffuse value="1 1 1 1" />
                        <texcoord u="0.173465" v="0.956854" />
                    </vertex>
                    <vertex>
                        <position x="-11.575" y="4.48469" z="43.0665" />
                        <normal x="-0.49224" y="-0.175499" z="0.852584" />
                        <colour_diffuse value="1 1 1 1" />
                        <texcoord u="0.233405" v="0.924733" />
                    </vertex>
                    <vertex>
                        <position x="-10.2059" y="6.21658" z="44.2135" />
                        <normal x="-0.49224" y="-0.175499" z="0.852584" />
                        <colour_diffuse value="1 1 1 1" />
                        <texcoord u="0.277284" v="0.836975" />
                    </vertex>
                    <vertex>
                        <position x="-2.5063" y="23.6231" z="6.15281" />
                        <normal x="-0.0847534" y="0.985529" z="0.146797" />
                        <colour_diffuse value="1 1 1 1" />
                        <texcoord u="0.356429" v="1" />
                    </vertex>
                    <vertex>
                        <position x="-18.881" y="17.9904" z="34.5147" />
                        <normal x="-0.0847533" y="0.985529" z="0.146797" />
                        <colour_diffuse value="1 1 1 1" />
                        <texcoord u="0.670756" v="1" />
                    </vertex>
                    <vertex>
                        <position x="-4.67464" y="17.9904" z="42.7168" />
                        <normal x="-0.0847534" y="0.985529" z="0.146797" />
                        <colour_diffuse value="1 1 1 1" />
                        <texcoord u="0.670756" v="0.408213" />
                    </vertex>
                    <vertex>
                        <position x="11.7002" y="23.6232" z="14.3548" />
                        <normal x="-0.0847535" y="0.985529" z="0.146797" />
                        <colour_diffuse value="1 1 1 1" />
                        <texcoord u="0.356429" v="0.408213" />
                    </vertex>
                    <vertex>
                        <position x="11.7002" y="23.6232" z="14.3548" />
                        <normal x="0.866025" y="1.40481e-007" z="0.5" />
                        <colour_diffuse value="1 1 1 1" />
                        <texcoord u="0.356429" v="1" />
                    </vertex>
                    <vertex>
                        <position x="-4.67464" y="17.9904" z="42.7168" />
                        <normal x="0.866026" y="-6.78441e-009" z="0.5" />
                        <colour_diffuse value="1 1 1 1" />
                        <texcoord u="0.670756" v="1" />
                    </vertex>
                    <vertex>
                        <position x="-3.23558" y="1.31651" z="40.2243" />
                        <normal x="0.866025" y="5.62669e-008" z="0.5" />
                        <colour_diffuse value="1 1 1 1" />
                        <texcoord u="0.670756" v="0.408213" />
                    </vertex>
                    <vertex>
                        <position x="13.1392" y="6.94928" z="11.8624" />
                        <normal x="0.866025" y="2.03533e-007" z="0.5" />
                        <colour_diffuse value="1 1 1 1" />
                        <texcoord u="0.356429" v="0.408213" />
                    </vertex>
                    <vertex>
                        <position x="13.1392" y="6.94928" z="11.8624" />
                        <normal x="0.0847537" y="-0.985529" z="-0.146797" />
                        <colour_diffuse value="1 1 1 1" />
                        <texcoord u="0.356429" v="1" />
                    </vertex>
                    <vertex>
                        <position x="-3.23558" y="1.31651" z="40.2243" />
                        <normal x="0.084754" y="-0.985529" z="-0.146797" />
                        <colour_diffuse value="1 1 1 1" />
                        <texcoord u="0.670756" v="1" />
                    </vertex>
                    <vertex>
                        <position x="-17.442" y="1.3165" z="32.0222" />
                        <normal x="0.0847539" y="-0.985529" z="-0.146797" />
                        <colour_diffuse value="1 1 1 1" />
                        <texcoord u="0.670756" v="0.408213" />
                    </vertex>
                    <vertex>
                        <position x="-1.06733" y="6.94925" z="3.66043" />
                        <normal x="0.0847536" y="-0.985529" z="-0.146797" />
                        <colour_diffuse value="1 1 1 1" />
                        <texcoord u="0.356429" v="0.408213" />
                    </vertex>
                </vertexbuffer>
            </geometry>
        </submesh>
    </submeshes>
    <submeshnames>
        <submeshname name="camera_surveillance_droite" index="0" />
    </submeshnames>
</mesh>
