<mesh>
    <submeshes>
        <submesh material="fx_selected" usesharedvertices="false" use32bitindexes="false" operationtype="triangle_list">
            <faces count="2">
                <face v1="0" v2="1" v3="2" />
                <face v1="3" v2="2" v3="1" />
            </faces>
            <geometry vertexcount="4">
                <vertexbuffer positions="true" normals="true" colours_diffuse="true" texture_coord_dimensions_0="float2" texture_coords="1">
                    <vertex>
                        <position x="-54.8518" y="2" z="-54.8518" />
                        <normal x="0" y="1" z="-0" />
                        <colour_diffuse value="1 1 1 1" />
                        <texcoord u="0" v="0" />
                    </vertex>
                    <vertex>
                        <position x="-54.8518" y="2" z="54.8518" />
                        <normal x="0" y="1" z="-0" />
                        <colour_diffuse value="1 1 1 1" />
                        <texcoord u="0" v="1" />
                    </vertex>
                    <vertex>
                        <position x="54.8518" y="2" z="-54.8518" />
                        <normal x="0" y="1" z="-0" />
                        <colour_diffuse value="1 1 1 1" />
                        <texcoord u="1" v="0" />
                    </vertex>
                    <vertex>
                        <position x="54.8518" y="2" z="54.8518" />
                        <normal x="0" y="1" z="-0" />
                        <colour_diffuse value="1 1 1 1" />
                        <texcoord u="1" v="1" />
                    </vertex>
                </vertexbuffer>
            </geometry>
        </submesh>
    </submeshes>
    <submeshnames>
        <submeshname name="fx_selected" index="0" />
    </submeshnames>
</mesh>
