<mesh>
    <submeshes>
        <submesh material="grande_etagere/bois" usesharedvertices="false" use32bitindexes="false" operationtype="triangle_list">
            <faces count="20">
                <face v1="0" v2="1" v3="2" />
                <face v1="2" v2="3" v3="0" />
                <face v1="4" v2="5" v3="6" />
                <face v1="6" v2="7" v3="4" />
                <face v1="8" v2="9" v3="10" />
                <face v1="10" v2="11" v3="8" />
                <face v1="12" v2="13" v3="14" />
                <face v1="14" v2="15" v3="12" />
                <face v1="16" v2="17" v3="18" />
                <face v1="18" v2="19" v3="16" />
                <face v1="20" v2="21" v3="22" />
                <face v1="22" v2="23" v3="20" />
                <face v1="24" v2="25" v3="26" />
                <face v1="26" v2="27" v3="24" />
                <face v1="28" v2="29" v3="30" />
                <face v1="30" v2="31" v3="28" />
                <face v1="32" v2="33" v3="34" />
                <face v1="34" v2="35" v3="32" />
                <face v1="36" v2="37" v3="38" />
                <face v1="38" v2="39" v3="36" />
            </faces>
            <geometry vertexcount="40">
                <vertexbuffer positions="true" normals="true" colours_diffuse="true" texture_coord_dimensions_0="float2" texture_coords="1">
                    <vertex>
                        <position x="119.258" y="106.433" z="-28.411" />
                        <normal x="1.86674e-007" y="-1" z="-2.70865e-007" />
                        <colour_diffuse value="1 1 1 1" />
                        <texcoord u="0.717539" v="-0.299351" />
                    </vertex>
                    <vertex>
                        <position x="119.258" y="106.433" z="32.3948" />
                        <normal x="1.91748e-007" y="-1" z="-2.50943e-007" />
                        <colour_diffuse value="1 1 1 1" />
                        <texcoord u="0.00246094" v="-0.299351" />
                    </vertex>
                    <vertex>
                        <position x="-119.473" y="106.433" z="32.3948" />
                        <normal x="1.64864e-007" y="-1" z="-3.56493e-007" />
                        <colour_diffuse value="1 1 1 1" />
                        <texcoord u="0.002461" v="0.999351" />
                    </vertex>
                    <vertex>
                        <position x="-119.473" y="106.433" z="-28.411" />
                        <normal x="1.5979e-007" y="-1" z="-3.76415e-007" />
                        <colour_diffuse value="1 1 1 1" />
                        <texcoord u="0.717539" v="0.999351" />
                    </vertex>
                    <vertex>
                        <position x="119.258" y="112.734" z="-28.411" />
                        <normal x="-1.32906e-007" y="1" z="3.56493e-007" />
                        <colour_diffuse value="1 1 1 1" />
                        <texcoord u="0.722461" v="-0.299351" />
                    </vertex>
                    <vertex>
                        <position x="-119.473" y="112.734" z="-28.411" />
                        <normal x="-1.5979e-007" y="1" z="2.50943e-007" />
                        <colour_diffuse value="1 1 1 1" />
                        <texcoord u="0.722461" v="0.999351" />
                    </vertex>
                    <vertex>
                        <position x="-119.473" y="112.734" z="32.3948" />
                        <normal x="-1.54716e-007" y="1" z="2.70865e-007" />
                        <colour_diffuse value="1 1 1 1" />
                        <texcoord u="1.43754" v="0.999351" />
                    </vertex>
                    <vertex>
                        <position x="119.258" y="112.734" z="32.3948" />
                        <normal x="-1.27832e-007" y="1" z="3.76415e-007" />
                        <colour_diffuse value="1 1 1 1" />
                        <texcoord u="1.43754" v="-0.299351" />
                    </vertex>
                    <vertex>
                        <position x="-119.473" y="106.433" z="-28.411" />
                        <normal x="-1" y="1.41937e-013" z="-2.50943e-007" />
                        <colour_diffuse value="1 1 1 1" />
                        <texcoord u="-0.722461" v="0.999351" />
                    </vertex>
                    <vertex>
                        <position x="-119.473" y="106.433" z="32.3948" />
                        <normal x="-1" y="0" z="-2.50943e-007" />
                        <colour_diffuse value="1 1 1 1" />
                        <texcoord u="0.002461" v="0.999351" />
                    </vertex>
                    <vertex>
                        <position x="-119.473" y="112.734" z="32.3948" />
                        <normal x="-1" y="9.98665e-015" z="-2.50943e-007" />
                        <colour_diffuse value="1 1 1 1" />
                        <texcoord u="-0.00246094" v="0.999351" />
                    </vertex>
                    <vertex>
                        <position x="-119.473" y="112.734" z="-28.411" />
                        <normal x="-1" y="1.51923e-013" z="-2.50943e-007" />
                        <colour_diffuse value="1 1 1 1" />
                        <texcoord u="-0.717539" v="0.999351" />
                    </vertex>
                    <vertex>
                        <position x="-119.473" y="106.433" z="32.3948" />
                        <normal x="-9.58741e-008" y="0" z="1" />
                        <colour_diffuse value="1 1 1 1" />
                        <texcoord u="0.002461" v="0.999351" />
                    </vertex>
                    <vertex>
                        <position x="119.258" y="106.433" z="32.3948" />
                        <normal x="-9.58741e-008" y="0" z="1" />
                        <colour_diffuse value="1 1 1 1" />
                        <texcoord u="0.00246094" v="-0.299351" />
                    </vertex>
                    <vertex>
                        <position x="119.258" y="112.734" z="32.3948" />
                        <normal x="-9.58741e-008" y="0" z="1" />
                        <colour_diffuse value="1 1 1 1" />
                        <texcoord u="-0.00246102" v="-0.299351" />
                    </vertex>
                    <vertex>
                        <position x="-119.473" y="112.734" z="32.3948" />
                        <normal x="-9.58741e-008" y="-0" z="1" />
                        <colour_diffuse value="1 1 1 1" />
                        <texcoord u="-0.00246094" v="0.999351" />
                    </vertex>
                    <vertex>
                        <position x="119.258" y="106.433" z="32.3948" />
                        <normal x="1" y="0" z="-0" />
                        <colour_diffuse value="1 1 1 1" />
                        <texcoord u="1.44246" v="-0.299351" />
                    </vertex>
                    <vertex>
                        <position x="119.258" y="106.433" z="-28.411" />
                        <normal x="1" y="0" z="-0" />
                        <colour_diffuse value="1 1 1 1" />
                        <texcoord u="0.717539" v="-0.299351" />
                    </vertex>
                    <vertex>
                        <position x="119.258" y="112.734" z="-28.411" />
                        <normal x="1" y="0" z="-0" />
                        <colour_diffuse value="1 1 1 1" />
                        <texcoord u="0.722461" v="-0.299351" />
                    </vertex>
                    <vertex>
                        <position x="119.258" y="112.734" z="32.3948" />
                        <normal x="1" y="0" z="0" />
                        <colour_diffuse value="1 1 1 1" />
                        <texcoord u="1.43754" v="-0.299351" />
                    </vertex>
                    <vertex>
                        <position x="119.258" y="52.826" z="-28.411" />
                        <normal x="1.5979e-007" y="-1" z="-3.13679e-007" />
                        <colour_diffuse value="1 1 1 1" />
                        <texcoord u="0.483566" v="-0.601158" />
                    </vertex>
                    <vertex>
                        <position x="119.258" y="52.826" z="32.3948" />
                        <normal x="1.5979e-007" y="-1" z="-3.13679e-007" />
                        <colour_diffuse value="1 1 1 1" />
                        <texcoord u="0.0164337" v="-0.601158" />
                    </vertex>
                    <vertex>
                        <position x="-119.473" y="52.8259" z="32.3948" />
                        <normal x="1.5979e-007" y="-1" z="-3.13679e-007" />
                        <colour_diffuse value="1 1 1 1" />
                        <texcoord u="0.0164339" v="0.861158" />
                    </vertex>
                    <vertex>
                        <position x="-119.473" y="52.8259" z="-28.411" />
                        <normal x="1.5979e-007" y="-1" z="-3.13679e-007" />
                        <colour_diffuse value="1 1 1 1" />
                        <texcoord u="0.483566" v="0.861158" />
                    </vertex>
                    <vertex>
                        <position x="119.258" y="59.127" z="-28.411" />
                        <normal x="-1.62327e-007" y="1" z="3.66454e-007" />
                        <colour_diffuse value="1 1 1 1" />
                        <texcoord u="0.516434" v="-0.601158" />
                    </vertex>
                    <vertex>
                        <position x="-119.473" y="59.1269" z="-28.411" />
                        <normal x="-1.75769e-007" y="1" z="3.13679e-007" />
                        <colour_diffuse value="1 1 1 1" />
                        <texcoord u="0.516434" v="0.861158" />
                    </vertex>
                    <vertex>
                        <position x="-119.473" y="59.1269" z="32.3948" />
                        <normal x="-1.73232e-007" y="1" z="3.2364e-007" />
                        <colour_diffuse value="1 1 1 1" />
                        <texcoord u="0.983566" v="0.861158" />
                    </vertex>
                    <vertex>
                        <position x="119.258" y="59.127" z="32.3948" />
                        <normal x="-1.5979e-007" y="1" z="3.76415e-007" />
                        <colour_diffuse value="1 1 1 1" />
                        <texcoord u="0.983566" v="-0.601158" />
                    </vertex>
                    <vertex>
                        <position x="-119.473" y="52.8259" z="-28.411" />
                        <normal x="-1" y="1.99735e-014" z="-2.50943e-007" />
                        <colour_diffuse value="1 1 1 1" />
                        <texcoord u="-0.516434" v="0.861158" />
                    </vertex>
                    <vertex>
                        <position x="-119.473" y="52.8259" z="32.3948" />
                        <normal x="-1" y="3.03847e-013" z="-2.50943e-007" />
                        <colour_diffuse value="1 1 1 1" />
                        <texcoord u="0.0164339" v="0.861158" />
                    </vertex>
                    <vertex>
                        <position x="-119.473" y="59.1269" z="32.3948" />
                        <normal x="-1" y="2.83873e-013" z="-2.50943e-007" />
                        <colour_diffuse value="1 1 1 1" />
                        <texcoord u="-0.0164338" v="0.861158" />
                    </vertex>
                    <vertex>
                        <position x="-119.473" y="59.1269" z="-28.411" />
                        <normal x="-1" y="0" z="-2.50943e-007" />
                        <colour_diffuse value="1 1 1 1" />
                        <texcoord u="-0.483566" v="0.861158" />
                    </vertex>
                    <vertex>
                        <position x="-119.473" y="52.8259" z="32.3948" />
                        <normal x="-9.58739e-008" y="-1.21082e-006" z="1" />
                        <colour_diffuse value="1 1 1 1" />
                        <texcoord u="0.0164339" v="0.861158" />
                    </vertex>
                    <vertex>
                        <position x="119.258" y="52.826" z="32.3948" />
                        <normal x="-9.58739e-008" y="-1.21082e-006" z="1" />
                        <colour_diffuse value="1 1 1 1" />
                        <texcoord u="0.0164337" v="-0.601158" />
                    </vertex>
                    <vertex>
                        <position x="119.258" y="59.127" z="32.3948" />
                        <normal x="-9.58739e-008" y="-1.21082e-006" z="1" />
                        <colour_diffuse value="1 1 1 1" />
                        <texcoord u="-0.016434" v="-0.601158" />
                    </vertex>
                    <vertex>
                        <position x="-119.473" y="59.1269" z="32.3948" />
                        <normal x="-9.58739e-008" y="-1.21082e-006" z="1" />
                        <colour_diffuse value="1 1 1 1" />
                        <texcoord u="-0.0164338" v="0.861158" />
                    </vertex>
                    <vertex>
                        <position x="119.258" y="52.826" z="32.3948" />
                        <normal x="1" y="0" z="-0" />
                        <colour_diffuse value="1 1 1 1" />
                        <texcoord u="1.01643" v="-0.601158" />
                    </vertex>
                    <vertex>
                        <position x="119.258" y="52.826" z="-28.411" />
                        <normal x="1" y="-0" z="-0" />
                        <colour_diffuse value="1 1 1 1" />
                        <texcoord u="0.483566" v="-0.601158" />
                    </vertex>
                    <vertex>
                        <position x="119.258" y="59.127" z="-28.411" />
                        <normal x="1" y="0" z="-0" />
                        <colour_diffuse value="1 1 1 1" />
                        <texcoord u="0.516434" v="-0.601158" />
                    </vertex>
                    <vertex>
                        <position x="119.258" y="59.127" z="32.3948" />
                        <normal x="1" y="0" z="0" />
                        <colour_diffuse value="1 1 1 1" />
                        <texcoord u="0.983566" v="-0.601158" />
                    </vertex>
                </vertexbuffer>
            </geometry>
        </submesh>
        <submesh material="grande_etagere/metal" usesharedvertices="false" use32bitindexes="false" operationtype="triangle_list">
            <faces count="288">
                <face v1="0" v2="1" v3="2" />
                <face v1="2" v2="3" v3="0" />
                <face v1="4" v2="0" v3="3" />
                <face v1="3" v2="5" v3="4" />
                <face v1="6" v2="4" v3="5" />
                <face v1="5" v2="7" v3="6" />
                <face v1="8" v2="6" v3="7" />
                <face v1="7" v2="9" v3="8" />
                <face v1="10" v2="11" v3="12" />
                <face v1="12" v2="13" v3="10" />
                <face v1="14" v2="10" v3="13" />
                <face v1="13" v2="15" v3="14" />
                <face v1="16" v2="14" v3="15" />
                <face v1="15" v2="17" v3="16" />
                <face v1="18" v2="16" v3="17" />
                <face v1="17" v2="19" v3="18" />
                <face v1="20" v2="21" v3="1" />
                <face v1="1" v2="0" v3="20" />
                <face v1="22" v2="20" v3="0" />
                <face v1="0" v2="4" v3="22" />
                <face v1="23" v2="22" v3="4" />
                <face v1="4" v2="6" v3="23" />
                <face v1="24" v2="23" v3="6" />
                <face v1="6" v2="8" v3="24" />
                <face v1="25" v2="26" v3="11" />
                <face v1="11" v2="10" v3="25" />
                <face v1="27" v2="25" v3="10" />
                <face v1="10" v2="14" v3="27" />
                <face v1="28" v2="27" v3="14" />
                <face v1="14" v2="16" v3="28" />
                <face v1="29" v2="28" v3="16" />
                <face v1="16" v2="18" v3="29" />
                <face v1="30" v2="31" v3="21" />
                <face v1="21" v2="20" v3="30" />
                <face v1="32" v2="30" v3="20" />
                <face v1="20" v2="22" v3="32" />
                <face v1="33" v2="32" v3="22" />
                <face v1="22" v2="23" v3="33" />
                <face v1="34" v2="33" v3="23" />
                <face v1="23" v2="24" v3="34" />
                <face v1="35" v2="36" v3="26" />
                <face v1="26" v2="25" v3="35" />
                <face v1="37" v2="35" v3="25" />
                <face v1="25" v2="27" v3="37" />
                <face v1="38" v2="37" v3="27" />
                <face v1="27" v2="28" v3="38" />
                <face v1="39" v2="38" v3="28" />
                <face v1="28" v2="29" v3="39" />
                <face v1="40" v2="41" v3="31" />
                <face v1="31" v2="30" v3="40" />
                <face v1="42" v2="40" v3="30" />
                <face v1="30" v2="32" v3="42" />
                <face v1="43" v2="42" v3="32" />
                <face v1="32" v2="33" v3="43" />
                <face v1="44" v2="43" v3="33" />
                <face v1="33" v2="34" v3="44" />
                <face v1="45" v2="46" v3="36" />
                <face v1="36" v2="35" v3="45" />
                <face v1="47" v2="45" v3="35" />
                <face v1="35" v2="37" v3="47" />
                <face v1="48" v2="47" v3="37" />
                <face v1="37" v2="38" v3="48" />
                <face v1="49" v2="48" v3="38" />
                <face v1="38" v2="39" v3="49" />
                <face v1="50" v2="51" v3="41" />
                <face v1="41" v2="40" v3="50" />
                <face v1="52" v2="50" v3="40" />
                <face v1="40" v2="42" v3="52" />
                <face v1="53" v2="52" v3="42" />
                <face v1="42" v2="43" v3="53" />
                <face v1="54" v2="53" v3="43" />
                <face v1="43" v2="44" v3="54" />
                <face v1="55" v2="56" v3="46" />
                <face v1="46" v2="45" v3="55" />
                <face v1="57" v2="55" v3="45" />
                <face v1="45" v2="47" v3="57" />
                <face v1="58" v2="57" v3="47" />
                <face v1="47" v2="48" v3="58" />
                <face v1="59" v2="58" v3="48" />
                <face v1="48" v2="49" v3="59" />
                <face v1="60" v2="61" v3="51" />
                <face v1="51" v2="50" v3="60" />
                <face v1="62" v2="60" v3="50" />
                <face v1="50" v2="52" v3="62" />
                <face v1="63" v2="62" v3="52" />
                <face v1="52" v2="53" v3="63" />
                <face v1="64" v2="63" v3="53" />
                <face v1="53" v2="54" v3="64" />
                <face v1="65" v2="66" v3="56" />
                <face v1="56" v2="55" v3="65" />
                <face v1="67" v2="65" v3="55" />
                <face v1="55" v2="57" v3="67" />
                <face v1="68" v2="67" v3="57" />
                <face v1="57" v2="58" v3="68" />
                <face v1="69" v2="68" v3="58" />
                <face v1="58" v2="59" v3="69" />
                <face v1="2" v2="70" v3="71" />
                <face v1="71" v2="3" v3="2" />
                <face v1="3" v2="71" v3="72" />
                <face v1="72" v2="5" v3="3" />
                <face v1="5" v2="72" v3="73" />
                <face v1="73" v2="7" v3="5" />
                <face v1="7" v2="73" v3="74" />
                <face v1="74" v2="9" v3="7" />
                <face v1="13" v2="12" v3="75" />
                <face v1="75" v2="76" v3="13" />
                <face v1="15" v2="13" v3="76" />
                <face v1="76" v2="77" v3="15" />
                <face v1="17" v2="15" v3="77" />
                <face v1="77" v2="78" v3="17" />
                <face v1="19" v2="17" v3="78" />
                <face v1="78" v2="79" v3="19" />
                <face v1="80" v2="81" v3="71" />
                <face v1="71" v2="70" v3="80" />
                <face v1="81" v2="82" v3="72" />
                <face v1="72" v2="71" v3="81" />
                <face v1="82" v2="83" v3="73" />
                <face v1="73" v2="72" v3="82" />
                <face v1="83" v2="84" v3="74" />
                <face v1="74" v2="73" v3="83" />
                <face v1="75" v2="85" v3="86" />
                <face v1="86" v2="76" v3="75" />
                <face v1="76" v2="86" v3="87" />
                <face v1="87" v2="77" v3="76" />
                <face v1="77" v2="87" v3="88" />
                <face v1="88" v2="78" v3="77" />
                <face v1="88" v2="89" v3="79" />
                <face v1="79" v2="78" v3="88" />
                <face v1="61" v2="60" v3="90" />
                <face v1="90" v2="91" v3="61" />
                <face v1="60" v2="62" v3="92" />
                <face v1="92" v2="90" v3="60" />
                <face v1="62" v2="63" v3="93" />
                <face v1="93" v2="92" v3="62" />
                <face v1="63" v2="64" v3="94" />
                <face v1="94" v2="93" v3="63" />
                <face v1="66" v2="65" v3="95" />
                <face v1="95" v2="96" v3="66" />
                <face v1="65" v2="67" v3="97" />
                <face v1="97" v2="95" v3="65" />
                <face v1="67" v2="68" v3="98" />
                <face v1="98" v2="97" v3="67" />
                <face v1="68" v2="69" v3="99" />
                <face v1="99" v2="98" v3="68" />
                <face v1="100" v2="101" v3="102" />
                <face v1="102" v2="103" v3="100" />
                <face v1="104" v2="105" v3="101" />
                <face v1="101" v2="100" v3="104" />
                <face v1="106" v2="107" v3="105" />
                <face v1="105" v2="104" v3="106" />
                <face v1="108" v2="109" v3="107" />
                <face v1="107" v2="106" v3="108" />
                <face v1="110" v2="111" v3="112" />
                <face v1="112" v2="113" v3="110" />
                <face v1="114" v2="115" v3="111" />
                <face v1="111" v2="110" v3="114" />
                <face v1="116" v2="117" v3="115" />
                <face v1="115" v2="114" v3="116" />
                <face v1="118" v2="119" v3="117" />
                <face v1="117" v2="116" v3="118" />
                <face v1="120" v2="100" v3="103" />
                <face v1="103" v2="121" v3="120" />
                <face v1="122" v2="104" v3="100" />
                <face v1="100" v2="120" v3="122" />
                <face v1="123" v2="106" v3="104" />
                <face v1="104" v2="122" v3="123" />
                <face v1="124" v2="108" v3="106" />
                <face v1="106" v2="123" v3="124" />
                <face v1="125" v2="110" v3="113" />
                <face v1="113" v2="126" v3="125" />
                <face v1="127" v2="114" v3="110" />
                <face v1="110" v2="125" v3="127" />
                <face v1="128" v2="116" v3="114" />
                <face v1="114" v2="127" v3="128" />
                <face v1="129" v2="118" v3="116" />
                <face v1="116" v2="128" v3="129" />
                <face v1="130" v2="120" v3="121" />
                <face v1="121" v2="131" v3="130" />
                <face v1="132" v2="122" v3="120" />
                <face v1="120" v2="130" v3="132" />
                <face v1="133" v2="123" v3="122" />
                <face v1="122" v2="132" v3="133" />
                <face v1="134" v2="124" v3="123" />
                <face v1="123" v2="133" v3="134" />
                <face v1="135" v2="125" v3="126" />
                <face v1="126" v2="136" v3="135" />
                <face v1="137" v2="127" v3="125" />
                <face v1="125" v2="135" v3="137" />
                <face v1="138" v2="128" v3="127" />
                <face v1="127" v2="137" v3="138" />
                <face v1="139" v2="129" v3="128" />
                <face v1="128" v2="138" v3="139" />
                <face v1="140" v2="130" v3="131" />
                <face v1="131" v2="141" v3="140" />
                <face v1="142" v2="132" v3="130" />
                <face v1="130" v2="140" v3="142" />
                <face v1="143" v2="133" v3="132" />
                <face v1="132" v2="142" v3="143" />
                <face v1="144" v2="134" v3="133" />
                <face v1="133" v2="143" v3="144" />
                <face v1="145" v2="135" v3="136" />
                <face v1="136" v2="146" v3="145" />
                <face v1="147" v2="137" v3="135" />
                <face v1="135" v2="145" v3="147" />
                <face v1="148" v2="138" v3="137" />
                <face v1="137" v2="147" v3="148" />
                <face v1="149" v2="139" v3="138" />
                <face v1="138" v2="148" v3="149" />
                <face v1="150" v2="140" v3="141" />
                <face v1="141" v2="151" v3="150" />
                <face v1="152" v2="142" v3="140" />
                <face v1="140" v2="150" v3="152" />
                <face v1="153" v2="143" v3="142" />
                <face v1="142" v2="152" v3="153" />
                <face v1="154" v2="144" v3="143" />
                <face v1="143" v2="153" v3="154" />
                <face v1="155" v2="145" v3="146" />
                <face v1="146" v2="156" v3="155" />
                <face v1="157" v2="147" v3="145" />
                <face v1="145" v2="155" v3="157" />
                <face v1="158" v2="148" v3="147" />
                <face v1="147" v2="157" v3="158" />
                <face v1="159" v2="149" v3="148" />
                <face v1="148" v2="158" v3="159" />
                <face v1="160" v2="150" v3="151" />
                <face v1="151" v2="161" v3="160" />
                <face v1="162" v2="152" v3="150" />
                <face v1="150" v2="160" v3="162" />
                <face v1="163" v2="153" v3="152" />
                <face v1="152" v2="162" v3="163" />
                <face v1="164" v2="154" v3="153" />
                <face v1="153" v2="163" v3="164" />
                <face v1="165" v2="155" v3="156" />
                <face v1="156" v2="166" v3="165" />
                <face v1="167" v2="157" v3="155" />
                <face v1="155" v2="165" v3="167" />
                <face v1="168" v2="158" v3="157" />
                <face v1="157" v2="167" v3="168" />
                <face v1="169" v2="159" v3="158" />
                <face v1="158" v2="168" v3="169" />
                <face v1="102" v2="101" v3="170" />
                <face v1="170" v2="171" v3="102" />
                <face v1="101" v2="105" v3="172" />
                <face v1="172" v2="170" v3="101" />
                <face v1="105" v2="107" v3="173" />
                <face v1="173" v2="172" v3="105" />
                <face v1="107" v2="109" v3="174" />
                <face v1="174" v2="173" v3="107" />
                <face v1="111" v2="175" v3="176" />
                <face v1="176" v2="112" v3="111" />
                <face v1="115" v2="177" v3="175" />
                <face v1="175" v2="111" v3="115" />
                <face v1="117" v2="178" v3="177" />
                <face v1="177" v2="115" v3="117" />
                <face v1="119" v2="179" v3="178" />
                <face v1="178" v2="117" v3="119" />
                <face v1="180" v2="171" v3="170" />
                <face v1="170" v2="181" v3="180" />
                <face v1="181" v2="170" v3="172" />
                <face v1="172" v2="182" v3="181" />
                <face v1="182" v2="172" v3="173" />
                <face v1="173" v2="183" v3="182" />
                <face v1="183" v2="173" v3="174" />
                <face v1="174" v2="184" v3="183" />
                <face v1="176" v2="175" v3="185" />
                <face v1="185" v2="186" v3="176" />
                <face v1="175" v2="177" v3="187" />
                <face v1="187" v2="185" v3="175" />
                <face v1="177" v2="178" v3="188" />
                <face v1="188" v2="187" v3="177" />
                <face v1="188" v2="178" v3="179" />
                <face v1="179" v2="189" v3="188" />
                <face v1="161" v2="190" v3="191" />
                <face v1="191" v2="160" v3="161" />
                <face v1="160" v2="191" v3="192" />
                <face v1="192" v2="162" v3="160" />
                <face v1="162" v2="192" v3="193" />
                <face v1="193" v2="163" v3="162" />
                <face v1="163" v2="193" v3="194" />
                <face v1="194" v2="164" v3="163" />
                <face v1="166" v2="195" v3="196" />
                <face v1="196" v2="165" v3="166" />
                <face v1="165" v2="196" v3="197" />
                <face v1="197" v2="167" v3="165" />
                <face v1="167" v2="197" v3="198" />
                <face v1="198" v2="168" v3="167" />
                <face v1="168" v2="198" v3="199" />
                <face v1="199" v2="169" v3="168" />
            </faces>
            <geometry vertexcount="200">
                <vertexbuffer positions="true" normals="true" colours_diffuse="true" texture_coord_dimensions_0="float2" texture_coords="1">
                    <vertex>
                        <position x="-120.781" y="113.6" z="-5.55367" />
                        <normal x="0.731021" y="-0.362409" z="-0.578159" />
                        <colour_diffuse value="1 1 1 1" />
                        <texcoord u="0.782535" v="0.452327" />
                    </vertex>
                    <vertex>
                        <position x="-124.593" y="112.749" z="-6.91107" />
                        <normal x="5.30288e-007" y="-0.531136" z="-0.847287" />
                        <colour_diffuse value="1 1 1 1" />
                        <texcoord u="0.776848" v="0.479998" />
                    </vertex>
                    <vertex>
                        <position x="-124.593" y="133.866" z="-25.6004" />
                        <normal x="5.0544e-006" y="-0.80682" z="-0.590797" />
                        <colour_diffuse value="1 1 1 1" />
                        <texcoord u="0.917982" v="0.860992" />
                    </vertex>
                    <vertex>
                        <position x="-120.781" y="135.113" z="-24.5953" />
                        <normal x="0.736515" y="-0.546192" z="-0.399024" />
                        <colour_diffuse value="1 1 1 1" />
                        <texcoord u="0.926319" v="0.840502" />
                    </vertex>
                    <vertex>
                        <position x="-119.201" y="115.652" z="-2.27958" />
                        <normal x="0.999215" y="0.021044" z="0.0335747" />
                        <colour_diffuse value="1 1 1 1" />
                        <texcoord u="0.796252" v="0.385582" />
                    </vertex>
                    <vertex>
                        <position x="-119.201" y="138.122" z="-22.1709" />
                        <normal x="0.998586" y="0.0449492" z="0.0283984" />
                        <colour_diffuse value="1 1 1 1" />
                        <texcoord u="0.946428" v="0.791079" />
                    </vertex>
                    <vertex>
                        <position x="-120.781" y="117.704" z="0.994514" />
                        <normal x="0.691039" y="0.383903" z="0.612441" />
                        <colour_diffuse value="1 1 1 1" />
                        <texcoord u="0.809969" v="0.318838" />
                    </vertex>
                    <vertex>
                        <position x="-120.781" y="141.131" z="-19.7464" />
                        <normal x="0.684077" y="0.592284" z="0.425721" />
                        <colour_diffuse value="1 1 1 1" />
                        <texcoord u="0.966537" v="0.741655" />
                    </vertex>
                    <vertex>
                        <position x="-124.593" y="118.555" z="2.35191" />
                        <normal x="4.55677e-007" y="0.531135" z="0.847287" />
                        <colour_diffuse value="1 1 1 1" />
                        <texcoord u="0.815656" v="0.291167" />
                    </vertex>
                    <vertex>
                        <position x="-124.593" y="142.378" z="-18.7413" />
                        <normal x="-3.85671e-006" y="0.810174" z="0.58619" />
                        <colour_diffuse value="1 1 1 1" />
                        <texcoord u="0.974874" v="0.721165" />
                    </vertex>
                    <vertex>
                        <position x="-128.405" y="117.704" z="0.994514" />
                        <normal x="-0.691038" y="0.383925" z="0.612427" />
                        <colour_diffuse value="1 1 1 1" />
                        <texcoord u="0.190031" v="0.318838" />
                    </vertex>
                    <vertex>
                        <position x="-124.593" y="118.555" z="2.35191" />
                        <normal x="4.55677e-007" y="0.531135" z="0.847287" />
                        <colour_diffuse value="1 1 1 1" />
                        <texcoord u="0.184344" v="0.291167" />
                    </vertex>
                    <vertex>
                        <position x="-124.593" y="142.378" z="-18.7413" />
                        <normal x="-3.85671e-006" y="0.810174" z="0.58619" />
                        <colour_diffuse value="1 1 1 1" />
                        <texcoord u="0.0251259" v="0.721165" />
                    </vertex>
                    <vertex>
                        <position x="-128.405" y="141.131" z="-19.7464" />
                        <normal x="-0.684077" y="0.592278" z="0.425728" />
                        <colour_diffuse value="1 1 1 1" />
                        <texcoord u="0.0334629" v="0.741655" />
                    </vertex>
                    <vertex>
                        <position x="-129.986" y="115.652" z="-2.27958" />
                        <normal x="-0.999215" y="0.0210477" z="0.0335718" />
                        <colour_diffuse value="1 1 1 1" />
                        <texcoord u="0.203748" v="0.385582" />
                    </vertex>
                    <vertex>
                        <position x="-129.986" y="138.122" z="-22.1709" />
                        <normal x="-0.998585" y="0.0449588" z="0.0283999" />
                        <colour_diffuse value="1 1 1 1" />
                        <texcoord u="0.0535721" v="0.791079" />
                    </vertex>
                    <vertex>
                        <position x="-128.405" y="113.6" z="-5.55367" />
                        <normal x="-0.73102" y="-0.362437" z="-0.578142" />
                        <colour_diffuse value="1 1 1 1" />
                        <texcoord u="0.217465" v="0.452327" />
                    </vertex>
                    <vertex>
                        <position x="-128.405" y="135.113" z="-24.5953" />
                        <normal x="-0.736516" y="-0.546177" z="-0.399042" />
                        <colour_diffuse value="1 1 1 1" />
                        <texcoord u="0.0736811" v="0.840502" />
                    </vertex>
                    <vertex>
                        <position x="-124.593" y="112.749" z="-6.91107" />
                        <normal x="5.30288e-007" y="-0.531136" z="-0.847287" />
                        <colour_diffuse value="1 1 1 1" />
                        <texcoord u="0.223152" v="0.479998" />
                    </vertex>
                    <vertex>
                        <position x="-124.593" y="133.866" z="-25.6004" />
                        <normal x="5.0544e-006" y="-0.80682" z="-0.590797" />
                        <colour_diffuse value="1 1 1 1" />
                        <texcoord u="0.0820181" v="0.860992" />
                    </vertex>
                    <vertex>
                        <position x="-120.781" y="87.0858" z="5.51135" />
                        <normal x="0.730982" y="-0.156262" z="-0.664265" />
                        <colour_diffuse value="1 1 1 1" />
                        <texcoord u="0.605332" v="0.226759" />
                    </vertex>
                    <vertex>
                        <position x="-124.593" y="86.7248" z="3.95059" />
                        <normal x="-1.65492e-005" y="-0.229146" z="-0.973392" />
                        <colour_diffuse value="1 1 1 1" />
                        <texcoord u="0.602919" v="0.258576" />
                    </vertex>
                    <vertex>
                        <position x="-119.201" y="87.9567" z="9.27596" />
                        <normal x="0.999217" y="0.00917731" z="0.0384931" />
                        <colour_diffuse value="1 1 1 1" />
                        <texcoord u="0.611152" v="0.150015" />
                    </vertex>
                    <vertex>
                        <position x="-120.781" y="88.8276" z="13.0406" />
                        <normal x="0.691067" y="0.165359" z="0.703621" />
                        <colour_diffuse value="1 1 1 1" />
                        <texcoord u="0.616973" v="0.0732718" />
                    </vertex>
                    <vertex>
                        <position x="-124.593" y="89.1887" z="14.6013" />
                        <normal x="1.05008e-005" y="0.22861" z="0.973518" />
                        <colour_diffuse value="1 1 1 1" />
                        <texcoord u="0.619386" v="0.0414547" />
                    </vertex>
                    <vertex>
                        <position x="-128.405" y="88.8276" z="13.0406" />
                        <normal x="-0.691067" y="0.16537" z="0.703619" />
                        <colour_diffuse value="1 1 1 1" />
                        <texcoord u="0.383027" v="0.0732718" />
                    </vertex>
                    <vertex>
                        <position x="-124.593" y="89.1887" z="14.6013" />
                        <normal x="1.05008e-005" y="0.22861" z="0.973518" />
                        <colour_diffuse value="1 1 1 1" />
                        <texcoord u="0.380614" v="0.0414547" />
                    </vertex>
                    <vertex>
                        <position x="-129.986" y="87.9567" z="9.27596" />
                        <normal x="-0.999218" y="0.009173" z="0.0384636" />
                        <colour_diffuse value="1 1 1 1" />
                        <texcoord u="0.388848" v="0.150015" />
                    </vertex>
                    <vertex>
                        <position x="-128.405" y="87.0858" z="5.51135" />
                        <normal x="-0.730978" y="-0.156275" z="-0.664266" />
                        <colour_diffuse value="1 1 1 1" />
                        <texcoord u="0.394668" v="0.226759" />
                    </vertex>
                    <vertex>
                        <position x="-124.593" y="86.7248" z="3.95059" />
                        <normal x="-1.65492e-005" y="-0.229146" z="-0.973392" />
                        <colour_diffuse value="1 1 1 1" />
                        <texcoord u="0.397081" v="0.258576" />
                    </vertex>
                    <vertex>
                        <position x="-120.781" y="59.8205" z="7.33188" />
                        <normal x="0.729768" y="0.0616969" z="-0.680906" />
                        <colour_diffuse value="1 1 1 1" />
                        <texcoord u="0.423106" v="0.189646" />
                    </vertex>
                    <vertex>
                        <position x="-124.593" y="59.9695" z="5.73876" />
                        <normal x="-1.5197e-005" y="0.090134" z="-0.99593" />
                        <colour_diffuse value="1 1 1 1" />
                        <texcoord u="0.424101" v="0.222123" />
                    </vertex>
                    <vertex>
                        <position x="-119.201" y="59.4612" z="11.1745" />
                        <normal x="0.999284" y="-0.00333116" z="0.0376997" />
                        <colour_diffuse value="1 1 1 1" />
                        <texcoord u="0.420704" v="0.111311" />
                    </vertex>
                    <vertex>
                        <position x="-120.781" y="59.1019" z="15.0172" />
                        <normal x="0.691625" y="-0.0653214" z="0.719297" />
                        <colour_diffuse value="1 1 1 1" />
                        <texcoord u="0.418303" v="0.0329762" />
                    </vertex>
                    <vertex>
                        <position x="-124.593" y="58.9529" z="16.6103" />
                        <normal x="9.77587e-006" y="-0.0905848" z="0.995889" />
                        <colour_diffuse value="1 1 1 1" />
                        <texcoord u="0.417307" v="0.000499487" />
                    </vertex>
                    <vertex>
                        <position x="-128.405" y="59.1019" z="15.0172" />
                        <normal x="-0.691625" y="-0.0653352" z="0.719296" />
                        <colour_diffuse value="1 1 1 1" />
                        <texcoord u="0.581697" v="0.0329762" />
                    </vertex>
                    <vertex>
                        <position x="-124.593" y="58.9529" z="16.6103" />
                        <normal x="9.77587e-006" y="-0.0905848" z="0.995889" />
                        <colour_diffuse value="1 1 1 1" />
                        <texcoord u="0.582693" v="0.000499487" />
                    </vertex>
                    <vertex>
                        <position x="-129.986" y="59.4612" z="11.1745" />
                        <normal x="-0.999285" y="-0.00333165" z="0.0376719" />
                        <colour_diffuse value="1 1 1 1" />
                        <texcoord u="0.579296" v="0.111311" />
                    </vertex>
                    <vertex>
                        <position x="-128.405" y="59.8205" z="7.33188" />
                        <normal x="-0.729764" y="0.0617135" z="-0.680908" />
                        <colour_diffuse value="1 1 1 1" />
                        <texcoord u="0.576894" v="0.189646" />
                    </vertex>
                    <vertex>
                        <position x="-124.593" y="59.9695" z="5.73876" />
                        <normal x="-1.5197e-005" y="0.090134" z="-0.99593" />
                        <colour_diffuse value="1 1 1 1" />
                        <texcoord u="0.575899" v="0.222123" />
                    </vertex>
                    <vertex>
                        <position x="-120.781" y="33.7449" z="0.743935" />
                        <normal x="0.729166" y="0.267051" z="-0.63008" />
                        <colour_diffuse value="1 1 1 1" />
                        <texcoord u="0.24883" v="0.323945" />
                    </vertex>
                    <vertex>
                        <position x="-124.593" y="34.3689" z="-0.728424" />
                        <normal x="4.40627e-007" y="0.39025" z="-0.920709" />
                        <colour_diffuse value="1 1 1 1" />
                        <texcoord u="0.253001" v="0.35396" />
                    </vertex>
                    <vertex>
                        <position x="-119.201" y="32.2396" z="4.29532" />
                        <normal x="0.999316" y="-0.014427" z="0.034042" />
                        <colour_diffuse value="1 1 1 1" />
                        <texcoord u="0.23877" v="0.251548" />
                    </vertex>
                    <vertex>
                        <position x="-120.781" y="30.7343" z="7.84669" />
                        <normal x="0.691907" y="-0.281746" z="0.664744" />
                        <colour_diffuse value="1 1 1 1" />
                        <texcoord u="0.228709" v="0.179151" />
                    </vertex>
                    <vertex>
                        <position x="-124.593" y="30.1102" z="9.31905" />
                        <normal x="-1.03656e-006" y="-0.39025" z="0.920709" />
                        <colour_diffuse value="1 1 1 1" />
                        <texcoord u="0.224539" v="0.149136" />
                    </vertex>
                    <vertex>
                        <position x="-128.405" y="30.7343" z="7.84669" />
                        <normal x="-0.691907" y="-0.281764" z="0.664735" />
                        <colour_diffuse value="1 1 1 1" />
                        <texcoord u="0.771291" v="0.179151" />
                    </vertex>
                    <vertex>
                        <position x="-124.593" y="30.1102" z="9.31905" />
                        <normal x="-1.03656e-006" y="-0.39025" z="0.920709" />
                        <colour_diffuse value="1 1 1 1" />
                        <texcoord u="0.775461" v="0.149136" />
                    </vertex>
                    <vertex>
                        <position x="-129.986" y="32.2396" z="4.29532" />
                        <normal x="-0.999316" y="-0.0144308" z="0.0340404" />
                        <colour_diffuse value="1 1 1 1" />
                        <texcoord u="0.76123" v="0.251548" />
                    </vertex>
                    <vertex>
                        <position x="-128.405" y="33.7449" z="0.743935" />
                        <normal x="-0.729165" y="0.267073" z="-0.630071" />
                        <colour_diffuse value="1 1 1 1" />
                        <texcoord u="0.75117" v="0.323945" />
                    </vertex>
                    <vertex>
                        <position x="-124.593" y="34.3689" z="-0.728424" />
                        <normal x="4.40627e-007" y="0.39025" z="-0.920709" />
                        <colour_diffuse value="1 1 1 1" />
                        <texcoord u="0.746999" v="0.35396" />
                    </vertex>
                    <vertex>
                        <position x="-120.781" y="10.8774" z="-13.4131" />
                        <normal x="0.724937" y="0.43318" z="-0.535558" />
                        <colour_diffuse value="1 1 1 1" />
                        <texcoord u="0.0959967" v="0.612544" />
                    </vertex>
                    <vertex>
                        <position x="-124.593" y="11.9186" z="-14.628" />
                        <normal x="-0.00116994" y="0.623853" z="-0.781541" />
                        <colour_diffuse value="1 1 1 1" />
                        <texcoord u="0.102956" v="0.637311" />
                    </vertex>
                    <vertex>
                        <position x="-119.201" y="8.36589" z="-10.4826" />
                        <normal x="0.999473" y="-0.0205756" z="0.0250966" />
                        <colour_diffuse value="1 1 1 1" />
                        <texcoord u="0.0792113" v="0.552805" />
                    </vertex>
                    <vertex>
                        <position x="-120.781" y="5.8544" z="-7.55215" />
                        <normal x="0.693594" y="-0.459669" z="0.554645" />
                        <colour_diffuse value="1 1 1 1" />
                        <texcoord u="0.0624259" v="0.493066" />
                    </vertex>
                    <vertex>
                        <position x="-124.593" y="4.81316" z="-6.33721" />
                        <normal x="0.000354153" y="-0.638813" z="0.769362" />
                        <colour_diffuse value="1 1 1 1" />
                        <texcoord u="0.0554668" v="0.468298" />
                    </vertex>
                    <vertex>
                        <position x="-128.405" y="5.8544" z="-7.55215" />
                        <normal x="-0.693541" y="-0.45896" z="0.555298" />
                        <colour_diffuse value="1 1 1 1" />
                        <texcoord u="0.937574" v="0.493066" />
                    </vertex>
                    <vertex>
                        <position x="-124.593" y="4.81316" z="-6.33721" />
                        <normal x="0.000354153" y="-0.638813" z="0.769362" />
                        <colour_diffuse value="1 1 1 1" />
                        <texcoord u="0.944533" v="0.468298" />
                    </vertex>
                    <vertex>
                        <position x="-129.986" y="8.36589" z="-10.4826" />
                        <normal x="-0.999511" y="-0.0197425" z="0.0242441" />
                        <colour_diffuse value="1 1 1 1" />
                        <texcoord u="0.920789" v="0.552805" />
                    </vertex>
                    <vertex>
                        <position x="-128.405" y="10.8774" z="-13.4131" />
                        <normal x="-0.724778" y="0.431715" z="-0.536954" />
                        <colour_diffuse value="1 1 1 1" />
                        <texcoord u="0.904003" v="0.612544" />
                    </vertex>
                    <vertex>
                        <position x="-124.593" y="11.9186" z="-14.628" />
                        <normal x="-0.00116994" y="0.623853" z="-0.781541" />
                        <colour_diffuse value="1 1 1 1" />
                        <texcoord u="0.897044" v="0.637311" />
                    </vertex>
                    <vertex>
                        <position x="-120.781" y="8.42627" z="-15.9528" />
                        <normal x="0.728684" y="0.556496" z="-0.399164" />
                        <colour_diffuse value="1 1 1 1" />
                        <texcoord u="0.0796148" v="0.664318" />
                    </vertex>
                    <vertex>
                        <position x="-124.593" y="9.79893" z="-16.7787" />
                        <normal x="-0.00128626" y="0.809472" z="-0.587158" />
                        <colour_diffuse value="1 1 1 1" />
                        <texcoord u="0.0887889" v="0.681155" />
                    </vertex>
                    <vertex>
                        <position x="-119.201" y="5.11536" z="-13.9607" />
                        <normal x="0.999408" y="-0.0270614" z="0.0212665" />
                        <colour_diffuse value="1 1 1 1" />
                        <texcoord u="0.0574865" v="0.623708" />
                    </vertex>
                    <vertex>
                        <position x="-120.781" y="1.80444" z="-11.9686" />
                        <normal x="0.694255" y="-0.590537" z="0.411431" />
                        <colour_diffuse value="1 1 1 1" />
                        <texcoord u="0.0353582" v="0.583097" />
                    </vertex>
                    <vertex>
                        <position x="-124.593" y="0.431778" z="-11.1427" />
                        <normal x="0.000339023" y="-0.822805" z="0.568324" />
                        <colour_diffuse value="1 1 1 1" />
                        <texcoord u="0.0261841" v="0.56626" />
                    </vertex>
                    <vertex>
                        <position x="-128.405" y="1.80444" z="-11.9686" />
                        <normal x="-0.694254" y="-0.591079" z="0.410654" />
                        <colour_diffuse value="1 1 1 1" />
                        <texcoord u="0.964642" v="0.583097" />
                    </vertex>
                    <vertex>
                        <position x="-124.593" y="0.431778" z="-11.1427" />
                        <normal x="0.000339023" y="-0.822805" z="0.568324" />
                        <colour_diffuse value="1 1 1 1" />
                        <texcoord u="0.973816" v="0.56626" />
                    </vertex>
                    <vertex>
                        <position x="-129.986" y="5.11536" z="-13.9607" />
                        <normal x="-0.999448" y="-0.0261988" z="0.0204167" />
                        <colour_diffuse value="1 1 1 1" />
                        <texcoord u="0.942513" v="0.623708" />
                    </vertex>
                    <vertex>
                        <position x="-128.405" y="8.42628" z="-15.9528" />
                        <normal x="-0.728693" y="0.557692" z="-0.397475" />
                        <colour_diffuse value="1 1 1 1" />
                        <texcoord u="0.920385" v="0.664318" />
                    </vertex>
                    <vertex>
                        <position x="-124.593" y="9.79893" z="-16.7787" />
                        <normal x="-0.00128626" y="0.809472" z="-0.587158" />
                        <colour_diffuse value="1 1 1 1" />
                        <texcoord u="0.911211" v="0.681155" />
                    </vertex>
                    <vertex>
                        <position x="-124.593" y="135.414" z="-29.0132" />
                        <normal x="-0.00325958" y="-0.958068" z="-0.286523" />
                        <colour_diffuse value="1 1 1 1" />
                        <texcoord u="0.928329" v="0.930565" />
                    </vertex>
                    <vertex>
                        <position x="-120.781" y="136.837" z="-28.4567" />
                        <normal x="0.721607" y="-0.656657" z="-0.21928" />
                        <colour_diffuse value="1 1 1 1" />
                        <texcoord u="0.937839" v="0.91922" />
                    </vertex>
                    <vertex>
                        <position x="-119.201" y="140.269" z="-27.1144" />
                        <normal x="0.99844" y="0.0469123" z="-0.0302815" />
                        <colour_diffuse value="1 1 1 1" />
                        <texcoord u="0.960776" v="0.891856" />
                    </vertex>
                    <vertex>
                        <position x="-120.781" y="143.701" z="-25.7721" />
                        <normal x="0.686564" y="0.704568" z="0.17948" />
                        <colour_diffuse value="1 1 1 1" />
                        <texcoord u="0.983714" v="0.864492" />
                    </vertex>
                    <vertex>
                        <position x="-124.593" y="145.124" z="-25.2156" />
                        <normal x="1.34005e-006" y="0.963524" z="0.267623" />
                        <colour_diffuse value="1 1 1 1" />
                        <texcoord u="0.993224" v="0.853148" />
                    </vertex>
                    <vertex>
                        <position x="-124.593" y="145.124" z="-25.2156" />
                        <normal x="1.34005e-006" y="0.963524" z="0.267623" />
                        <colour_diffuse value="1 1 1 1" />
                        <texcoord u="0.00677627" v="0.853148" />
                    </vertex>
                    <vertex>
                        <position x="-128.405" y="143.701" z="-25.7721" />
                        <normal x="-0.686562" y="0.704572" z="0.179473" />
                        <colour_diffuse value="1 1 1 1" />
                        <texcoord u="0.0162859" v="0.864492" />
                    </vertex>
                    <vertex>
                        <position x="-129.986" y="140.269" z="-27.1144" />
                        <normal x="-0.998439" y="0.0469172" z="-0.0302946" />
                        <colour_diffuse value="1 1 1 1" />
                        <texcoord u="0.0392237" v="0.891856" />
                    </vertex>
                    <vertex>
                        <position x="-128.405" y="136.837" z="-28.4567" />
                        <normal x="-0.719855" y="-0.657661" z="-0.222017" />
                        <colour_diffuse value="1 1 1 1" />
                        <texcoord u="0.0621614" v="0.91922" />
                    </vertex>
                    <vertex>
                        <position x="-124.593" y="135.414" z="-29.0132" />
                        <normal x="-0.00325958" y="-0.958068" z="-0.286523" />
                        <colour_diffuse value="1 1 1 1" />
                        <texcoord u="0.0716711" v="0.930565" />
                    </vertex>
                    <vertex>
                        <position x="-124.593" y="135.939" z="-32.3948" />
                        <normal x="-0.0062854" y="-0.987113" z="-0.159903" />
                        <colour_diffuse value="1 1 1 1" />
                        <texcoord u="0.93184" v="0.999501" />
                    </vertex>
                    <vertex>
                        <position x="-121.055" y="137.423" z="-32.2947" />
                        <normal x="0.706962" y="-0.689547" z="-0.157258" />
                        <colour_diffuse value="1 1 1 1" />
                        <texcoord u="0.941755" v="0.997459" />
                    </vertex>
                    <vertex>
                        <position x="-119.588" y="141.001" z="-32.0532" />
                        <normal x="0.997499" y="0.0326774" z="-0.0626761" />
                        <colour_diffuse value="1 1 1 1" />
                        <texcoord u="0.96567" v="0.992536" />
                    </vertex>
                    <vertex>
                        <position x="-121.055" y="144.579" z="-31.8117" />
                        <normal x="0.691897" y="0.71764" z="0.0791933" />
                        <colour_diffuse value="1 1 1 1" />
                        <texcoord u="0.989586" v="0.987613" />
                    </vertex>
                    <vertex>
                        <position x="-124.593" y="146.063" z="-31.7116" />
                        <normal x="2.26419e-006" y="0.98971" z="0.143087" />
                        <colour_diffuse value="1 1 1 1" />
                        <texcoord u="0.9995" v="0.985572" />
                    </vertex>
                    <vertex>
                        <position x="-124.593" y="146.063" z="-31.7116" />
                        <normal x="2.26419e-006" y="0.98971" z="0.143087" />
                        <colour_diffuse value="1 1 1 1" />
                        <texcoord u="0.000499547" v="0.985572" />
                    </vertex>
                    <vertex>
                        <position x="-128.131" y="144.579" z="-31.8117" />
                        <normal x="-0.691894" y="0.717643" z="0.0791871" />
                        <colour_diffuse value="1 1 1 1" />
                        <texcoord u="0.0104145" v="0.987613" />
                    </vertex>
                    <vertex>
                        <position x="-129.598" y="141.001" z="-32.0532" />
                        <normal x="-0.997498" y="0.0326788" z="-0.0626855" />
                        <colour_diffuse value="1 1 1 1" />
                        <texcoord u="0.0343298" v="0.992536" />
                    </vertex>
                    <vertex>
                        <position x="-128.131" y="137.423" z="-32.2947" />
                        <normal x="-0.703186" y="-0.694622" z="-0.151756" />
                        <colour_diffuse value="1 1 1 1" />
                        <texcoord u="0.0582452" v="0.997459" />
                    </vertex>
                    <vertex>
                        <position x="-124.593" y="135.939" z="-32.3948" />
                        <normal x="-0.0062854" y="-0.987113" z="-0.159903" />
                        <colour_diffuse value="1 1 1 1" />
                        <texcoord u="0.0681602" v="0.999501" />
                    </vertex>
                    <vertex>
                        <position x="-120.781" y="4.58325" z="-23.465" />
                        <normal x="0.701375" y="0.634577" z="-0.32463" />
                        <colour_diffuse value="1 1 1 1" />
                        <texcoord u="0.0539302" v="0.817458" />
                    </vertex>
                    <vertex>
                        <position x="-124.593" y="5.95592" z="-24.2909" />
                        <normal x="7.32467e-008" y="0.890268" z="-0.455437" />
                        <colour_diffuse value="1 1 1 1" />
                        <texcoord u="0.0631043" v="0.834295" />
                    </vertex>
                    <vertex>
                        <position x="-119.201" y="1.27235" z="-21.4729" />
                        <normal x="0.999862" y="0.0147924" z="-0.00756544" />
                        <colour_diffuse value="1 1 1 1" />
                        <texcoord u="0.0318019" v="0.776848" />
                    </vertex>
                    <vertex>
                        <position x="-120.781" y="-2.03857" z="-19.4807" />
                        <normal x="0.718133" y="-0.619542" z="0.316942" />
                        <colour_diffuse value="1 1 1 1" />
                        <texcoord u="0.00967357" v="0.736237" />
                    </vertex>
                    <vertex>
                        <position x="-124.593" y="-3.41122" z="-18.6548" />
                        <normal x="-1.65884e-006" y="-0.890269" z="0.455435" />
                        <colour_diffuse value="1 1 1 1" />
                        <texcoord u="0.000499517" v="0.719401" />
                    </vertex>
                    <vertex>
                        <position x="-128.405" y="-2.03856" z="-19.4807" />
                        <normal x="-0.718134" y="-0.619544" z="0.316938" />
                        <colour_diffuse value="1 1 1 1" />
                        <texcoord u="0.990326" v="0.736237" />
                    </vertex>
                    <vertex>
                        <position x="-124.593" y="-3.41122" z="-18.6548" />
                        <normal x="-1.65884e-006" y="-0.890269" z="0.455435" />
                        <colour_diffuse value="1 1 1 1" />
                        <texcoord u="0.999501" v="0.719401" />
                    </vertex>
                    <vertex>
                        <position x="-129.986" y="1.27235" z="-21.4729" />
                        <normal x="-0.999862" y="0.0147892" z="-0.00757003" />
                        <colour_diffuse value="1 1 1 1" />
                        <texcoord u="0.968198" v="0.776848" />
                    </vertex>
                    <vertex>
                        <position x="-128.405" y="4.58326" z="-23.465" />
                        <normal x="-0.701375" y="0.634575" z="-0.324634" />
                        <colour_diffuse value="1 1 1 1" />
                        <texcoord u="0.94607" v="0.817458" />
                    </vertex>
                    <vertex>
                        <position x="-124.593" y="5.95592" z="-24.2909" />
                        <normal x="7.32467e-008" y="0.890268" z="-0.455437" />
                        <colour_diffuse value="1 1 1 1" />
                        <texcoord u="0.936896" v="0.834295" />
                    </vertex>
                    <vertex>
                        <position x="120.781" y="113.599" z="-5.55361" />
                        <normal x="-0.73102" y="-0.362409" z="-0.57816" />
                        <colour_diffuse value="1 1 1 1" />
                        <texcoord u="0.782535" v="0.452327" />
                    </vertex>
                    <vertex>
                        <position x="120.781" y="135.113" z="-24.5952" />
                        <normal x="-0.736515" y="-0.546192" z="-0.399025" />
                        <colour_diffuse value="1 1 1 1" />
                        <texcoord u="0.926319" v="0.840502" />
                    </vertex>
                    <vertex>
                        <position x="124.593" y="133.866" z="-25.6004" />
                        <normal x="-4.87994e-006" y="-0.80682" z="-0.590797" />
                        <colour_diffuse value="1 1 1 1" />
                        <texcoord u="0.917982" v="0.860992" />
                    </vertex>
                    <vertex>
                        <position x="124.593" y="112.749" z="-6.91101" />
                        <normal x="-1.05057e-006" y="-0.531136" z="-0.847287" />
                        <colour_diffuse value="1 1 1 1" />
                        <texcoord u="0.776848" v="0.479998" />
                    </vertex>
                    <vertex>
                        <position x="119.201" y="115.652" z="-2.27952" />
                        <normal x="-0.999215" y="0.0210446" z="0.0335739" />
                        <colour_diffuse value="1 1 1 1" />
                        <texcoord u="0.796252" v="0.385582" />
                    </vertex>
                    <vertex>
                        <position x="119.201" y="138.122" z="-22.1708" />
                        <normal x="-0.998586" y="0.0449492" z="0.0283981" />
                        <colour_diffuse value="1 1 1 1" />
                        <texcoord u="0.946428" v="0.791079" />
                    </vertex>
                    <vertex>
                        <position x="120.781" y="117.704" z="0.994576" />
                        <normal x="-0.691039" y="0.383904" z="0.612441" />
                        <colour_diffuse value="1 1 1 1" />
                        <texcoord u="0.809969" v="0.318838" />
                    </vertex>
                    <vertex>
                        <position x="120.781" y="141.131" z="-19.7464" />
                        <normal x="-0.684077" y="0.592284" z="0.425721" />
                        <colour_diffuse value="1 1 1 1" />
                        <texcoord u="0.966537" v="0.741655" />
                    </vertex>
                    <vertex>
                        <position x="124.593" y="118.555" z="2.35197" />
                        <normal x="-1.42535e-006" y="0.531135" z="0.847287" />
                        <colour_diffuse value="1 1 1 1" />
                        <texcoord u="0.815656" v="0.291167" />
                    </vertex>
                    <vertex>
                        <position x="124.593" y="142.378" z="-18.7412" />
                        <normal x="4.14569e-006" y="0.810174" z="0.58619" />
                        <colour_diffuse value="1 1 1 1" />
                        <texcoord u="0.974874" v="0.721165" />
                    </vertex>
                    <vertex>
                        <position x="128.405" y="117.704" z="0.994583" />
                        <normal x="0.691038" y="0.383925" z="0.612428" />
                        <colour_diffuse value="1 1 1 1" />
                        <texcoord u="0.190031" v="0.318838" />
                    </vertex>
                    <vertex>
                        <position x="128.405" y="141.131" z="-19.7464" />
                        <normal x="0.684078" y="0.592278" z="0.425729" />
                        <colour_diffuse value="1 1 1 1" />
                        <texcoord u="0.0334629" v="0.741655" />
                    </vertex>
                    <vertex>
                        <position x="124.593" y="142.378" z="-18.7412" />
                        <normal x="4.14569e-006" y="0.810174" z="0.58619" />
                        <colour_diffuse value="1 1 1 1" />
                        <texcoord u="0.0251259" v="0.721165" />
                    </vertex>
                    <vertex>
                        <position x="124.593" y="118.555" z="2.35197" />
                        <normal x="-1.42535e-006" y="0.531135" z="0.847287" />
                        <colour_diffuse value="1 1 1 1" />
                        <texcoord u="0.184344" v="0.291167" />
                    </vertex>
                    <vertex>
                        <position x="129.986" y="115.652" z="-2.27951" />
                        <normal x="0.999215" y="0.0210474" z="0.0335725" />
                        <colour_diffuse value="1 1 1 1" />
                        <texcoord u="0.203748" v="0.385582" />
                    </vertex>
                    <vertex>
                        <position x="129.986" y="138.122" z="-22.1708" />
                        <normal x="0.998585" y="0.0449579" z="0.0284009" />
                        <colour_diffuse value="1 1 1 1" />
                        <texcoord u="0.0535721" v="0.791079" />
                    </vertex>
                    <vertex>
                        <position x="128.405" y="113.599" z="-5.5536" />
                        <normal x="0.73102" y="-0.362437" z="-0.578143" />
                        <colour_diffuse value="1 1 1 1" />
                        <texcoord u="0.217465" v="0.452327" />
                    </vertex>
                    <vertex>
                        <position x="128.405" y="135.113" z="-24.5952" />
                        <normal x="0.736516" y="-0.546178" z="-0.399041" />
                        <colour_diffuse value="1 1 1 1" />
                        <texcoord u="0.0736811" v="0.840502" />
                    </vertex>
                    <vertex>
                        <position x="124.593" y="112.749" z="-6.91101" />
                        <normal x="-1.05057e-006" y="-0.531136" z="-0.847287" />
                        <colour_diffuse value="1 1 1 1" />
                        <texcoord u="0.223152" v="0.479998" />
                    </vertex>
                    <vertex>
                        <position x="124.593" y="133.866" z="-25.6004" />
                        <normal x="-4.87994e-006" y="-0.80682" z="-0.590797" />
                        <colour_diffuse value="1 1 1 1" />
                        <texcoord u="0.0820181" v="0.860992" />
                    </vertex>
                    <vertex>
                        <position x="120.781" y="87.0857" z="5.51141" />
                        <normal x="-0.730981" y="-0.156262" z="-0.664266" />
                        <colour_diffuse value="1 1 1 1" />
                        <texcoord u="0.605332" v="0.226759" />
                    </vertex>
                    <vertex>
                        <position x="124.593" y="86.7247" z="3.95065" />
                        <normal x="1.69094e-005" y="-0.229146" z="-0.973392" />
                        <colour_diffuse value="1 1 1 1" />
                        <texcoord u="0.602919" v="0.258576" />
                    </vertex>
                    <vertex>
                        <position x="119.201" y="87.9566" z="9.27602" />
                        <normal x="-0.999217" y="0.00917734" z="0.0384906" />
                        <colour_diffuse value="1 1 1 1" />
                        <texcoord u="0.611152" v="0.150015" />
                    </vertex>
                    <vertex>
                        <position x="120.781" y="88.8275" z="13.0406" />
                        <normal x="-0.691068" y="0.16536" z="0.70362" />
                        <colour_diffuse value="1 1 1 1" />
                        <texcoord u="0.616973" v="0.0732718" />
                    </vertex>
                    <vertex>
                        <position x="124.593" y="89.1886" z="14.6014" />
                        <normal x="-1.11008e-005" y="0.228609" z="0.973518" />
                        <colour_diffuse value="1 1 1 1" />
                        <texcoord u="0.619386" v="0.0414547" />
                    </vertex>
                    <vertex>
                        <position x="128.405" y="88.8275" z="13.0406" />
                        <normal x="0.691065" y="0.16537" z="0.70362" />
                        <colour_diffuse value="1 1 1 1" />
                        <texcoord u="0.383027" v="0.0732718" />
                    </vertex>
                    <vertex>
                        <position x="124.593" y="89.1886" z="14.6014" />
                        <normal x="-1.11008e-005" y="0.228609" z="0.973518" />
                        <colour_diffuse value="1 1 1 1" />
                        <texcoord u="0.380614" v="0.0414547" />
                    </vertex>
                    <vertex>
                        <position x="129.986" y="87.9566" z="9.27602" />
                        <normal x="0.999218" y="0.00917288" z="0.0384683" />
                        <colour_diffuse value="1 1 1 1" />
                        <texcoord u="0.388848" v="0.150015" />
                    </vertex>
                    <vertex>
                        <position x="128.405" y="87.0857" z="5.51142" />
                        <normal x="0.730981" y="-0.156275" z="-0.664263" />
                        <colour_diffuse value="1 1 1 1" />
                        <texcoord u="0.394668" v="0.226759" />
                    </vertex>
                    <vertex>
                        <position x="124.593" y="86.7247" z="3.95065" />
                        <normal x="1.69094e-005" y="-0.229146" z="-0.973392" />
                        <colour_diffuse value="1 1 1 1" />
                        <texcoord u="0.397081" v="0.258576" />
                    </vertex>
                    <vertex>
                        <position x="120.781" y="59.8205" z="7.33194" />
                        <normal x="-0.729766" y="0.0616973" z="-0.680907" />
                        <colour_diffuse value="1 1 1 1" />
                        <texcoord u="0.423106" v="0.189646" />
                    </vertex>
                    <vertex>
                        <position x="124.593" y="59.9694" z="5.73882" />
                        <normal x="1.57777e-005" y="0.0901341" z="-0.99593" />
                        <colour_diffuse value="1 1 1 1" />
                        <texcoord u="0.424101" v="0.222123" />
                    </vertex>
                    <vertex>
                        <position x="119.201" y="59.4611" z="11.1746" />
                        <normal x="-0.999284" y="-0.00333079" z="0.0376982" />
                        <colour_diffuse value="1 1 1 1" />
                        <texcoord u="0.420704" v="0.111311" />
                    </vertex>
                    <vertex>
                        <position x="120.781" y="59.1018" z="15.0173" />
                        <normal x="-0.691625" y="-0.0653212" z="0.719297" />
                        <colour_diffuse value="1 1 1 1" />
                        <texcoord u="0.418303" v="0.0329762" />
                    </vertex>
                    <vertex>
                        <position x="124.593" y="58.9528" z="16.6104" />
                        <normal x="-1.02409e-005" y="-0.0905848" z="0.995889" />
                        <colour_diffuse value="1 1 1 1" />
                        <texcoord u="0.417307" v="0.000499487" />
                    </vertex>
                    <vertex>
                        <position x="128.405" y="59.1018" z="15.0173" />
                        <normal x="0.691624" y="-0.0653351" z="0.719296" />
                        <colour_diffuse value="1 1 1 1" />
                        <texcoord u="0.581697" v="0.0329762" />
                    </vertex>
                    <vertex>
                        <position x="124.593" y="58.9528" z="16.6104" />
                        <normal x="-1.02409e-005" y="-0.0905848" z="0.995889" />
                        <colour_diffuse value="1 1 1 1" />
                        <texcoord u="0.582693" v="0.000499487" />
                    </vertex>
                    <vertex>
                        <position x="129.986" y="59.4611" z="11.1746" />
                        <normal x="0.999285" y="-0.00333199" z="0.0376748" />
                        <colour_diffuse value="1 1 1 1" />
                        <texcoord u="0.579296" v="0.111311" />
                    </vertex>
                    <vertex>
                        <position x="128.405" y="59.8205" z="7.33195" />
                        <normal x="0.729767" y="0.0617128" z="-0.680905" />
                        <colour_diffuse value="1 1 1 1" />
                        <texcoord u="0.576894" v="0.189646" />
                    </vertex>
                    <vertex>
                        <position x="124.593" y="59.9694" z="5.73882" />
                        <normal x="1.57777e-005" y="0.0901341" z="-0.99593" />
                        <colour_diffuse value="1 1 1 1" />
                        <texcoord u="0.575899" v="0.222123" />
                    </vertex>
                    <vertex>
                        <position x="120.781" y="33.7448" z="0.743996" />
                        <normal x="-0.729166" y="0.267051" z="-0.63008" />
                        <colour_diffuse value="1 1 1 1" />
                        <texcoord u="0.24883" v="0.323945" />
                    </vertex>
                    <vertex>
                        <position x="124.593" y="34.3689" z="-0.728363" />
                        <normal x="6.00855e-008" y="0.39025" z="-0.920709" />
                        <colour_diffuse value="1 1 1 1" />
                        <texcoord u="0.253001" v="0.35396" />
                    </vertex>
                    <vertex>
                        <position x="119.201" y="32.2395" z="4.29538" />
                        <normal x="-0.999316" y="-0.0144267" z="0.0340419" />
                        <colour_diffuse value="1 1 1 1" />
                        <texcoord u="0.23877" v="0.251548" />
                    </vertex>
                    <vertex>
                        <position x="120.781" y="30.7342" z="7.84676" />
                        <normal x="-0.691907" y="-0.281746" z="0.664744" />
                        <colour_diffuse value="1 1 1 1" />
                        <texcoord u="0.228709" v="0.179151" />
                    </vertex>
                    <vertex>
                        <position x="124.593" y="30.1102" z="9.31911" />
                        <normal x="-1.57374e-006" y="-0.39025" z="0.920709" />
                        <colour_diffuse value="1 1 1 1" />
                        <texcoord u="0.224539" v="0.149136" />
                    </vertex>
                    <vertex>
                        <position x="128.405" y="30.7342" z="7.84676" />
                        <normal x="0.691906" y="-0.281765" z="0.664737" />
                        <colour_diffuse value="1 1 1 1" />
                        <texcoord u="0.771291" v="0.179151" />
                    </vertex>
                    <vertex>
                        <position x="124.593" y="30.1102" z="9.31911" />
                        <normal x="-1.57374e-006" y="-0.39025" z="0.920709" />
                        <colour_diffuse value="1 1 1 1" />
                        <texcoord u="0.775461" v="0.149136" />
                    </vertex>
                    <vertex>
                        <position x="129.986" y="32.2395" z="4.29539" />
                        <normal x="0.999316" y="-0.0144306" z="0.0340405" />
                        <colour_diffuse value="1 1 1 1" />
                        <texcoord u="0.76123" v="0.251548" />
                    </vertex>
                    <vertex>
                        <position x="128.405" y="33.7448" z="0.744003" />
                        <normal x="0.729166" y="0.267073" z="-0.630071" />
                        <colour_diffuse value="1 1 1 1" />
                        <texcoord u="0.75117" v="0.323945" />
                    </vertex>
                    <vertex>
                        <position x="124.593" y="34.3689" z="-0.728363" />
                        <normal x="6.00855e-008" y="0.39025" z="-0.920709" />
                        <colour_diffuse value="1 1 1 1" />
                        <texcoord u="0.746999" v="0.35396" />
                    </vertex>
                    <vertex>
                        <position x="120.781" y="10.8773" z="-13.413" />
                        <normal x="-0.724936" y="0.43318" z="-0.535558" />
                        <colour_diffuse value="1 1 1 1" />
                        <texcoord u="0.0959967" v="0.612544" />
                    </vertex>
                    <vertex>
                        <position x="124.593" y="11.9185" z="-14.6279" />
                        <normal x="0.00117047" y="0.623853" z="-0.781541" />
                        <colour_diffuse value="1 1 1 1" />
                        <texcoord u="0.102956" v="0.637311" />
                    </vertex>
                    <vertex>
                        <position x="119.201" y="8.36581" z="-10.4825" />
                        <normal x="-0.999473" y="-0.0205741" z="0.0250963" />
                        <colour_diffuse value="1 1 1 1" />
                        <texcoord u="0.0792113" v="0.552805" />
                    </vertex>
                    <vertex>
                        <position x="120.781" y="5.85432" z="-7.55209" />
                        <normal x="-0.693595" y="-0.459669" z="0.554645" />
                        <colour_diffuse value="1 1 1 1" />
                        <texcoord u="0.0624259" v="0.493066" />
                    </vertex>
                    <vertex>
                        <position x="124.593" y="4.8131" z="-6.33715" />
                        <normal x="-0.00035513" y="-0.638813" z="0.769362" />
                        <colour_diffuse value="1 1 1 1" />
                        <texcoord u="0.0554668" v="0.468298" />
                    </vertex>
                    <vertex>
                        <position x="128.405" y="5.85432" z="-7.55208" />
                        <normal x="0.693539" y="-0.458963" z="0.555298" />
                        <colour_diffuse value="1 1 1 1" />
                        <texcoord u="0.937574" v="0.493066" />
                    </vertex>
                    <vertex>
                        <position x="124.593" y="4.8131" z="-6.33715" />
                        <normal x="-0.00035513" y="-0.638813" z="0.769362" />
                        <colour_diffuse value="1 1 1 1" />
                        <texcoord u="0.944533" v="0.468298" />
                    </vertex>
                    <vertex>
                        <position x="129.986" y="8.36581" z="-10.4825" />
                        <normal x="0.999511" y="-0.0197462" z="0.0242438" />
                        <colour_diffuse value="1 1 1 1" />
                        <texcoord u="0.920789" v="0.552805" />
                    </vertex>
                    <vertex>
                        <position x="128.405" y="10.8773" z="-13.413" />
                        <normal x="0.724779" y="0.431713" z="-0.536954" />
                        <colour_diffuse value="1 1 1 1" />
                        <texcoord u="0.904003" v="0.612544" />
                    </vertex>
                    <vertex>
                        <position x="124.593" y="11.9185" z="-14.6279" />
                        <normal x="0.00117047" y="0.623853" z="-0.781541" />
                        <colour_diffuse value="1 1 1 1" />
                        <texcoord u="0.897044" v="0.637311" />
                    </vertex>
                    <vertex>
                        <position x="120.781" y="8.4262" z="-15.9527" />
                        <normal x="-0.728683" y="0.556496" z="-0.399165" />
                        <colour_diffuse value="1 1 1 1" />
                        <texcoord u="0.0796148" v="0.664318" />
                    </vertex>
                    <vertex>
                        <position x="124.593" y="9.79887" z="-16.7786" />
                        <normal x="0.00128631" y="0.809471" z="-0.587158" />
                        <colour_diffuse value="1 1 1 1" />
                        <texcoord u="0.0887889" v="0.681155" />
                    </vertex>
                    <vertex>
                        <position x="119.201" y="5.11528" z="-13.9606" />
                        <normal x="-0.999408" y="-0.0270601" z="0.0212667" />
                        <colour_diffuse value="1 1 1 1" />
                        <texcoord u="0.0574865" v="0.623708" />
                    </vertex>
                    <vertex>
                        <position x="120.781" y="1.80437" z="-11.9685" />
                        <normal x="-0.694256" y="-0.590537" z="0.411431" />
                        <colour_diffuse value="1 1 1 1" />
                        <texcoord u="0.0353582" v="0.583097" />
                    </vertex>
                    <vertex>
                        <position x="124.593" y="0.431717" z="-11.1426" />
                        <normal x="-0.000339063" y="-0.822805" z="0.568324" />
                        <colour_diffuse value="1 1 1 1" />
                        <texcoord u="0.0261841" v="0.56626" />
                    </vertex>
                    <vertex>
                        <position x="128.405" y="1.80438" z="-11.9685" />
                        <normal x="0.694253" y="-0.59108" z="0.410654" />
                        <colour_diffuse value="1 1 1 1" />
                        <texcoord u="0.964642" v="0.583097" />
                    </vertex>
                    <vertex>
                        <position x="124.593" y="0.431717" z="-11.1426" />
                        <normal x="-0.000339063" y="-0.822805" z="0.568324" />
                        <colour_diffuse value="1 1 1 1" />
                        <texcoord u="0.973816" v="0.56626" />
                    </vertex>
                    <vertex>
                        <position x="129.985" y="5.11529" z="-13.9606" />
                        <normal x="0.999448" y="-0.0262015" z="0.0204171" />
                        <colour_diffuse value="1 1 1 1" />
                        <texcoord u="0.942513" v="0.623708" />
                    </vertex>
                    <vertex>
                        <position x="128.405" y="8.42621" z="-15.9527" />
                        <normal x="0.728694" y="0.55769" z="-0.397476" />
                        <colour_diffuse value="1 1 1 1" />
                        <texcoord u="0.920385" v="0.664318" />
                    </vertex>
                    <vertex>
                        <position x="124.593" y="9.79887" z="-16.7786" />
                        <normal x="0.00128631" y="0.809471" z="-0.587158" />
                        <colour_diffuse value="1 1 1 1" />
                        <texcoord u="0.911211" v="0.681155" />
                    </vertex>
                    <vertex>
                        <position x="120.781" y="136.837" z="-28.4567" />
                        <normal x="-0.721608" y="-0.656657" z="-0.21928" />
                        <colour_diffuse value="1 1 1 1" />
                        <texcoord u="0.937839" v="0.91922" />
                    </vertex>
                    <vertex>
                        <position x="124.593" y="135.414" z="-29.0132" />
                        <normal x="0.00325987" y="-0.958068" z="-0.286521" />
                        <colour_diffuse value="1 1 1 1" />
                        <texcoord u="0.928329" v="0.930565" />
                    </vertex>
                    <vertex>
                        <position x="119.201" y="140.269" z="-27.1144" />
                        <normal x="-0.99844" y="0.0469122" z="-0.0302816" />
                        <colour_diffuse value="1 1 1 1" />
                        <texcoord u="0.960776" v="0.891856" />
                    </vertex>
                    <vertex>
                        <position x="120.781" y="143.701" z="-25.772" />
                        <normal x="-0.686564" y="0.704569" z="0.17948" />
                        <colour_diffuse value="1 1 1 1" />
                        <texcoord u="0.983714" v="0.864492" />
                    </vertex>
                    <vertex>
                        <position x="124.593" y="145.123" z="-25.2155" />
                        <normal x="-1.34537e-006" y="0.963524" z="0.267623" />
                        <colour_diffuse value="1 1 1 1" />
                        <texcoord u="0.993224" v="0.853148" />
                    </vertex>
                    <vertex>
                        <position x="128.405" y="143.701" z="-25.772" />
                        <normal x="0.686562" y="0.704572" z="0.179473" />
                        <colour_diffuse value="1 1 1 1" />
                        <texcoord u="0.0162859" v="0.864492" />
                    </vertex>
                    <vertex>
                        <position x="124.593" y="145.123" z="-25.2155" />
                        <normal x="-1.34537e-006" y="0.963524" z="0.267623" />
                        <colour_diffuse value="1 1 1 1" />
                        <texcoord u="0.00677627" v="0.853148" />
                    </vertex>
                    <vertex>
                        <position x="129.986" y="140.269" z="-27.1144" />
                        <normal x="0.998439" y="0.0469171" z="-0.0302947" />
                        <colour_diffuse value="1 1 1 1" />
                        <texcoord u="0.0392237" v="0.891856" />
                    </vertex>
                    <vertex>
                        <position x="128.405" y="136.837" z="-28.4567" />
                        <normal x="0.719855" y="-0.65766" z="-0.222018" />
                        <colour_diffuse value="1 1 1 1" />
                        <texcoord u="0.0621614" v="0.91922" />
                    </vertex>
                    <vertex>
                        <position x="124.593" y="135.414" z="-29.0132" />
                        <normal x="0.00325987" y="-0.958068" z="-0.286521" />
                        <colour_diffuse value="1 1 1 1" />
                        <texcoord u="0.0716711" v="0.930565" />
                    </vertex>
                    <vertex>
                        <position x="124.593" y="135.939" z="-32.3948" />
                        <normal x="0.00628698" y="-0.987113" z="-0.1599" />
                        <colour_diffuse value="1 1 1 1" />
                        <texcoord u="0.93184" v="0.999501" />
                    </vertex>
                    <vertex>
                        <position x="121.055" y="137.423" z="-32.2946" />
                        <normal x="-0.706963" y="-0.689545" z="-0.157258" />
                        <colour_diffuse value="1 1 1 1" />
                        <texcoord u="0.941755" v="0.997459" />
                    </vertex>
                    <vertex>
                        <position x="119.588" y="141.001" z="-32.0531" />
                        <normal x="-0.997499" y="0.0326773" z="-0.0626761" />
                        <colour_diffuse value="1 1 1 1" />
                        <texcoord u="0.96567" v="0.992536" />
                    </vertex>
                    <vertex>
                        <position x="121.055" y="144.579" z="-31.8116" />
                        <normal x="-0.691897" y="0.71764" z="0.0791933" />
                        <colour_diffuse value="1 1 1 1" />
                        <texcoord u="0.989586" v="0.987613" />
                    </vertex>
                    <vertex>
                        <position x="124.593" y="146.063" z="-31.7115" />
                        <normal x="-1.86586e-006" y="0.98971" z="0.143087" />
                        <colour_diffuse value="1 1 1 1" />
                        <texcoord u="0.9995" v="0.985572" />
                    </vertex>
                    <vertex>
                        <position x="128.131" y="144.579" z="-31.8116" />
                        <normal x="0.691894" y="0.717644" z="0.0791859" />
                        <colour_diffuse value="1 1 1 1" />
                        <texcoord u="0.0104145" v="0.987613" />
                    </vertex>
                    <vertex>
                        <position x="124.593" y="146.063" z="-31.7115" />
                        <normal x="-1.86586e-006" y="0.98971" z="0.143087" />
                        <colour_diffuse value="1 1 1 1" />
                        <texcoord u="0.000499547" v="0.985572" />
                    </vertex>
                    <vertex>
                        <position x="129.598" y="141.001" z="-32.0531" />
                        <normal x="0.997498" y="0.0326791" z="-0.0626883" />
                        <colour_diffuse value="1 1 1 1" />
                        <texcoord u="0.0343298" v="0.992536" />
                    </vertex>
                    <vertex>
                        <position x="128.131" y="137.423" z="-32.2946" />
                        <normal x="0.703186" y="-0.694621" z="-0.151757" />
                        <colour_diffuse value="1 1 1 1" />
                        <texcoord u="0.0582452" v="0.997459" />
                    </vertex>
                    <vertex>
                        <position x="124.593" y="135.939" z="-32.3948" />
                        <normal x="0.00628698" y="-0.987113" z="-0.1599" />
                        <colour_diffuse value="1 1 1 1" />
                        <texcoord u="0.0681602" v="0.999501" />
                    </vertex>
                    <vertex>
                        <position x="124.593" y="5.95585" z="-24.2908" />
                        <normal x="-5.02263e-007" y="0.890268" z="-0.455437" />
                        <colour_diffuse value="1 1 1 1" />
                        <texcoord u="0.0631043" v="0.834295" />
                    </vertex>
                    <vertex>
                        <position x="120.781" y="4.58318" z="-23.4649" />
                        <normal x="-0.701375" y="0.634577" z="-0.32463" />
                        <colour_diffuse value="1 1 1 1" />
                        <texcoord u="0.0539302" v="0.817458" />
                    </vertex>
                    <vertex>
                        <position x="119.201" y="1.27229" z="-21.4728" />
                        <normal x="-0.999862" y="0.0147946" z="-0.007568" />
                        <colour_diffuse value="1 1 1 1" />
                        <texcoord u="0.0318019" v="0.776848" />
                    </vertex>
                    <vertex>
                        <position x="120.781" y="-2.03864" z="-19.4807" />
                        <normal x="-0.718134" y="-0.619542" z="0.316941" />
                        <colour_diffuse value="1 1 1 1" />
                        <texcoord u="0.00967357" v="0.736237" />
                    </vertex>
                    <vertex>
                        <position x="124.593" y="-3.41129" z="-18.6548" />
                        <normal x="1.31493e-006" y="-0.890269" z="0.455436" />
                        <colour_diffuse value="1 1 1 1" />
                        <texcoord u="0.000499517" v="0.719401" />
                    </vertex>
                    <vertex>
                        <position x="124.593" y="-3.41129" z="-18.6548" />
                        <normal x="1.31493e-006" y="-0.890269" z="0.455436" />
                        <colour_diffuse value="1 1 1 1" />
                        <texcoord u="0.999501" v="0.719401" />
                    </vertex>
                    <vertex>
                        <position x="128.405" y="-2.03862" z="-19.4807" />
                        <normal x="0.718132" y="-0.619545" z="0.316939" />
                        <colour_diffuse value="1 1 1 1" />
                        <texcoord u="0.990326" v="0.736237" />
                    </vertex>
                    <vertex>
                        <position x="129.985" y="1.27229" z="-21.4728" />
                        <normal x="0.999862" y="0.0147905" z="-0.0075671" />
                        <colour_diffuse value="1 1 1 1" />
                        <texcoord u="0.968198" v="0.776848" />
                    </vertex>
                    <vertex>
                        <position x="128.405" y="4.58318" z="-23.4649" />
                        <normal x="0.701376" y="0.634575" z="-0.324632" />
                        <colour_diffuse value="1 1 1 1" />
                        <texcoord u="0.94607" v="0.817458" />
                    </vertex>
                    <vertex>
                        <position x="124.593" y="5.95585" z="-24.2908" />
                        <normal x="-5.02263e-007" y="0.890268" z="-0.455437" />
                        <colour_diffuse value="1 1 1 1" />
                        <texcoord u="0.936896" v="0.834295" />
                    </vertex>
                </vertexbuffer>
            </geometry>
        </submesh>
    </submeshes>
    <submeshnames>
        <submeshname name="grande_etagere/bois" index="0" />
        <submeshname name="grande_etagere/metal" index="1" />
    </submeshnames>
</mesh>
