<mesh>
    <submeshes>
        <submesh material="panneau_stop/metal" usesharedvertices="false" use32bitindexes="false" operationtype="triangle_list">
            <faces count="69">
                <face v1="0" v2="1" v3="2" />
                <face v1="2" v2="3" v3="0" />
                <face v1="4" v2="5" v3="6" />
                <face v1="6" v2="7" v3="4" />
                <face v1="8" v2="9" v3="10" />
                <face v1="10" v2="11" v3="8" />
                <face v1="12" v2="13" v3="14" />
                <face v1="14" v2="15" v3="12" />
                <face v1="16" v2="17" v3="1" />
                <face v1="1" v2="0" v3="16" />
                <face v1="18" v2="19" v3="20" />
                <face v1="21" v2="22" v3="23" />
                <face v1="24" v2="21" v3="23" />
                <face v1="25" v2="26" v3="27" />
                <face v1="27" v2="28" v3="25" />
                <face v1="26" v2="29" v3="30" />
                <face v1="30" v2="27" v3="26" />
                <face v1="29" v2="31" v3="32" />
                <face v1="32" v2="30" v3="29" />
                <face v1="31" v2="33" v3="34" />
                <face v1="34" v2="32" v3="31" />
                <face v1="33" v2="35" v3="36" />
                <face v1="36" v2="34" v3="33" />
                <face v1="37" v2="38" v3="39" />
                <face v1="39" v2="40" v3="37" />
                <face v1="40" v2="39" v3="41" />
                <face v1="41" v2="42" v3="40" />
                <face v1="42" v2="41" v3="43" />
                <face v1="43" v2="44" v3="42" />
                <face v1="44" v2="43" v3="45" />
                <face v1="45" v2="46" v3="44" />
                <face v1="47" v2="48" v3="49" />
                <face v1="50" v2="51" v3="46" />
                <face v1="52" v2="53" v3="54" />
                <face v1="54" v2="55" v3="52" />
                <face v1="56" v2="57" v3="58" />
                <face v1="58" v2="59" v3="56" />
                <face v1="60" v2="61" v3="62" />
                <face v1="62" v2="63" v3="60" />
                <face v1="64" v2="65" v3="66" />
                <face v1="66" v2="67" v3="64" />
                <face v1="68" v2="69" v3="70" />
                <face v1="71" v2="72" v3="73" />
                <face v1="74" v2="75" v3="76" />
                <face v1="77" v2="78" v3="79" />
                <face v1="80" v2="81" v3="82" />
                <face v1="82" v2="83" v3="80" />
                <face v1="84" v2="85" v3="86" />
                <face v1="87" v2="88" v3="89" />
                <face v1="90" v2="91" v3="92" />
                <face v1="93" v2="94" v3="95" />
                <face v1="96" v2="97" v3="98" />
                <face v1="98" v2="99" v3="96" />
                <face v1="100" v2="101" v3="102" />
                <face v1="103" v2="104" v3="105" />
                <face v1="106" v2="107" v3="108" />
                <face v1="109" v2="110" v3="111" />
                <face v1="112" v2="113" v3="114" />
                <face v1="115" v2="116" v3="117" />
                <face v1="118" v2="119" v3="120" />
                <face v1="121" v2="122" v3="123" />
                <face v1="124" v2="125" v3="126" />
                <face v1="127" v2="128" v3="129" />
                <face v1="130" v2="131" v3="132" />
                <face v1="133" v2="134" v3="135" />
                <face v1="136" v2="137" v3="138" />
                <face v1="139" v2="140" v3="141" />
                <face v1="142" v2="143" v3="144" />
                <face v1="145" v2="146" v3="147" />
            </faces>
            <geometry vertexcount="148">
                <vertexbuffer positions="true" normals="true" colours_diffuse="true" texture_coord_dimensions_0="float2" texture_coords="1">
                    <vertex>
                        <position x="-0.0500916" y="0.0192744" z="-7.74536" />
                        <normal x="1" y="1.1837e-009" z="-7.03548e-008" />
                        <colour_diffuse value="1 1 1 1" />
                        <texcoord u="1" v="0.999001" />
                    </vertex>
                    <vertex>
                        <position x="-0.0500903" y="152.707" z="-7.74536" />
                        <normal x="1" y="-1.1837e-009" z="-7.32863e-009" />
                        <colour_diffuse value="1 1 1 1" />
                        <texcoord u="1" v="-0.999001" />
                    </vertex>
                    <vertex>
                        <position x="3.44071" y="152.707" z="-5.20914" />
                        <normal x="0.309017" y="-5.63885e-009" z="0.951057" />
                        <colour_diffuse value="1 1 1 1" />
                        <texcoord u="0.000999093" v="-0.999001" />
                    </vertex>
                    <vertex>
                        <position x="3.44071" y="0.0192744" z="-5.20914" />
                        <normal x="0.309017" y="-7.91393e-009" z="0.951057" />
                        <colour_diffuse value="1 1 1 1" />
                        <texcoord u="0.00099951" v="0.999001" />
                    </vertex>
                    <vertex>
                        <position x="3.44071" y="0.0192744" z="-5.20914" />
                        <normal x="0.309017" y="-7.91393e-009" z="0.951057" />
                        <colour_diffuse value="1 1 1 1" />
                        <texcoord u="1.23583" v="0.999001" />
                    </vertex>
                    <vertex>
                        <position x="3.44071" y="152.707" z="-5.20914" />
                        <normal x="0.309017" y="-5.63885e-009" z="0.951057" />
                        <colour_diffuse value="1 1 1 1" />
                        <texcoord u="1.23583" v="-0.999001" />
                    </vertex>
                    <vertex>
                        <position x="2.10734" y="152.707" z="-1.10547" />
                        <normal x="-0.809017" y="-2.33426e-009" z="0.587785" />
                        <colour_diffuse value="1 1 1 1" />
                        <texcoord u="0.000999093" v="-0.999001" />
                    </vertex>
                    <vertex>
                        <position x="2.10734" y="0.0192744" z="-1.10547" />
                        <normal x="-0.809017" y="-5.79305e-009" z="0.587785" />
                        <colour_diffuse value="1 1 1 1" />
                        <texcoord u="0.000999093" v="0.999001" />
                    </vertex>
                    <vertex>
                        <position x="2.10734" y="0.0192744" z="-1.10547" />
                        <normal x="-0.809017" y="-5.79305e-009" z="0.587785" />
                        <colour_diffuse value="1 1 1 1" />
                        <texcoord u="1.61742" v="0.999001" />
                    </vertex>
                    <vertex>
                        <position x="2.10734" y="152.707" z="-1.10547" />
                        <normal x="-0.809017" y="-2.33426e-009" z="0.587785" />
                        <colour_diffuse value="1 1 1 1" />
                        <texcoord u="1.61742" v="-0.999001" />
                    </vertex>
                    <vertex>
                        <position x="-2.20752" y="152.707" z="-1.10547" />
                        <normal x="-0.809017" y="7.05631e-009" z="-0.587785" />
                        <colour_diffuse value="1 1 1 1" />
                        <texcoord u="0.382583" v="-0.999001" />
                    </vertex>
                    <vertex>
                        <position x="-2.20752" y="0.0192744" z="-1.10547" />
                        <normal x="-0.809017" y="3.30467e-009" z="-0.587785" />
                        <colour_diffuse value="1 1 1 1" />
                        <texcoord u="0.382583" v="0.999001" />
                    </vertex>
                    <vertex>
                        <position x="-2.20752" y="0.0192744" z="-1.10547" />
                        <normal x="-0.809017" y="3.30467e-009" z="-0.587785" />
                        <colour_diffuse value="1 1 1 1" />
                        <texcoord u="1.999" v="0.999001" />
                    </vertex>
                    <vertex>
                        <position x="-2.20752" y="152.707" z="-1.10547" />
                        <normal x="-0.809017" y="7.05631e-009" z="-0.587785" />
                        <colour_diffuse value="1 1 1 1" />
                        <texcoord u="1.999" v="-0.999001" />
                    </vertex>
                    <vertex>
                        <position x="-3.54089" y="152.707" z="-5.20914" />
                        <normal x="0.309017" y="8.20679e-009" z="-0.951057" />
                        <colour_diffuse value="1 1 1 1" />
                        <texcoord u="0.764167" v="-0.999001" />
                    </vertex>
                    <vertex>
                        <position x="-3.54089" y="0.0192744" z="-5.20914" />
                        <normal x="0.309017" y="5.63885e-009" z="-0.951056" />
                        <colour_diffuse value="1 1 1 1" />
                        <texcoord u="0.764167" v="0.999001" />
                    </vertex>
                    <vertex>
                        <position x="-3.54089" y="0.0192744" z="-5.20914" />
                        <normal x="0.309017" y="5.63885e-009" z="-0.951056" />
                        <colour_diffuse value="1 1 1 1" />
                        <texcoord u="1.999" v="0.999001" />
                    </vertex>
                    <vertex>
                        <position x="-3.54089" y="152.707" z="-5.20914" />
                        <normal x="0.309017" y="8.20679e-009" z="-0.951057" />
                        <colour_diffuse value="1 1 1 1" />
                        <texcoord u="1.999" v="-0.999001" />
                    </vertex>
                    <vertex>
                        <position x="-3.54089" y="152.707" z="-5.20914" />
                        <normal x="-0" y="1" z="-0" />
                        <colour_diffuse value="1 1 1 1" />
                        <texcoord u="1.23583" v="-0.999001" />
                    </vertex>
                    <vertex>
                        <position x="-2.20752" y="152.707" z="-1.10547" />
                        <normal x="-0" y="1" z="-0" />
                        <colour_diffuse value="1 1 1 1" />
                        <texcoord u="0.000999451" v="-0.617417" />
                    </vertex>
                    <vertex>
                        <position x="2.10734" y="152.707" z="-1.10547" />
                        <normal x="-0" y="1" z="-0" />
                        <colour_diffuse value="1 1 1 1" />
                        <texcoord u="0.000999093" v="0.617416" />
                    </vertex>
                    <vertex>
                        <position x="-3.54089" y="152.707" z="-5.20914" />
                        <normal x="-0" y="1" z="-0" />
                        <colour_diffuse value="1 1 1 1" />
                        <texcoord u="1.23583" v="-0.999001" />
                    </vertex>
                    <vertex>
                        <position x="2.10734" y="152.707" z="-1.10547" />
                        <normal x="-0" y="1" z="-0" />
                        <colour_diffuse value="1 1 1 1" />
                        <texcoord u="0.000999093" v="0.617416" />
                    </vertex>
                    <vertex>
                        <position x="3.44071" y="152.707" z="-5.20914" />
                        <normal x="-0" y="1" z="-0" />
                        <colour_diffuse value="1 1 1 1" />
                        <texcoord u="1.23583" v="0.999001" />
                    </vertex>
                    <vertex>
                        <position x="-0.0500903" y="152.707" z="-7.74536" />
                        <normal x="0" y="1" z="-0" />
                        <colour_diffuse value="1 1 1 1" />
                        <texcoord u="1.999" v="2.38419e-007" />
                    </vertex>
                    <vertex>
                        <position x="13.8615" y="132.579" z="-1.1172" />
                        <normal x="0" y="-1" z="-0" />
                        <colour_diffuse value="1 1 1 1" />
                        <texcoord u="0.999501" v="0.999501" />
                    </vertex>
                    <vertex>
                        <position x="6.42631" y="132.579" z="-1.1172" />
                        <normal x="0" y="-1" z="-0" />
                        <colour_diffuse value="1 1 1 1" />
                        <texcoord u="0.9995" v="0.733057" />
                    </vertex>
                    <vertex>
                        <position x="6.7757" y="132.579" z="-2.65922" />
                        <normal x="0" y="-1" z="-0" />
                        <colour_diffuse value="1 1 1 1" />
                        <texcoord u="0.837956" v="0.745577" />
                    </vertex>
                    <vertex>
                        <position x="13.8615" y="132.579" z="-2.56241" />
                        <normal x="0" y="-1" z="-0" />
                        <colour_diffuse value="1 1 1 1" />
                        <texcoord u="0.85018" v="0.999501" />
                    </vertex>
                    <vertex>
                        <position x="1.70331" y="132.579" z="-7.71151" />
                        <normal x="0" y="-1" z="0" />
                        <colour_diffuse value="1 1 1 1" />
                        <texcoord u="0.200105" v="0.577686" />
                    </vertex>
                    <vertex>
                        <position x="2.09062" y="132.579" z="-9.15579" />
                        <normal x="0" y="-1" z="0" />
                        <colour_diffuse value="1 1 1 1" />
                        <texcoord u="0.000499696" v="0.577686" />
                    </vertex>
                    <vertex>
                        <position x="-1.85776" y="132.579" z="-7.71151" />
                        <normal x="0" y="-1" z="-0" />
                        <colour_diffuse value="1 1 1 1" />
                        <texcoord u="0.200105" v="0.422314" />
                    </vertex>
                    <vertex>
                        <position x="-2.24506" y="132.579" z="-9.15579" />
                        <normal x="0" y="-1" z="-0" />
                        <colour_diffuse value="1 1 1 1" />
                        <texcoord u="0.000499517" v="0.422314" />
                    </vertex>
                    <vertex>
                        <position x="-6.58075" y="132.579" z="-1.1172" />
                        <normal x="0" y="-1" z="-0" />
                        <colour_diffuse value="1 1 1 1" />
                        <texcoord u="0.9995" v="0.266943" />
                    </vertex>
                    <vertex>
                        <position x="-6.93014" y="132.579" z="-2.65922" />
                        <normal x="0" y="-1" z="-0" />
                        <colour_diffuse value="1 1 1 1" />
                        <texcoord u="0.837956" v="0.254423" />
                    </vertex>
                    <vertex>
                        <position x="-14.016" y="132.579" z="-1.1172" />
                        <normal x="0" y="-1" z="-0" />
                        <colour_diffuse value="1 1 1 1" />
                        <texcoord u="0.999499" v="0.000499487" />
                    </vertex>
                    <vertex>
                        <position x="-14.016" y="132.579" z="-2.56241" />
                        <normal x="0" y="-1" z="-0" />
                        <colour_diffuse value="1 1 1 1" />
                        <texcoord u="0.850179" v="0.000499547" />
                    </vertex>
                    <vertex>
                        <position x="13.8615" y="140.081" z="-1.1172" />
                        <normal x="0" y="1" z="0" />
                        <colour_diffuse value="1 1 1 1" />
                        <texcoord u="0.000499487" v="0.999501" />
                    </vertex>
                    <vertex>
                        <position x="13.8615" y="140.081" z="-2.56241" />
                        <normal x="0" y="1" z="0" />
                        <colour_diffuse value="1 1 1 1" />
                        <texcoord u="0.14982" v="0.999501" />
                    </vertex>
                    <vertex>
                        <position x="6.7757" y="140.081" z="-2.65922" />
                        <normal x="0" y="1" z="0" />
                        <colour_diffuse value="1 1 1 1" />
                        <texcoord u="0.162044" v="0.745577" />
                    </vertex>
                    <vertex>
                        <position x="6.42631" y="140.081" z="-1.1172" />
                        <normal x="0" y="1" z="-0" />
                        <colour_diffuse value="1 1 1 1" />
                        <texcoord u="0.000499785" v="0.733057" />
                    </vertex>
                    <vertex>
                        <position x="2.09062" y="140.081" z="-9.15579" />
                        <normal x="0" y="1" z="0" />
                        <colour_diffuse value="1 1 1 1" />
                        <texcoord u="0.9995" v="0.577686" />
                    </vertex>
                    <vertex>
                        <position x="1.70331" y="140.081" z="-7.71151" />
                        <normal x="0" y="1" z="-0" />
                        <colour_diffuse value="1 1 1 1" />
                        <texcoord u="0.799895" v="0.577686" />
                    </vertex>
                    <vertex>
                        <position x="-2.24506" y="140.081" z="-9.15579" />
                        <normal x="0" y="1" z="0" />
                        <colour_diffuse value="1 1 1 1" />
                        <texcoord u="0.999501" v="0.422314" />
                    </vertex>
                    <vertex>
                        <position x="-1.85776" y="140.081" z="-7.71151" />
                        <normal x="-0" y="1" z="-0" />
                        <colour_diffuse value="1 1 1 1" />
                        <texcoord u="0.799895" v="0.422314" />
                    </vertex>
                    <vertex>
                        <position x="-6.93015" y="140.081" z="-2.65922" />
                        <normal x="0" y="1" z="-0" />
                        <colour_diffuse value="1 1 1 1" />
                        <texcoord u="0.162044" v="0.254423" />
                    </vertex>
                    <vertex>
                        <position x="-6.58075" y="140.081" z="-1.1172" />
                        <normal x="-0" y="1" z="-0" />
                        <colour_diffuse value="1 1 1 1" />
                        <texcoord u="0.000500321" v="0.266943" />
                    </vertex>
                    <vertex>
                        <position x="-6.58075" y="140.081" z="-1.1172" />
                        <normal x="0" y="1" z="-0" />
                        <colour_diffuse value="1 1 1 1" />
                        <texcoord u="0.000500321" v="0.266943" />
                    </vertex>
                    <vertex>
                        <position x="-6.93015" y="140.081" z="-2.65922" />
                        <normal x="0" y="1" z="-0" />
                        <colour_diffuse value="1 1 1 1" />
                        <texcoord u="0.162044" v="0.254423" />
                    </vertex>
                    <vertex>
                        <position x="-14.016" y="140.081" z="-2.56241" />
                        <normal x="0" y="1" z="-0" />
                        <colour_diffuse value="1 1 1 1" />
                        <texcoord u="0.149821" v="0.000499547" />
                    </vertex>
                    <vertex>
                        <position x="-14.016" y="140.081" z="-2.56241" />
                        <normal x="-0" y="1" z="-0" />
                        <colour_diffuse value="1 1 1 1" />
                        <texcoord u="0.149821" v="0.000499547" />
                    </vertex>
                    <vertex>
                        <position x="-14.016" y="140.081" z="-1.1172" />
                        <normal x="-0" y="1" z="-0" />
                        <colour_diffuse value="1 1 1 1" />
                        <texcoord u="0.00050059" v="0.000499487" />
                    </vertex>
                    <vertex>
                        <position x="13.8615" y="132.579" z="-1.1172" />
                        <normal x="0" y="0" z="1" />
                        <colour_diffuse value="1 1 1 1" />
                        <texcoord u="0.000499487" v="0.999501" />
                    </vertex>
                    <vertex>
                        <position x="13.8615" y="132.579" z="-2.56241" />
                        <normal x="0" y="0" z="1" />
                        <colour_diffuse value="1 1 1 1" />
                        <texcoord u="0.14982" v="0.999501" />
                    </vertex>
                    <vertex>
                        <position x="13.8615" y="140.081" z="-2.56241" />
                        <normal x="0" y="0" z="1" />
                        <colour_diffuse value="1 1 1 1" />
                        <texcoord u="0.14982" v="0.000499487" />
                    </vertex>
                    <vertex>
                        <position x="13.8615" y="140.081" z="-1.1172" />
                        <normal x="0" y="0" z="1" />
                        <colour_diffuse value="1 1 1 1" />
                        <texcoord u="0.000499487" v="0.000499487" />
                    </vertex>
                    <vertex>
                        <position x="13.8615" y="132.579" z="-2.56241" />
                        <normal x="0.999907" y="0" z="0.0136622" />
                        <colour_diffuse value="1 1 1 1" />
                        <texcoord u="0.000499517" v="0.999501" />
                    </vertex>
                    <vertex>
                        <position x="6.7757" y="132.579" z="-2.65922" />
                        <normal x="0.999907" y="0" z="0.0136622" />
                        <colour_diffuse value="1 1 1 1" />
                        <texcoord u="0.254423" v="0.999501" />
                    </vertex>
                    <vertex>
                        <position x="6.7757" y="140.081" z="-2.65922" />
                        <normal x="0.999907" y="0" z="0.0136622" />
                        <colour_diffuse value="1 1 1 1" />
                        <texcoord u="0.254423" v="0.000499487" />
                    </vertex>
                    <vertex>
                        <position x="13.8615" y="140.081" z="-2.56241" />
                        <normal x="0.999907" y="0" z="0.0136622" />
                        <colour_diffuse value="1 1 1 1" />
                        <texcoord u="0.000499517" v="0.000499487" />
                    </vertex>
                    <vertex>
                        <position x="6.7757" y="132.579" z="-2.65922" />
                        <normal x="0.584925" y="0" z="0.811087" />
                        <colour_diffuse value="1 1 1 1" />
                        <texcoord u="0.254423" v="0.999501" />
                    </vertex>
                    <vertex>
                        <position x="2.09062" y="132.579" z="-9.15579" />
                        <normal x="0.584925" y="0" z="0.811087" />
                        <colour_diffuse value="1 1 1 1" />
                        <texcoord u="0.422314" v="0.999501" />
                    </vertex>
                    <vertex>
                        <position x="2.09062" y="140.081" z="-9.15579" />
                        <normal x="0.584925" y="0" z="0.811087" />
                        <colour_diffuse value="1 1 1 1" />
                        <texcoord u="0.422314" v="0.000499487" />
                    </vertex>
                    <vertex>
                        <position x="6.7757" y="140.081" z="-2.65922" />
                        <normal x="0.584925" y="0" z="0.811087" />
                        <colour_diffuse value="1 1 1 1" />
                        <texcoord u="0.254423" v="0.000499487" />
                    </vertex>
                    <vertex>
                        <position x="2.09062" y="132.579" z="-9.15579" />
                        <normal x="1" y="-0" z="-0" />
                        <colour_diffuse value="1 1 1 1" />
                        <texcoord u="0.422314" v="0.999501" />
                    </vertex>
                    <vertex>
                        <position x="-2.24506" y="132.579" z="-9.15579" />
                        <normal x="1" y="-0" z="-0" />
                        <colour_diffuse value="1 1 1 1" />
                        <texcoord u="0.577686" v="0.999501" />
                    </vertex>
                    <vertex>
                        <position x="-2.24506" y="140.081" z="-9.15579" />
                        <normal x="1" y="-0" z="-0" />
                        <colour_diffuse value="1 1 1 1" />
                        <texcoord u="0.577686" v="0.000499487" />
                    </vertex>
                    <vertex>
                        <position x="2.09062" y="140.081" z="-9.15579" />
                        <normal x="1" y="0" z="0" />
                        <colour_diffuse value="1 1 1 1" />
                        <texcoord u="0.422314" v="0.000499487" />
                    </vertex>
                    <vertex>
                        <position x="-2.24506" y="132.579" z="-9.15579" />
                        <normal x="0.584925" y="-1.03098e-007" z="-0.811087" />
                        <colour_diffuse value="1 1 1 1" />
                        <texcoord u="0.577686" v="0.999501" />
                    </vertex>
                    <vertex>
                        <position x="-6.93014" y="132.579" z="-2.65922" />
                        <normal x="0.584925" y="-1.03098e-007" z="-0.811087" />
                        <colour_diffuse value="1 1 1 1" />
                        <texcoord u="0.745577" v="0.999501" />
                    </vertex>
                    <vertex>
                        <position x="-6.93015" y="140.081" z="-2.65922" />
                        <normal x="0.584925" y="-1.03098e-007" z="-0.811087" />
                        <colour_diffuse value="1 1 1 1" />
                        <texcoord u="0.745577" v="0.000499487" />
                    </vertex>
                    <vertex>
                        <position x="-6.93015" y="140.081" z="-2.65922" />
                        <normal x="0.584925" y="0" z="-0.811087" />
                        <colour_diffuse value="1 1 1 1" />
                        <texcoord u="0.745577" v="0.000499487" />
                    </vertex>
                    <vertex>
                        <position x="-2.24506" y="140.081" z="-9.15579" />
                        <normal x="0.584925" y="0" z="-0.811087" />
                        <colour_diffuse value="1 1 1 1" />
                        <texcoord u="0.577686" v="0.000499487" />
                    </vertex>
                    <vertex>
                        <position x="-2.24506" y="132.579" z="-9.15579" />
                        <normal x="0.584925" y="0" z="-0.811087" />
                        <colour_diffuse value="1 1 1 1" />
                        <texcoord u="0.577686" v="0.999501" />
                    </vertex>
                    <vertex>
                        <position x="-6.93014" y="132.579" z="-2.65922" />
                        <normal x="0.999907" y="-0" z="-0.0136622" />
                        <colour_diffuse value="1 1 1 1" />
                        <texcoord u="0.745577" v="0.999501" />
                    </vertex>
                    <vertex>
                        <position x="-14.016" y="132.579" z="-2.56241" />
                        <normal x="0.999907" y="-0" z="-0.0136622" />
                        <colour_diffuse value="1 1 1 1" />
                        <texcoord u="0.9995" v="0.999501" />
                    </vertex>
                    <vertex>
                        <position x="-14.016" y="140.081" z="-2.56241" />
                        <normal x="0.999907" y="-0" z="-0.0136622" />
                        <colour_diffuse value="1 1 1 1" />
                        <texcoord u="0.9995" v="0.000499487" />
                    </vertex>
                    <vertex>
                        <position x="-14.016" y="140.081" z="-2.56241" />
                        <normal x="0.999907" y="-1.73661e-009" z="-0.0136622" />
                        <colour_diffuse value="1 1 1 1" />
                        <texcoord u="0.9995" v="0.000499487" />
                    </vertex>
                    <vertex>
                        <position x="-6.93015" y="140.081" z="-2.65922" />
                        <normal x="0.999907" y="-1.73661e-009" z="-0.0136622" />
                        <colour_diffuse value="1 1 1 1" />
                        <texcoord u="0.745577" v="0.000499487" />
                    </vertex>
                    <vertex>
                        <position x="-6.93014" y="132.579" z="-2.65922" />
                        <normal x="0.999907" y="-1.73661e-009" z="-0.0136622" />
                        <colour_diffuse value="1 1 1 1" />
                        <texcoord u="0.745577" v="0.999501" />
                    </vertex>
                    <vertex>
                        <position x="-14.016" y="132.579" z="-2.56241" />
                        <normal x="0" y="0" z="-1" />
                        <colour_diffuse value="1 1 1 1" />
                        <texcoord u="0.850179" v="0.999501" />
                    </vertex>
                    <vertex>
                        <position x="-14.016" y="132.579" z="-1.1172" />
                        <normal x="0" y="0" z="-1" />
                        <colour_diffuse value="1 1 1 1" />
                        <texcoord u="0.999499" v="0.999501" />
                    </vertex>
                    <vertex>
                        <position x="-14.016" y="140.081" z="-1.1172" />
                        <normal x="0" y="0" z="-1" />
                        <colour_diffuse value="1 1 1 1" />
                        <texcoord u="0.999499" v="0.000499487" />
                    </vertex>
                    <vertex>
                        <position x="-14.016" y="140.081" z="-2.56241" />
                        <normal x="0" y="0" z="-1" />
                        <colour_diffuse value="1 1 1 1" />
                        <texcoord u="0.850179" v="0.000499487" />
                    </vertex>
                    <vertex>
                        <position x="12.4529" y="177.539" z="-1.09268" />
                        <normal x="-3.31502e-006" y="1" z="1.11069e-013" />
                        <colour_diffuse value="1 1 1 1" />
                        <texcoord u="0.5" v="0.999501" />
                    </vertex>
                    <vertex>
                        <position x="-12.4529" y="177.539" z="-1.09268" />
                        <normal x="-3.31502e-006" y="1" z="1.11069e-013" />
                        <colour_diffuse value="1 1 1 1" />
                        <texcoord u="0.8532" v="0.999501" />
                    </vertex>
                    <vertex>
                        <position x="-12.4529" y="177.539" z="3.51024" />
                        <normal x="-3.31502e-006" y="1" z="1.11069e-013" />
                        <colour_diffuse value="1 1 1 1" />
                        <texcoord u="0.8532" v="0.000499606" />
                    </vertex>
                    <vertex>
                        <position x="-12.4529" y="177.539" z="3.51024" />
                        <normal x="-0" y="1" z="-6.1266e-007" />
                        <colour_diffuse value="1 1 1 1" />
                        <texcoord u="0.8532" v="0.000499606" />
                    </vertex>
                    <vertex>
                        <position x="12.4529" y="177.539" z="3.51024" />
                        <normal x="-0" y="1" z="-6.1266e-007" />
                        <colour_diffuse value="1 1 1 1" />
                        <texcoord u="0.5" v="0.000499606" />
                    </vertex>
                    <vertex>
                        <position x="12.4529" y="177.539" z="-1.09268" />
                        <normal x="-0" y="1" z="-6.1266e-007" />
                        <colour_diffuse value="1 1 1 1" />
                        <texcoord u="0.5" v="0.999501" />
                    </vertex>
                    <vertex>
                        <position x="-12.4529" y="177.539" z="-1.09268" />
                        <normal x="0" y="0.707107" z="-0.707107" />
                        <colour_diffuse value="1 1 1 1" />
                        <texcoord u="0.1468" v="0.999501" />
                    </vertex>
                    <vertex>
                        <position x="-30.064" y="159.928" z="-1.09268" />
                        <normal x="0" y="0.707107" z="-0.707107" />
                        <colour_diffuse value="1 1 1 1" />
                        <texcoord u="0.5" v="0.999501" />
                    </vertex>
                    <vertex>
                        <position x="-30.064" y="159.928" z="3.51024" />
                        <normal x="0" y="0.707107" z="-0.707107" />
                        <colour_diffuse value="1 1 1 1" />
                        <texcoord u="0.5" v="0.000499487" />
                    </vertex>
                    <vertex>
                        <position x="-30.064" y="159.928" z="3.51024" />
                        <normal x="-2.34408e-006" y="0.707107" z="-0.707106" />
                        <colour_diffuse value="1 1 1 1" />
                        <texcoord u="0.5" v="0.000499487" />
                    </vertex>
                    <vertex>
                        <position x="-12.4529" y="177.539" z="3.51024" />
                        <normal x="-2.34408e-006" y="0.707107" z="-0.707106" />
                        <colour_diffuse value="1 1 1 1" />
                        <texcoord u="0.1468" v="0.000499606" />
                    </vertex>
                    <vertex>
                        <position x="-12.4529" y="177.539" z="-1.09268" />
                        <normal x="-2.34408e-006" y="0.707107" z="-0.707106" />
                        <colour_diffuse value="1 1 1 1" />
                        <texcoord u="0.1468" v="0.999501" />
                    </vertex>
                    <vertex>
                        <position x="-30.064" y="159.928" z="-1.09268" />
                        <normal x="0" y="0" z="-1" />
                        <colour_diffuse value="1 1 1 1" />
                        <texcoord u="0.5" v="0.999501" />
                    </vertex>
                    <vertex>
                        <position x="-30.064" y="135.022" z="-1.09268" />
                        <normal x="0" y="0" z="-1" />
                        <colour_diffuse value="1 1 1 1" />
                        <texcoord u="0.8532" v="0.999501" />
                    </vertex>
                    <vertex>
                        <position x="-30.064" y="135.022" z="3.51024" />
                        <normal x="0" y="0" z="-1" />
                        <colour_diffuse value="1 1 1 1" />
                        <texcoord u="0.8532" v="0.000499606" />
                    </vertex>
                    <vertex>
                        <position x="-30.064" y="159.928" z="3.51024" />
                        <normal x="-0" y="0" z="-1" />
                        <colour_diffuse value="1 1 1 1" />
                        <texcoord u="0.5" v="0.000499487" />
                    </vertex>
                    <vertex>
                        <position x="-30.064" y="135.022" z="-1.09268" />
                        <normal x="0" y="-0.707107" z="-0.707107" />
                        <colour_diffuse value="1 1 1 1" />
                        <texcoord u="0.1468" v="0.999501" />
                    </vertex>
                    <vertex>
                        <position x="-12.4529" y="117.411" z="-1.09268" />
                        <normal x="0" y="-0.707107" z="-0.707107" />
                        <colour_diffuse value="1 1 1 1" />
                        <texcoord u="0.5" v="0.999501" />
                    </vertex>
                    <vertex>
                        <position x="-12.4529" y="117.411" z="3.51024" />
                        <normal x="0" y="-0.707107" z="-0.707107" />
                        <colour_diffuse value="1 1 1 1" />
                        <texcoord u="0.5" v="0.000499725" />
                    </vertex>
                    <vertex>
                        <position x="-12.4529" y="117.411" z="3.51024" />
                        <normal x="0" y="-0.707107" z="-0.707107" />
                        <colour_diffuse value="1 1 1 1" />
                        <texcoord u="0.5" v="0.000499725" />
                    </vertex>
                    <vertex>
                        <position x="-30.064" y="135.022" z="3.51024" />
                        <normal x="0" y="-0.707107" z="-0.707107" />
                        <colour_diffuse value="1 1 1 1" />
                        <texcoord u="0.1468" v="0.000499606" />
                    </vertex>
                    <vertex>
                        <position x="-30.064" y="135.022" z="-1.09268" />
                        <normal x="0" y="-0.707107" z="-0.707107" />
                        <colour_diffuse value="1 1 1 1" />
                        <texcoord u="0.1468" v="0.999501" />
                    </vertex>
                    <vertex>
                        <position x="-12.4529" y="117.411" z="-1.09268" />
                        <normal x="-1.65751e-006" y="-1" z="7.93352e-014" />
                        <colour_diffuse value="1 1 1 1" />
                        <texcoord u="0.5" v="0.999501" />
                    </vertex>
                    <vertex>
                        <position x="12.4529" y="117.411" z="-1.09268" />
                        <normal x="-1.65751e-006" y="-1" z="7.93352e-014" />
                        <colour_diffuse value="1 1 1 1" />
                        <texcoord u="0.8532" v="0.999501" />
                    </vertex>
                    <vertex>
                        <position x="12.4529" y="117.411" z="3.51024" />
                        <normal x="-1.65751e-006" y="-1" z="7.93352e-014" />
                        <colour_diffuse value="1 1 1 1" />
                        <texcoord u="0.8532" v="0.000499606" />
                    </vertex>
                    <vertex>
                        <position x="12.4529" y="117.411" z="3.51024" />
                        <normal x="0" y="-1" z="3.0633e-007" />
                        <colour_diffuse value="1 1 1 1" />
                        <texcoord u="0.8532" v="0.000499606" />
                    </vertex>
                    <vertex>
                        <position x="-12.4529" y="117.411" z="3.51024" />
                        <normal x="0" y="-1" z="3.0633e-007" />
                        <colour_diffuse value="1 1 1 1" />
                        <texcoord u="0.5" v="0.000499725" />
                    </vertex>
                    <vertex>
                        <position x="-12.4529" y="117.411" z="-1.09268" />
                        <normal x="0" y="-1" z="3.0633e-007" />
                        <colour_diffuse value="1 1 1 1" />
                        <texcoord u="0.5" v="0.999501" />
                    </vertex>
                    <vertex>
                        <position x="12.4529" y="117.411" z="-1.09268" />
                        <normal x="-0" y="-0.707107" z="0.707107" />
                        <colour_diffuse value="1 1 1 1" />
                        <texcoord u="0.1468" v="0.999501" />
                    </vertex>
                    <vertex>
                        <position x="30.064" y="135.022" z="-1.09268" />
                        <normal x="-0" y="-0.707107" z="0.707107" />
                        <colour_diffuse value="1 1 1 1" />
                        <texcoord u="0.5" v="0.999501" />
                    </vertex>
                    <vertex>
                        <position x="30.064" y="135.022" z="3.51024" />
                        <normal x="-0" y="-0.707107" z="0.707107" />
                        <colour_diffuse value="1 1 1 1" />
                        <texcoord u="0.5" v="0.000499606" />
                    </vertex>
                    <vertex>
                        <position x="30.064" y="135.022" z="3.51024" />
                        <normal x="-1.17204e-006" y="-0.707107" z="0.707107" />
                        <colour_diffuse value="1 1 1 1" />
                        <texcoord u="0.5" v="0.000499606" />
                    </vertex>
                    <vertex>
                        <position x="12.4529" y="117.411" z="3.51024" />
                        <normal x="-1.17204e-006" y="-0.707107" z="0.707107" />
                        <colour_diffuse value="1 1 1 1" />
                        <texcoord u="0.1468" v="0.000499606" />
                    </vertex>
                    <vertex>
                        <position x="12.4529" y="117.411" z="-1.09268" />
                        <normal x="-1.17204e-006" y="-0.707107" z="0.707107" />
                        <colour_diffuse value="1 1 1 1" />
                        <texcoord u="0.1468" v="0.999501" />
                    </vertex>
                    <vertex>
                        <position x="30.064" y="135.022" z="-1.09268" />
                        <normal x="-2.90065e-006" y="-1.80488e-013" z="1" />
                        <colour_diffuse value="1 1 1 1" />
                        <texcoord u="0.5" v="0.999501" />
                    </vertex>
                    <vertex>
                        <position x="30.064" y="159.928" z="-1.09268" />
                        <normal x="-2.90065e-006" y="-1.80488e-013" z="1" />
                        <colour_diffuse value="1 1 1 1" />
                        <texcoord u="0.8532" v="0.9995" />
                    </vertex>
                    <vertex>
                        <position x="30.064" y="159.928" z="3.51024" />
                        <normal x="-2.90065e-006" y="-1.80488e-013" z="1" />
                        <colour_diffuse value="1 1 1 1" />
                        <texcoord u="0.8532" v="0.000499606" />
                    </vertex>
                    <vertex>
                        <position x="30.064" y="159.928" z="3.51024" />
                        <normal x="0" y="5.36077e-007" z="1" />
                        <colour_diffuse value="1 1 1 1" />
                        <texcoord u="0.8532" v="0.000499606" />
                    </vertex>
                    <vertex>
                        <position x="30.064" y="135.022" z="3.51024" />
                        <normal x="0" y="5.36077e-007" z="1" />
                        <colour_diffuse value="1 1 1 1" />
                        <texcoord u="0.5" v="0.000499606" />
                    </vertex>
                    <vertex>
                        <position x="30.064" y="135.022" z="-1.09268" />
                        <normal x="0" y="5.36077e-007" z="1" />
                        <colour_diffuse value="1 1 1 1" />
                        <texcoord u="0.5" v="0.999501" />
                    </vertex>
                    <vertex>
                        <position x="30.064" y="159.928" z="-1.09268" />
                        <normal x="0" y="0.707107" z="0.707107" />
                        <colour_diffuse value="1 1 1 1" />
                        <texcoord u="0.1468" v="0.9995" />
                    </vertex>
                    <vertex>
                        <position x="12.4529" y="177.539" z="-1.09268" />
                        <normal x="0" y="0.707107" z="0.707107" />
                        <colour_diffuse value="1 1 1 1" />
                        <texcoord u="0.5" v="0.999501" />
                    </vertex>
                    <vertex>
                        <position x="12.4529" y="177.539" z="3.51024" />
                        <normal x="0" y="0.707107" z="0.707107" />
                        <colour_diffuse value="1 1 1 1" />
                        <texcoord u="0.5" v="0.000499606" />
                    </vertex>
                    <vertex>
                        <position x="12.4529" y="177.539" z="3.51024" />
                        <normal x="-2.05107e-006" y="0.707106" z="0.707107" />
                        <colour_diffuse value="1 1 1 1" />
                        <texcoord u="0.5" v="0.000499606" />
                    </vertex>
                    <vertex>
                        <position x="30.064" y="159.928" z="3.51024" />
                        <normal x="-2.05107e-006" y="0.707106" z="0.707107" />
                        <colour_diffuse value="1 1 1 1" />
                        <texcoord u="0.1468" v="0.000499606" />
                    </vertex>
                    <vertex>
                        <position x="30.064" y="159.928" z="-1.09268" />
                        <normal x="-2.05107e-006" y="0.707106" z="0.707107" />
                        <colour_diffuse value="1 1 1 1" />
                        <texcoord u="0.1468" v="0.9995" />
                    </vertex>
                    <vertex>
                        <position x="30.064" y="135.022" z="-1.09268" />
                        <normal x="1" y="6.8171e-008" z="-4.78641e-008" />
                        <colour_diffuse value="1 1 1 1" />
                        <texcoord u="0.5" v="0.9995" />
                    </vertex>
                    <vertex>
                        <position x="12.4529" y="117.411" z="-1.09268" />
                        <normal x="1" y="6.8171e-008" z="-4.78641e-008" />
                        <colour_diffuse value="1 1 1 1" />
                        <texcoord u="0.8532" v="0.8532" />
                    </vertex>
                    <vertex>
                        <position x="-12.4529" y="117.411" z="-1.09268" />
                        <normal x="1" y="6.8171e-008" z="-4.78641e-008" />
                        <colour_diffuse value="1 1 1 1" />
                        <texcoord u="0.9995" v="0.5" />
                    </vertex>
                    <vertex>
                        <position x="-12.4529" y="117.411" z="-1.09268" />
                        <normal x="1" y="6.22233e-008" z="-2.57737e-008" />
                        <colour_diffuse value="1 1 1 1" />
                        <texcoord u="0.9995" v="0.5" />
                    </vertex>
                    <vertex>
                        <position x="-30.064" y="135.022" z="-1.09268" />
                        <normal x="1" y="6.22233e-008" z="-2.57737e-008" />
                        <colour_diffuse value="1 1 1 1" />
                        <texcoord u="0.8532" v="0.1468" />
                    </vertex>
                    <vertex>
                        <position x="-30.064" y="159.928" z="-1.09268" />
                        <normal x="1" y="6.22233e-008" z="-2.57737e-008" />
                        <colour_diffuse value="1 1 1 1" />
                        <texcoord u="0.5" v="0.000499606" />
                    </vertex>
                    <vertex>
                        <position x="-30.064" y="159.928" z="-1.09268" />
                        <normal x="1" y="5.38118e-008" z="-3.35048e-008" />
                        <colour_diffuse value="1 1 1 1" />
                        <texcoord u="0.5" v="0.000499606" />
                    </vertex>
                    <vertex>
                        <position x="-12.4529" y="177.539" z="-1.09268" />
                        <normal x="1" y="5.38118e-008" z="-3.35048e-008" />
                        <colour_diffuse value="1 1 1 1" />
                        <texcoord u="0.1468" v="0.1468" />
                    </vertex>
                    <vertex>
                        <position x="12.4529" y="177.539" z="-1.09268" />
                        <normal x="1" y="5.38118e-008" z="-3.35048e-008" />
                        <colour_diffuse value="1 1 1 1" />
                        <texcoord u="0.000499547" v="0.5" />
                    </vertex>
                    <vertex>
                        <position x="-12.4529" y="117.411" z="-1.09268" />
                        <normal x="1" y="5.82581e-008" z="-3.53465e-008" />
                        <colour_diffuse value="1 1 1 1" />
                        <texcoord u="0.9995" v="0.5" />
                    </vertex>
                    <vertex>
                        <position x="-30.064" y="159.928" z="-1.09268" />
                        <normal x="1" y="5.82581e-008" z="-3.53465e-008" />
                        <colour_diffuse value="1 1 1 1" />
                        <texcoord u="0.5" v="0.000499606" />
                    </vertex>
                    <vertex>
                        <position x="12.4529" y="177.539" z="-1.09268" />
                        <normal x="1" y="5.82581e-008" z="-3.53465e-008" />
                        <colour_diffuse value="1 1 1 1" />
                        <texcoord u="0.000499547" v="0.5" />
                    </vertex>
                    <vertex>
                        <position x="30.064" y="135.022" z="-1.09268" />
                        <normal x="1" y="6.24638e-008" z="-4.55e-008" />
                        <colour_diffuse value="1 1 1 1" />
                        <texcoord u="0.5" v="0.9995" />
                    </vertex>
                    <vertex>
                        <position x="-12.4529" y="117.411" z="-1.09268" />
                        <normal x="1" y="6.24638e-008" z="-4.55e-008" />
                        <colour_diffuse value="1 1 1 1" />
                        <texcoord u="0.9995" v="0.5" />
                    </vertex>
                    <vertex>
                        <position x="12.4529" y="177.539" z="-1.09268" />
                        <normal x="1" y="6.24638e-008" z="-4.55e-008" />
                        <colour_diffuse value="1 1 1 1" />
                        <texcoord u="0.000499547" v="0.5" />
                    </vertex>
                    <vertex>
                        <position x="30.064" y="159.928" z="-1.09268" />
                        <normal x="1" y="6.22233e-008" z="-4.60807e-008" />
                        <colour_diffuse value="1 1 1 1" />
                        <texcoord u="0.1468" v="0.8532" />
                    </vertex>
                    <vertex>
                        <position x="30.064" y="135.022" z="-1.09268" />
                        <normal x="1" y="6.22233e-008" z="-4.60807e-008" />
                        <colour_diffuse value="1 1 1 1" />
                        <texcoord u="0.5" v="0.9995" />
                    </vertex>
                    <vertex>
                        <position x="12.4529" y="177.539" z="-1.09268" />
                        <normal x="1" y="6.22233e-008" z="-4.60807e-008" />
                        <colour_diffuse value="1 1 1 1" />
                        <texcoord u="0.000499547" v="0.5" />
                    </vertex>
                </vertexbuffer>
            </geometry>
        </submesh>
        <submesh material="panneau_stop/panneau_velo" usesharedvertices="false" use32bitindexes="false" operationtype="triangle_list">
            <faces count="6">
                <face v1="0" v2="1" v3="2" />
                <face v1="3" v2="4" v3="5" />
                <face v1="6" v2="7" v3="8" />
                <face v1="9" v2="10" v3="11" />
                <face v1="12" v2="13" v3="14" />
                <face v1="15" v2="16" v3="17" />
            </faces>
            <geometry vertexcount="18">
                <vertexbuffer positions="true" normals="true" colours_diffuse="true" texture_coord_dimensions_0="float2" texture_coords="1">
                    <vertex>
                        <position x="-12.4529" y="177.539" z="3.51024" />
                        <normal x="-1" y="-7.65825e-008" z="7.65824e-008" />
                        <colour_diffuse value="1 1 1 1" />
                        <texcoord u="0.291378" v="-0.00365722" />
                    </vertex>
                    <vertex>
                        <position x="-30.064" y="159.928" z="3.51024" />
                        <normal x="-1" y="-7.65825e-008" z="7.65824e-008" />
                        <colour_diffuse value="1 1 1 1" />
                        <texcoord u="-0.00365723" v="0.291378" />
                    </vertex>
                    <vertex>
                        <position x="-30.064" y="135.022" z="3.51024" />
                        <normal x="-1" y="-7.65825e-008" z="7.65824e-008" />
                        <colour_diffuse value="1 1 1 1" />
                        <texcoord u="-0.0036573" v="0.708622" />
                    </vertex>
                    <vertex>
                        <position x="-30.064" y="135.022" z="3.51024" />
                        <normal x="-1" y="-1.06662e-007" z="2.87185e-008" />
                        <colour_diffuse value="1 1 1 1" />
                        <texcoord u="-0.0036573" v="0.708622" />
                    </vertex>
                    <vertex>
                        <position x="-12.4529" y="117.411" z="3.51024" />
                        <normal x="-1" y="-1.06662e-007" z="2.87185e-008" />
                        <colour_diffuse value="1 1 1 1" />
                        <texcoord u="0.291378" v="1.00366" />
                    </vertex>
                    <vertex>
                        <position x="12.4529" y="117.411" z="3.51024" />
                        <normal x="-1" y="-1.06662e-007" z="2.87185e-008" />
                        <colour_diffuse value="1 1 1 1" />
                        <texcoord u="0.708622" v="1.00366" />
                    </vertex>
                    <vertex>
                        <position x="12.4529" y="117.411" z="3.51024" />
                        <normal x="-1" y="-6.70096e-008" z="5.34716e-008" />
                        <colour_diffuse value="1 1 1 1" />
                        <texcoord u="0.708622" v="1.00366" />
                    </vertex>
                    <vertex>
                        <position x="30.064" y="135.022" z="3.51024" />
                        <normal x="-1" y="-6.70096e-008" z="5.34716e-008" />
                        <colour_diffuse value="1 1 1 1" />
                        <texcoord u="1.00366" v="0.708622" />
                    </vertex>
                    <vertex>
                        <position x="30.064" y="159.928" z="3.51024" />
                        <normal x="-1" y="-6.70096e-008" z="5.34716e-008" />
                        <colour_diffuse value="1 1 1 1" />
                        <texcoord u="1.00366" v="0.291378" />
                    </vertex>
                    <vertex>
                        <position x="-30.064" y="135.022" z="3.51024" />
                        <normal x="-1" y="-6.4065e-008" z="4.63625e-008" />
                        <colour_diffuse value="1 1 1 1" />
                        <texcoord u="-0.0036573" v="0.708622" />
                    </vertex>
                    <vertex>
                        <position x="12.4529" y="117.411" z="3.51024" />
                        <normal x="-1" y="-6.4065e-008" z="4.63625e-008" />
                        <colour_diffuse value="1 1 1 1" />
                        <texcoord u="0.708622" v="1.00366" />
                    </vertex>
                    <vertex>
                        <position x="30.064" y="159.928" z="3.51024" />
                        <normal x="-1" y="-6.4065e-008" z="4.63625e-008" />
                        <colour_diffuse value="1 1 1 1" />
                        <texcoord u="1.00366" v="0.291378" />
                    </vertex>
                    <vertex>
                        <position x="-12.4529" y="177.539" z="3.51024" />
                        <normal x="-1" y="-6.4065e-008" z="4.63625e-008" />
                        <colour_diffuse value="1 1 1 1" />
                        <texcoord u="0.291378" v="-0.00365722" />
                    </vertex>
                    <vertex>
                        <position x="-30.064" y="135.022" z="3.51024" />
                        <normal x="-1" y="-6.4065e-008" z="4.63625e-008" />
                        <colour_diffuse value="1 1 1 1" />
                        <texcoord u="-0.0036573" v="0.708622" />
                    </vertex>
                    <vertex>
                        <position x="30.064" y="159.928" z="3.51024" />
                        <normal x="-1" y="-6.4065e-008" z="4.63625e-008" />
                        <colour_diffuse value="1 1 1 1" />
                        <texcoord u="1.00366" v="0.291378" />
                    </vertex>
                    <vertex>
                        <position x="12.4529" y="177.539" z="3.51024" />
                        <normal x="-1" y="-6.04399e-008" z="4.78641e-008" />
                        <colour_diffuse value="1 1 1 1" />
                        <texcoord u="0.708622" v="-0.00365722" />
                    </vertex>
                    <vertex>
                        <position x="-12.4529" y="177.539" z="3.51024" />
                        <normal x="-1" y="-6.04399e-008" z="4.78641e-008" />
                        <colour_diffuse value="1 1 1 1" />
                        <texcoord u="0.291378" v="-0.00365722" />
                    </vertex>
                    <vertex>
                        <position x="30.064" y="159.928" z="3.51024" />
                        <normal x="-1" y="-6.04399e-008" z="4.78641e-008" />
                        <colour_diffuse value="1 1 1 1" />
                        <texcoord u="1.00366" v="0.291378" />
                    </vertex>
                </vertexbuffer>
            </geometry>
        </submesh>
    </submeshes>
    <submeshnames>
        <submeshname name="panneau_stop/panneau_velo" index="1" />
        <submeshname name="panneau_stop/metal" index="0" />
    </submeshnames>
</mesh>
