<mesh>
    <submeshes>
        <submesh material="petite_etagere/bois" usesharedvertices="false" use32bitindexes="false" operationtype="triangle_list">
            <faces count="36">
                <face v1="0" v2="1" v3="2" />
                <face v1="2" v2="3" v3="0" />
                <face v1="4" v2="5" v3="6" />
                <face v1="6" v2="7" v3="4" />
                <face v1="8" v2="9" v3="10" />
                <face v1="10" v2="11" v3="8" />
                <face v1="12" v2="13" v3="14" />
                <face v1="14" v2="15" v3="12" />
                <face v1="16" v2="17" v3="18" />
                <face v1="18" v2="19" v3="16" />
                <face v1="20" v2="21" v3="22" />
                <face v1="22" v2="23" v3="20" />
                <face v1="24" v2="25" v3="26" />
                <face v1="26" v2="27" v3="24" />
                <face v1="28" v2="29" v3="30" />
                <face v1="30" v2="31" v3="28" />
                <face v1="32" v2="33" v3="34" />
                <face v1="34" v2="35" v3="32" />
                <face v1="36" v2="37" v3="38" />
                <face v1="38" v2="39" v3="36" />
                <face v1="40" v2="41" v3="42" />
                <face v1="42" v2="43" v3="40" />
                <face v1="44" v2="45" v3="46" />
                <face v1="46" v2="47" v3="44" />
                <face v1="48" v2="49" v3="50" />
                <face v1="50" v2="51" v3="48" />
                <face v1="52" v2="53" v3="54" />
                <face v1="54" v2="55" v3="52" />
                <face v1="56" v2="57" v3="58" />
                <face v1="58" v2="59" v3="56" />
                <face v1="60" v2="61" v3="62" />
                <face v1="62" v2="63" v3="60" />
                <face v1="64" v2="65" v3="66" />
                <face v1="66" v2="67" v3="64" />
                <face v1="68" v2="69" v3="70" />
                <face v1="70" v2="71" v3="68" />
            </faces>
            <geometry vertexcount="72">
                <vertexbuffer positions="true" normals="true" colours_diffuse="true" texture_coord_dimensions_0="float2" texture_coords="1">
                    <vertex>
                        <position x="40.4142" y="134.914" z="0.933865" />
                        <normal x="5.69205e-007" y="-1" z="2.53837e-007" />
                        <colour_diffuse value="1 1 1 1" />
                        <texcoord u="0.662728" v="0.308599" />
                    </vertex>
                    <vertex>
                        <position x="40.1056" y="134.914" z="61.7386" />
                        <normal x="5.69205e-007" y="-1" z="2.53837e-007" />
                        <colour_diffuse value="1 1 1 1" />
                        <texcoord u="0.836216" v="0.308429" />
                    </vertex>
                    <vertex>
                        <position x="-40.405" y="134.914" z="61.9383" />
                        <normal x="5.69205e-007" y="-1" z="2.53837e-007" />
                        <colour_diffuse value="1 1 1 1" />
                        <texcoord u="0.837272" v="0.691402" />
                    </vertex>
                    <vertex>
                        <position x="-40.0964" y="134.914" z="1.13353" />
                        <normal x="5.69205e-007" y="-1" z="2.53837e-007" />
                        <colour_diffuse value="1 1 1 1" />
                        <texcoord u="0.663784" v="0.691571" />
                    </vertex>
                    <vertex>
                        <position x="40.4142" y="141.215" z="0.933858" />
                        <normal x="-6.81008e-007" y="1" z="-4.01953e-007" />
                        <colour_diffuse value="1 1 1 1" />
                        <texcoord u="0.670872" v="0.321572" />
                    </vertex>
                    <vertex>
                        <position x="-40.0964" y="141.215" z="1.13352" />
                        <normal x="-5.69205e-007" y="1" z="-2.53837e-007" />
                        <colour_diffuse value="1 1 1 1" />
                        <texcoord u="0.671866" v="0.678498" />
                    </vertex>
                    <vertex>
                        <position x="-40.405" y="141.215" z="61.9383" />
                        <normal x="-6.47553e-007" y="1" z="-3.57632e-007" />
                        <colour_diffuse value="1 1 1 1" />
                        <texcoord u="0.829128" v="0.678428" />
                    </vertex>
                    <vertex>
                        <position x="40.1056" y="141.215" z="61.7386" />
                        <normal x="-7.59355e-007" y="1" z="-5.05749e-007" />
                        <colour_diffuse value="1 1 1 1" />
                        <texcoord u="0.828134" v="0.321502" />
                    </vertex>
                    <vertex>
                        <position x="40.4142" y="134.914" z="0.933865" />
                        <normal x="-0.00247992" y="-1.24092e-006" z="-0.999997" />
                        <colour_diffuse value="1 1 1 1" />
                        <texcoord u="0.662728" v="0.308599" />
                    </vertex>
                    <vertex>
                        <position x="-40.0964" y="134.914" z="1.13353" />
                        <normal x="-0.00247996" y="-1.81623e-006" z="-0.999997" />
                        <colour_diffuse value="1 1 1 1" />
                        <texcoord u="0.663784" v="0.691571" />
                    </vertex>
                    <vertex>
                        <position x="-40.0964" y="141.215" z="1.13352" />
                        <normal x="-0.00247996" y="-1.78612e-006" z="-0.999997" />
                        <colour_diffuse value="1 1 1 1" />
                        <texcoord u="0.671866" v="0.678498" />
                    </vertex>
                    <vertex>
                        <position x="40.4142" y="141.215" z="0.933858" />
                        <normal x="-0.00247991" y="-1.21082e-006" z="-0.999997" />
                        <colour_diffuse value="1 1 1 1" />
                        <texcoord u="0.670872" v="0.321572" />
                    </vertex>
                    <vertex>
                        <position x="-40.0964" y="134.914" z="1.13353" />
                        <normal x="-0.999987" y="-8.61332e-009" z="-0.0050761" />
                        <colour_diffuse value="1 1 1 1" />
                        <texcoord u="0.663784" v="0.691571" />
                    </vertex>
                    <vertex>
                        <position x="-40.405" y="134.914" z="61.9383" />
                        <normal x="-0.999987" y="0" z="-0.0050761" />
                        <colour_diffuse value="1 1 1 1" />
                        <texcoord u="0.837272" v="0.691402" />
                    </vertex>
                    <vertex>
                        <position x="-40.405" y="141.215" z="61.9383" />
                        <normal x="-0.999987" y="-6.06042e-010" z="-0.0050761" />
                        <colour_diffuse value="1 1 1 1" />
                        <texcoord u="0.829128" v="0.678428" />
                    </vertex>
                    <vertex>
                        <position x="-40.0964" y="141.215" z="1.13352" />
                        <normal x="-0.999987" y="-9.21936e-009" z="-0.0050761" />
                        <colour_diffuse value="1 1 1 1" />
                        <texcoord u="0.671866" v="0.678498" />
                    </vertex>
                    <vertex>
                        <position x="-40.405" y="134.914" z="61.9383" />
                        <normal x="0.00248012" y="0" z="0.999997" />
                        <colour_diffuse value="1 1 1 1" />
                        <texcoord u="0.837272" v="0.691402" />
                    </vertex>
                    <vertex>
                        <position x="40.1056" y="134.914" z="61.7386" />
                        <normal x="0.00248012" y="0" z="0.999997" />
                        <colour_diffuse value="1 1 1 1" />
                        <texcoord u="0.836216" v="0.308429" />
                    </vertex>
                    <vertex>
                        <position x="40.1056" y="141.215" z="61.7386" />
                        <normal x="0.00248012" y="0" z="0.999997" />
                        <colour_diffuse value="1 1 1 1" />
                        <texcoord u="0.828134" v="0.321502" />
                    </vertex>
                    <vertex>
                        <position x="-40.405" y="141.215" z="61.9383" />
                        <normal x="0.00248012" y="0" z="0.999997" />
                        <colour_diffuse value="1 1 1 1" />
                        <texcoord u="0.829128" v="0.678428" />
                    </vertex>
                    <vertex>
                        <position x="40.1056" y="134.914" z="61.7386" />
                        <normal x="0.999987" y="4.04004e-010" z="0.00507585" />
                        <colour_diffuse value="1 1 1 1" />
                        <texcoord u="0.836216" v="0.308429" />
                    </vertex>
                    <vertex>
                        <position x="40.4142" y="134.914" z="0.933865" />
                        <normal x="0.999987" y="6.14594e-009" z="0.00507585" />
                        <colour_diffuse value="1 1 1 1" />
                        <texcoord u="0.662728" v="0.308599" />
                    </vertex>
                    <vertex>
                        <position x="40.4142" y="141.215" z="0.933858" />
                        <normal x="0.999987" y="5.74193e-009" z="0.00507585" />
                        <colour_diffuse value="1 1 1 1" />
                        <texcoord u="0.670872" v="0.321572" />
                    </vertex>
                    <vertex>
                        <position x="40.1056" y="141.215" z="61.7386" />
                        <normal x="0.999987" y="0" z="0.00507585" />
                        <colour_diffuse value="1 1 1 1" />
                        <texcoord u="0.828134" v="0.321502" />
                    </vertex>
                    <vertex>
                        <position x="40.4142" y="81.307" z="0.933884" />
                        <normal x="6.08379e-007" y="-1" z="3.05734e-007" />
                        <colour_diffuse value="1 1 1 1" />
                        <texcoord u="0.482087" v="0.207797" />
                    </vertex>
                    <vertex>
                        <position x="40.1055" y="81.307" z="61.7386" />
                        <normal x="5.69205e-007" y="-1" z="2.53837e-007" />
                        <colour_diffuse value="1 1 1 1" />
                        <texcoord u="0.0181807" v="0.205973" />
                    </vertex>
                    <vertex>
                        <position x="-40.405" y="81.3069" z="61.9383" />
                        <normal x="6.25107e-007" y="-1" z="3.27895e-007" />
                        <colour_diffuse value="1 1 1 1" />
                        <texcoord u="0.0179132" v="0.792203" />
                    </vertex>
                    <vertex>
                        <position x="-40.0964" y="81.3069" z="1.13354" />
                        <normal x="6.6428e-007" y="-1" z="3.79793e-007" />
                        <colour_diffuse value="1 1 1 1" />
                        <texcoord u="0.481819" v="0.794027" />
                    </vertex>
                    <vertex>
                        <position x="40.4142" y="87.608" z="0.933884" />
                        <normal x="-6.6428e-007" y="1" z="-3.79793e-007" />
                        <colour_diffuse value="1 1 1 1" />
                        <texcoord u="0.514709" v="0.207479" />
                    </vertex>
                    <vertex>
                        <position x="-40.0964" y="87.6079" z="1.13354" />
                        <normal x="-6.6428e-007" y="1" z="-3.79793e-007" />
                        <colour_diffuse value="1 1 1 1" />
                        <texcoord u="0.514929" v="0.794353" />
                    </vertex>
                    <vertex>
                        <position x="-40.405" y="87.608" z="61.9383" />
                        <normal x="-6.6428e-007" y="1" z="-3.79793e-007" />
                        <colour_diffuse value="1 1 1 1" />
                        <texcoord u="0.985291" v="0.792521" />
                    </vertex>
                    <vertex>
                        <position x="40.1055" y="87.608" z="61.7386" />
                        <normal x="-6.6428e-007" y="1" z="-3.79793e-007" />
                        <colour_diffuse value="1 1 1 1" />
                        <texcoord u="0.98507" v="0.205646" />
                    </vertex>
                    <vertex>
                        <position x="40.4142" y="81.307" z="0.933884" />
                        <normal x="-0.00247991" y="0" z="-0.999997" />
                        <colour_diffuse value="1 1 1 1" />
                        <texcoord u="0.482087" v="0.207797" />
                    </vertex>
                    <vertex>
                        <position x="-40.0964" y="81.3069" z="1.13354" />
                        <normal x="-0.00247991" y="0" z="-0.999997" />
                        <colour_diffuse value="1 1 1 1" />
                        <texcoord u="0.481819" v="0.794027" />
                    </vertex>
                    <vertex>
                        <position x="-40.0964" y="87.6079" z="1.13354" />
                        <normal x="-0.00247991" y="0" z="-0.999997" />
                        <colour_diffuse value="1 1 1 1" />
                        <texcoord u="0.514929" v="0.794353" />
                    </vertex>
                    <vertex>
                        <position x="40.4142" y="87.608" z="0.933884" />
                        <normal x="-0.00247991" y="0" z="-0.999997" />
                        <colour_diffuse value="1 1 1 1" />
                        <texcoord u="0.514709" v="0.207479" />
                    </vertex>
                    <vertex>
                        <position x="-40.0964" y="81.3069" z="1.13354" />
                        <normal x="-0.999987" y="-4.04013e-010" z="-0.00507597" />
                        <colour_diffuse value="1 1 1 1" />
                        <texcoord u="-0.518181" v="0.794027" />
                    </vertex>
                    <vertex>
                        <position x="-40.405" y="81.3069" z="61.9383" />
                        <normal x="-0.999987" y="-6.14608e-009" z="-0.00507597" />
                        <colour_diffuse value="1 1 1 1" />
                        <texcoord u="0.0179132" v="0.792203" />
                    </vertex>
                    <vertex>
                        <position x="-40.405" y="87.608" z="61.9383" />
                        <normal x="-0.999987" y="-5.74207e-009" z="-0.00507597" />
                        <colour_diffuse value="1 1 1 1" />
                        <texcoord u="-0.0147089" v="0.792521" />
                    </vertex>
                    <vertex>
                        <position x="-40.0964" y="87.6079" z="1.13354" />
                        <normal x="-0.999987" y="0" z="-0.00507597" />
                        <colour_diffuse value="1 1 1 1" />
                        <texcoord u="-0.485071" v="0.794353" />
                    </vertex>
                    <vertex>
                        <position x="-40.405" y="81.3069" z="61.9383" />
                        <normal x="0.00248012" y="1.21082e-006" z="0.999997" />
                        <colour_diffuse value="1 1 1 1" />
                        <texcoord u="0.0179132" v="0.792203" />
                    </vertex>
                    <vertex>
                        <position x="40.1055" y="81.307" z="61.7386" />
                        <normal x="0.00248012" y="1.21081e-006" z="0.999997" />
                        <colour_diffuse value="1 1 1 1" />
                        <texcoord u="0.0181807" v="0.205973" />
                    </vertex>
                    <vertex>
                        <position x="40.1055" y="87.608" z="61.7386" />
                        <normal x="0.00248012" y="1.21081e-006" z="0.999997" />
                        <colour_diffuse value="1 1 1 1" />
                        <texcoord u="-0.0149297" v="0.205646" />
                    </vertex>
                    <vertex>
                        <position x="-40.405" y="87.608" z="61.9383" />
                        <normal x="0.00248012" y="1.21082e-006" z="0.999997" />
                        <colour_diffuse value="1 1 1 1" />
                        <texcoord u="-0.0147089" v="0.792521" />
                    </vertex>
                    <vertex>
                        <position x="40.1055" y="81.307" z="61.7386" />
                        <normal x="0.999987" y="5.74192e-009" z="0.00507585" />
                        <colour_diffuse value="1 1 1 1" />
                        <texcoord u="1.01818" v="0.205973" />
                    </vertex>
                    <vertex>
                        <position x="40.4142" y="81.307" z="0.933884" />
                        <normal x="0.999987" y="0" z="0.00507585" />
                        <colour_diffuse value="1 1 1 1" />
                        <texcoord u="0.482087" v="0.207797" />
                    </vertex>
                    <vertex>
                        <position x="40.4142" y="87.608" z="0.933884" />
                        <normal x="0.999987" y="4.0401e-010" z="0.00507585" />
                        <colour_diffuse value="1 1 1 1" />
                        <texcoord u="0.514709" v="0.207479" />
                    </vertex>
                    <vertex>
                        <position x="40.1055" y="87.608" z="61.7386" />
                        <normal x="0.999987" y="6.14593e-009" z="0.00507585" />
                        <colour_diffuse value="1 1 1 1" />
                        <texcoord u="0.98507" v="0.205646" />
                    </vertex>
                    <vertex>
                        <position x="40.4142" y="28.3229" z="0.933949" />
                        <normal x="8.54742e-007" y="-1" z="7.57181e-007" />
                        <colour_diffuse value="1 1 1 1" />
                        <texcoord u="0.329128" v="0.321572" />
                    </vertex>
                    <vertex>
                        <position x="40.1056" y="28.3229" z="61.7387" />
                        <normal x="8.54742e-007" y="-1" z="7.57181e-007" />
                        <colour_diffuse value="1 1 1 1" />
                        <texcoord u="0.171866" v="0.321502" />
                    </vertex>
                    <vertex>
                        <position x="-40.405" y="28.3228" z="61.9384" />
                        <normal x="8.54742e-007" y="-1" z="7.5718e-007" />
                        <colour_diffuse value="1 1 1 1" />
                        <texcoord u="0.170872" v="0.678428" />
                    </vertex>
                    <vertex>
                        <position x="-40.0964" y="28.3228" z="1.13361" />
                        <normal x="8.54741e-007" y="-1" z="7.5718e-007" />
                        <colour_diffuse value="1 1 1 1" />
                        <texcoord u="0.328134" v="0.678498" />
                    </vertex>
                    <vertex>
                        <position x="40.4142" y="34.6239" z="0.933941" />
                        <normal x="-9.21555e-007" y="1" z="-7.20632e-007" />
                        <colour_diffuse value="1 1 1 1" />
                        <texcoord u="0.337272" v="0.308598" />
                    </vertex>
                    <vertex>
                        <position x="-40.0964" y="34.6238" z="1.1336" />
                        <normal x="-9.49505e-007" y="1" z="-7.57662e-007" />
                        <colour_diffuse value="1 1 1 1" />
                        <texcoord u="0.336216" v="0.691571" />
                    </vertex>
                    <vertex>
                        <position x="-40.405" y="34.6238" z="61.9384" />
                        <normal x="-9.29918e-007" y="1" z="-7.31713e-007" />
                        <colour_diffuse value="1 1 1 1" />
                        <texcoord u="0.162728" v="0.691402" />
                    </vertex>
                    <vertex>
                        <position x="40.1056" y="34.6239" z="61.7387" />
                        <normal x="-9.01968e-007" y="1" z="-6.94683e-007" />
                        <colour_diffuse value="1 1 1 1" />
                        <texcoord u="0.163784" v="0.308428" />
                    </vertex>
                    <vertex>
                        <position x="40.4142" y="28.3229" z="0.933949" />
                        <normal x="-0.00247991" y="-1.21082e-006" z="-0.999997" />
                        <colour_diffuse value="1 1 1 1" />
                        <texcoord u="0.329128" v="0.321572" />
                    </vertex>
                    <vertex>
                        <position x="-40.0964" y="28.3228" z="1.13361" />
                        <normal x="-0.00247991" y="-1.21082e-006" z="-0.999997" />
                        <colour_diffuse value="1 1 1 1" />
                        <texcoord u="0.328134" v="0.678498" />
                    </vertex>
                    <vertex>
                        <position x="-40.0964" y="34.6238" z="1.1336" />
                        <normal x="-0.00247991" y="-1.21082e-006" z="-0.999997" />
                        <colour_diffuse value="1 1 1 1" />
                        <texcoord u="0.336216" v="0.691571" />
                    </vertex>
                    <vertex>
                        <position x="40.4142" y="34.6239" z="0.933941" />
                        <normal x="-0.00247991" y="-1.21082e-006" z="-0.999997" />
                        <colour_diffuse value="1 1 1 1" />
                        <texcoord u="0.337272" v="0.308598" />
                    </vertex>
                    <vertex>
                        <position x="-40.0964" y="28.3228" z="1.13361" />
                        <normal x="-0.999987" y="-1.65333e-007" z="-0.0050762" />
                        <colour_diffuse value="1 1 1 1" />
                        <texcoord u="0.328134" v="0.678498" />
                    </vertex>
                    <vertex>
                        <position x="-40.405" y="28.3228" z="61.9384" />
                        <normal x="-0.999987" y="-2.42776e-006" z="-0.00507597" />
                        <colour_diffuse value="1 1 1 1" />
                        <texcoord u="0.170872" v="0.678428" />
                    </vertex>
                    <vertex>
                        <position x="-40.405" y="34.6238" z="61.9384" />
                        <normal x="-0.999987" y="-2.26857e-006" z="-0.00507599" />
                        <colour_diffuse value="1 1 1 1" />
                        <texcoord u="0.162728" v="0.691402" />
                    </vertex>
                    <vertex>
                        <position x="-40.0964" y="34.6238" z="1.1336" />
                        <normal x="-0.999987" y="-6.14639e-009" z="-0.00507622" />
                        <colour_diffuse value="1 1 1 1" />
                        <texcoord u="0.336216" v="0.691571" />
                    </vertex>
                    <vertex>
                        <position x="-40.405" y="28.3228" z="61.9384" />
                        <normal x="0.00247993" y="1.15617e-006" z="0.999997" />
                        <colour_diffuse value="1 1 1 1" />
                        <texcoord u="0.170872" v="0.678428" />
                    </vertex>
                    <vertex>
                        <position x="40.1056" y="28.3229" z="61.7387" />
                        <normal x="0.00248003" y="-3.00286e-009" z="0.999997" />
                        <colour_diffuse value="1 1 1 1" />
                        <texcoord u="0.171866" v="0.321502" />
                    </vertex>
                    <vertex>
                        <position x="40.1056" y="34.6239" z="61.7387" />
                        <normal x="0.00248002" y="5.76492e-008" z="0.999997" />
                        <colour_diffuse value="1 1 1 1" />
                        <texcoord u="0.163784" v="0.308428" />
                    </vertex>
                    <vertex>
                        <position x="-40.405" y="34.6238" z="61.9384" />
                        <normal x="0.00247993" y="1.21682e-006" z="0.999997" />
                        <colour_diffuse value="1 1 1 1" />
                        <texcoord u="0.162728" v="0.691402" />
                    </vertex>
                    <vertex>
                        <position x="40.1056" y="28.3229" z="61.7387" />
                        <normal x="0.999987" y="-1.13081e-006" z="0.00507585" />
                        <colour_diffuse value="1 1 1 1" />
                        <texcoord u="0.171866" v="0.321502" />
                    </vertex>
                    <vertex>
                        <position x="40.4142" y="28.3229" z="0.933949" />
                        <normal x="0.999987" y="6.14608e-009" z="0.00507597" />
                        <colour_diffuse value="1 1 1 1" />
                        <texcoord u="0.329128" v="0.321572" />
                    </vertex>
                    <vertex>
                        <position x="40.4142" y="34.6239" z="0.933941" />
                        <normal x="0.999987" y="-7.38512e-008" z="0.00507596" />
                        <colour_diffuse value="1 1 1 1" />
                        <texcoord u="0.337272" v="0.308598" />
                    </vertex>
                    <vertex>
                        <position x="40.1056" y="34.6239" z="61.7387" />
                        <normal x="0.999987" y="-1.2108e-006" z="0.00507584" />
                        <colour_diffuse value="1 1 1 1" />
                        <texcoord u="0.163784" v="0.308428" />
                    </vertex>
                </vertexbuffer>
            </geometry>
        </submesh>
        <submesh material="petite_etagere/metal" usesharedvertices="false" use32bitindexes="false" operationtype="triangle_list">
            <faces count="224">
                <face v1="0" v2="1" v3="2" />
                <face v1="2" v2="3" v3="0" />
                <face v1="4" v2="0" v3="3" />
                <face v1="3" v2="5" v3="4" />
                <face v1="6" v2="4" v3="5" />
                <face v1="5" v2="7" v3="6" />
                <face v1="8" v2="6" v3="7" />
                <face v1="7" v2="9" v3="8" />
                <face v1="10" v2="8" v3="9" />
                <face v1="9" v2="11" v3="10" />
                <face v1="12" v2="10" v3="11" />
                <face v1="11" v2="13" v3="12" />
                <face v1="14" v2="12" v3="13" />
                <face v1="13" v2="15" v3="14" />
                <face v1="1" v2="14" v3="15" />
                <face v1="15" v2="2" v3="1" />
                <face v1="16" v2="17" v3="1" />
                <face v1="1" v2="0" v3="16" />
                <face v1="18" v2="16" v3="0" />
                <face v1="0" v2="4" v3="18" />
                <face v1="19" v2="18" v3="4" />
                <face v1="4" v2="6" v3="19" />
                <face v1="20" v2="19" v3="6" />
                <face v1="6" v2="8" v3="20" />
                <face v1="21" v2="20" v3="8" />
                <face v1="8" v2="10" v3="21" />
                <face v1="22" v2="21" v3="10" />
                <face v1="10" v2="12" v3="22" />
                <face v1="23" v2="22" v3="12" />
                <face v1="12" v2="14" v3="23" />
                <face v1="17" v2="23" v3="14" />
                <face v1="14" v2="1" v3="17" />
                <face v1="24" v2="25" v3="17" />
                <face v1="17" v2="16" v3="24" />
                <face v1="26" v2="24" v3="16" />
                <face v1="16" v2="18" v3="26" />
                <face v1="27" v2="26" v3="18" />
                <face v1="18" v2="19" v3="27" />
                <face v1="28" v2="27" v3="19" />
                <face v1="19" v2="20" v3="28" />
                <face v1="29" v2="28" v3="20" />
                <face v1="20" v2="21" v3="29" />
                <face v1="30" v2="29" v3="21" />
                <face v1="21" v2="22" v3="30" />
                <face v1="31" v2="30" v3="22" />
                <face v1="22" v2="23" v3="31" />
                <face v1="25" v2="31" v3="23" />
                <face v1="23" v2="17" v3="25" />
                <face v1="32" v2="33" v3="25" />
                <face v1="25" v2="24" v3="32" />
                <face v1="34" v2="32" v3="24" />
                <face v1="24" v2="26" v3="34" />
                <face v1="35" v2="34" v3="26" />
                <face v1="26" v2="27" v3="35" />
                <face v1="36" v2="35" v3="27" />
                <face v1="27" v2="28" v3="36" />
                <face v1="37" v2="36" v3="28" />
                <face v1="28" v2="29" v3="37" />
                <face v1="38" v2="37" v3="29" />
                <face v1="29" v2="30" v3="38" />
                <face v1="39" v2="38" v3="30" />
                <face v1="30" v2="31" v3="39" />
                <face v1="33" v2="39" v3="31" />
                <face v1="31" v2="25" v3="33" />
                <face v1="40" v2="41" v3="33" />
                <face v1="33" v2="32" v3="40" />
                <face v1="42" v2="40" v3="32" />
                <face v1="32" v2="34" v3="42" />
                <face v1="43" v2="42" v3="34" />
                <face v1="34" v2="35" v3="43" />
                <face v1="44" v2="43" v3="35" />
                <face v1="35" v2="36" v3="44" />
                <face v1="45" v2="44" v3="36" />
                <face v1="36" v2="37" v3="45" />
                <face v1="46" v2="45" v3="37" />
                <face v1="37" v2="38" v3="46" />
                <face v1="47" v2="46" v3="38" />
                <face v1="38" v2="39" v3="47" />
                <face v1="41" v2="47" v3="39" />
                <face v1="39" v2="33" v3="41" />
                <face v1="48" v2="49" v3="41" />
                <face v1="41" v2="40" v3="48" />
                <face v1="50" v2="48" v3="40" />
                <face v1="40" v2="42" v3="50" />
                <face v1="51" v2="50" v3="42" />
                <face v1="42" v2="43" v3="51" />
                <face v1="52" v2="51" v3="43" />
                <face v1="43" v2="44" v3="52" />
                <face v1="53" v2="52" v3="44" />
                <face v1="44" v2="45" v3="53" />
                <face v1="54" v2="53" v3="45" />
                <face v1="45" v2="46" v3="54" />
                <face v1="55" v2="54" v3="46" />
                <face v1="46" v2="47" v3="55" />
                <face v1="49" v2="55" v3="47" />
                <face v1="47" v2="41" v3="49" />
                <face v1="56" v2="57" v3="49" />
                <face v1="49" v2="48" v3="56" />
                <face v1="58" v2="56" v3="48" />
                <face v1="48" v2="50" v3="58" />
                <face v1="59" v2="58" v3="50" />
                <face v1="50" v2="51" v3="59" />
                <face v1="60" v2="59" v3="51" />
                <face v1="51" v2="52" v3="60" />
                <face v1="61" v2="60" v3="52" />
                <face v1="52" v2="53" v3="61" />
                <face v1="62" v2="61" v3="53" />
                <face v1="53" v2="54" v3="62" />
                <face v1="63" v2="62" v3="54" />
                <face v1="54" v2="55" v3="63" />
                <face v1="57" v2="63" v3="55" />
                <face v1="55" v2="49" v3="57" />
                <face v1="64" v2="65" v3="66" />
                <face v1="66" v2="67" v3="64" />
                <face v1="68" v2="64" v3="67" />
                <face v1="67" v2="69" v3="68" />
                <face v1="70" v2="68" v3="69" />
                <face v1="69" v2="71" v3="70" />
                <face v1="72" v2="70" v3="71" />
                <face v1="71" v2="73" v3="72" />
                <face v1="74" v2="72" v3="73" />
                <face v1="73" v2="75" v3="74" />
                <face v1="76" v2="74" v3="75" />
                <face v1="75" v2="77" v3="76" />
                <face v1="78" v2="76" v3="77" />
                <face v1="77" v2="79" v3="78" />
                <face v1="65" v2="78" v3="79" />
                <face v1="79" v2="66" v3="65" />
                <face v1="80" v2="81" v3="65" />
                <face v1="65" v2="64" v3="80" />
                <face v1="82" v2="80" v3="64" />
                <face v1="64" v2="68" v3="82" />
                <face v1="83" v2="82" v3="68" />
                <face v1="68" v2="70" v3="83" />
                <face v1="84" v2="83" v3="70" />
                <face v1="70" v2="72" v3="84" />
                <face v1="85" v2="84" v3="72" />
                <face v1="72" v2="74" v3="85" />
                <face v1="86" v2="85" v3="74" />
                <face v1="74" v2="76" v3="86" />
                <face v1="87" v2="86" v3="76" />
                <face v1="76" v2="78" v3="87" />
                <face v1="81" v2="87" v3="78" />
                <face v1="78" v2="65" v3="81" />
                <face v1="88" v2="89" v3="81" />
                <face v1="81" v2="80" v3="88" />
                <face v1="90" v2="88" v3="80" />
                <face v1="80" v2="82" v3="90" />
                <face v1="91" v2="90" v3="82" />
                <face v1="82" v2="83" v3="91" />
                <face v1="92" v2="91" v3="83" />
                <face v1="83" v2="84" v3="92" />
                <face v1="93" v2="92" v3="84" />
                <face v1="84" v2="85" v3="93" />
                <face v1="94" v2="93" v3="85" />
                <face v1="85" v2="86" v3="94" />
                <face v1="95" v2="94" v3="86" />
                <face v1="86" v2="87" v3="95" />
                <face v1="89" v2="95" v3="87" />
                <face v1="87" v2="81" v3="89" />
                <face v1="96" v2="97" v3="89" />
                <face v1="89" v2="88" v3="96" />
                <face v1="98" v2="96" v3="88" />
                <face v1="88" v2="90" v3="98" />
                <face v1="99" v2="98" v3="90" />
                <face v1="90" v2="91" v3="99" />
                <face v1="100" v2="99" v3="91" />
                <face v1="91" v2="92" v3="100" />
                <face v1="101" v2="100" v3="92" />
                <face v1="92" v2="93" v3="101" />
                <face v1="102" v2="101" v3="93" />
                <face v1="93" v2="94" v3="102" />
                <face v1="103" v2="102" v3="94" />
                <face v1="94" v2="95" v3="103" />
                <face v1="97" v2="103" v3="95" />
                <face v1="95" v2="89" v3="97" />
                <face v1="104" v2="105" v3="97" />
                <face v1="97" v2="96" v3="104" />
                <face v1="106" v2="104" v3="96" />
                <face v1="96" v2="98" v3="106" />
                <face v1="107" v2="106" v3="98" />
                <face v1="98" v2="99" v3="107" />
                <face v1="108" v2="107" v3="99" />
                <face v1="99" v2="100" v3="108" />
                <face v1="109" v2="108" v3="100" />
                <face v1="100" v2="101" v3="109" />
                <face v1="110" v2="109" v3="101" />
                <face v1="101" v2="102" v3="110" />
                <face v1="111" v2="110" v3="102" />
                <face v1="102" v2="103" v3="111" />
                <face v1="105" v2="111" v3="103" />
                <face v1="103" v2="97" v3="105" />
                <face v1="112" v2="113" v3="105" />
                <face v1="105" v2="104" v3="112" />
                <face v1="114" v2="112" v3="104" />
                <face v1="104" v2="106" v3="114" />
                <face v1="115" v2="114" v3="106" />
                <face v1="106" v2="107" v3="115" />
                <face v1="116" v2="115" v3="107" />
                <face v1="107" v2="108" v3="116" />
                <face v1="117" v2="116" v3="108" />
                <face v1="108" v2="109" v3="117" />
                <face v1="118" v2="117" v3="109" />
                <face v1="109" v2="110" v3="118" />
                <face v1="119" v2="118" v3="110" />
                <face v1="110" v2="111" v3="119" />
                <face v1="113" v2="119" v3="111" />
                <face v1="111" v2="105" v3="113" />
                <face v1="120" v2="121" v3="113" />
                <face v1="113" v2="112" v3="120" />
                <face v1="122" v2="120" v3="112" />
                <face v1="112" v2="114" v3="122" />
                <face v1="123" v2="122" v3="114" />
                <face v1="114" v2="115" v3="123" />
                <face v1="124" v2="123" v3="115" />
                <face v1="115" v2="116" v3="124" />
                <face v1="125" v2="124" v3="116" />
                <face v1="116" v2="117" v3="125" />
                <face v1="126" v2="125" v3="117" />
                <face v1="117" v2="118" v3="126" />
                <face v1="127" v2="126" v3="118" />
                <face v1="118" v2="119" v3="127" />
                <face v1="121" v2="127" v3="119" />
                <face v1="119" v2="113" v3="121" />
            </faces>
            <geometry vertexcount="128">
                <vertexbuffer positions="true" normals="true" colours_diffuse="true" texture_coord_dimensions_0="float2" texture_coords="1">
                    <vertex>
                        <position x="49.5485" y="138.334" z="14.4844" />
                        <normal x="0.733089" y="-0.440652" z="-0.51808" />
                        <colour_diffuse value="1 1 1 1" />
                        <texcoord u="0.492254" v="0.359469" />
                    </vertex>
                    <vertex>
                        <position x="45.7415" y="137.29" z="13.254" />
                        <normal x="0.00311132" y="-0.646645" z="-0.762785" />
                        <colour_diffuse value="1 1 1 1" />
                        <texcoord u="0.494828" v="0.354567" />
                    </vertex>
                    <vertex>
                        <position x="45.7917" y="154.629" z="-7.20054" />
                        <normal x="0.00284908" y="-0.762825" z="-0.646599" />
                        <colour_diffuse value="1 1 1 1" />
                        <texcoord u="0.538702" v="0.338217" />
                    </vertex>
                    <vertex>
                        <position x="49.5996" y="156.002" z="-6.36112" />
                        <normal x="0.727689" y="-0.524141" z="-0.442432" />
                        <colour_diffuse value="1 1 1 1" />
                        <texcoord u="0.535418" v="0.342177" />
                    </vertex>
                    <vertex>
                        <position x="51.1169" y="140.845" z="17.4273" />
                        <normal x="0.999089" y="0.0264354" z="0.0334974" />
                        <colour_diffuse value="1 1 1 1" />
                        <texcoord u="0.485948" v="0.358954" />
                    </vertex>
                    <vertex>
                        <position x="51.1704" y="159.308" z="-4.36122" />
                        <normal x="0.999125" y="0.0306946" z="0.0284263" />
                        <colour_diffuse value="1 1 1 1" />
                        <texcoord u="0.530357" v="0.340876" />
                    </vertex>
                    <vertex>
                        <position x="49.5246" y="143.354" z="20.3599" />
                        <normal x="0.68882" y="0.468247" z="0.553419" />
                        <colour_diffuse value="1 1 1 1" />
                        <texcoord u="0.479437" v="0.353878" />
                    </vertex>
                    <vertex>
                        <position x="49.5804" y="162.61" z="-2.37161" />
                        <normal x="0.684638" y="0.555341" z="0.472088" />
                        <colour_diffuse value="1 1 1 1" />
                        <texcoord u="0.526288" v="0.33547" />
                    </vertex>
                    <vertex>
                        <position x="45.7077" y="144.391" z="21.5654" />
                        <normal x="-0.00310882" y="0.647065" z="0.762429" />
                        <colour_diffuse value="1 1 1 1" />
                        <texcoord u="0.47599" v="0.346924" />
                    </vertex>
                    <vertex>
                        <position x="45.7645" y="163.976" z="-1.55704" />
                        <normal x="-0.00284345" y="0.763041" z="0.646344" />
                        <colour_diffuse value="1 1 1 1" />
                        <texcoord u="0.52526" v="0.328895" />
                    </vertex>
                    <vertex>
                        <position x="41.9007" y="143.347" z="20.335" />
                        <normal x="-0.693301" y="0.466941" z="0.548907" />
                        <colour_diffuse value="1 1 1 1" />
                        <texcoord u="0.477707" v="0.341588" />
                    </vertex>
                    <vertex>
                        <position x="41.9565" y="162.603" z="-2.39645" />
                        <normal x="-0.68875" y="0.55401" z="0.467651" />
                        <colour_diffuse value="1 1 1 1" />
                        <texcoord u="0.528029" v="0.324596" />
                    </vertex>
                    <vertex>
                        <position x="40.3323" y="140.835" z="17.3922" />
                        <normal x="-0.999334" y="0.024554" z="0.0270007" />
                        <colour_diffuse value="1 1 1 1" />
                        <texcoord u="0.484181" v="0.341222" />
                    </vertex>
                    <vertex>
                        <position x="40.3858" y="159.297" z="-4.39636" />
                        <normal x="-0.999344" y="0.0288208" z="0.0219358" />
                        <colour_diffuse value="1 1 1 1" />
                        <texcoord u="0.533338" v="0.325285" />
                    </vertex>
                    <vertex>
                        <position x="41.9246" y="138.327" z="14.4595" />
                        <normal x="-0.728862" y="-0.442046" z="-0.522834" />
                        <colour_diffuse value="1 1 1 1" />
                        <texcoord u="0.491552" v="0.346731" />
                    </vertex>
                    <vertex>
                        <position x="41.9758" y="155.995" z="-6.38596" />
                        <normal x="-0.723791" y="-0.525484" z="-0.447206" />
                        <colour_diffuse value="1 1 1 1" />
                        <texcoord u="0.537925" v="0.331029" />
                    </vertex>
                    <vertex>
                        <position x="49.5238" y="113.677" z="29.2314" />
                        <normal x="0.733321" y="-0.248863" z="-0.632699" />
                        <colour_diffuse value="1 1 1 1" />
                        <texcoord u="0.451191" v="0.403517" />
                    </vertex>
                    <vertex>
                        <position x="45.7173" y="113.088" z="27.7279" />
                        <normal x="0.00337868" y="-0.365749" z="-0.930707" />
                        <colour_diffuse value="1 1 1 1" />
                        <texcoord u="0.452186" v="0.398684" />
                    </vertex>
                    <vertex>
                        <position x="51.0911" y="115.092" z="32.833" />
                        <normal x="0.999075" y="0.0154385" z="0.0401361" />
                        <colour_diffuse value="1 1 1 1" />
                        <texcoord u="0.443935" v="0.403906" />
                    </vertex>
                    <vertex>
                        <position x="49.4977" y="116.504" z="36.4243" />
                        <normal x="0.68859" y="0.265015" z="0.67499" />
                        <colour_diffuse value="1 1 1 1" />
                        <texcoord u="0.434653" v="0.400286" />
                    </vertex>
                    <vertex>
                        <position x="45.6804" y="117.086" z="37.9029" />
                        <normal x="-0.00337894" y="0.36575" z="0.930707" />
                        <colour_diffuse value="1 1 1 1" />
                        <texcoord u="0.427862" v="0.394487" />
                    </vertex>
                    <vertex>
                        <position x="41.8739" y="116.497" z="36.3994" />
                        <normal x="-0.693476" y="0.263727" z="0.670477" />
                        <colour_diffuse value="1 1 1 1" />
                        <texcoord u="0.427376" v="0.389201" />
                    </vertex>
                    <vertex>
                        <position x="40.3065" y="115.082" z="32.7978" />
                        <normal x="-0.999343" y="0.0135464" z="0.0336219" />
                        <colour_diffuse value="1 1 1 1" />
                        <texcoord u="0.434475" v="0.387717" />
                    </vertex>
                    <vertex>
                        <position x="41.9" y="113.67" z="29.2066" />
                        <normal x="-0.72871" y="-0.25028" z="-0.63745" />
                        <colour_diffuse value="1 1 1 1" />
                        <texcoord u="0.445249" v="0.39179" />
                    </vertex>
                    <vertex>
                        <position x="49.531" y="85.5778" z="35.2164" />
                        <normal x="0.733227" y="-0.0303707" z="-0.679305" />
                        <colour_diffuse value="1 1 1 1" />
                        <texcoord u="0.428592" v="0.477352" />
                    </vertex>
                    <vertex>
                        <position x="45.7244" y="85.5071" z="33.6035" />
                        <normal x="0.00328131" y="-0.0456826" z="-0.998951" />
                        <colour_diffuse value="1 1 1 1" />
                        <texcoord u="0.427969" v="0.475752" />
                    </vertex>
                    <vertex>
                        <position x="51.0986" y="85.7409" z="39.0822" />
                        <normal x="0.99908" y="0.00286859" z="0.042783" />
                        <colour_diffuse value="1 1 1 1" />
                        <texcoord u="0.421007" v="0.477949" />
                    </vertex>
                    <vertex>
                        <position x="49.5055" y="85.901" z="42.9377" />
                        <normal x="0.688681" y="0.0334025" z="0.724295" />
                        <colour_diffuse value="1 1 1 1" />
                        <texcoord u="0.409882" v="0.477445" />
                    </vertex>
                    <vertex>
                        <position x="45.6883" y="85.9643" z="44.5259" />
                        <normal x="-0.00328625" y="0.0451317" z="0.998976" />
                        <colour_diffuse value="1 1 1 1" />
                        <texcoord u="0.400445" v="0.476089" />
                    </vertex>
                    <vertex>
                        <position x="41.8817" y="85.8938" z="42.9128" />
                        <normal x="-0.693449" y="0.0321026" z="0.71979" />
                        <colour_diffuse value="1 1 1 1" />
                        <texcoord u="0.397688" v="0.474416" />
                    </vertex>
                    <vertex>
                        <position x="40.314" y="85.7307" z="39.0471" />
                        <normal x="-0.999343" y="0.000972889" z="0.0362415" />
                        <colour_diffuse value="1 1 1 1" />
                        <texcoord u="0.404592" v="0.473401" />
                    </vertex>
                    <vertex>
                        <position x="41.9072" y="85.5705" z="35.1916" />
                        <normal x="-0.728724" y="-0.0317706" z="-0.68407" />
                        <colour_diffuse value="1 1 1 1" />
                        <texcoord u="0.417876" v="0.473977" />
                    </vertex>
                    <vertex>
                        <position x="49.5673" y="58.4445" z="31.977" />
                        <normal x="0.731731" y="0.186916" z="-0.655463" />
                        <colour_diffuse value="1 1 1 1" />
                        <texcoord u="0.439403" v="0.556758" />
                    </vertex>
                    <vertex>
                        <position x="45.76" y="58.8811" z="30.4263" />
                        <normal x="0.00286384" y="0.272276" z="-0.962215" />
                        <colour_diffuse value="1 1 1 1" />
                        <texcoord u="0.439523" v="0.559796" />
                    </vertex>
                    <vertex>
                        <position x="51.1366" y="57.3841" z="35.6927" />
                        <normal x="0.999169" y="-0.0092796" z="0.0396959" />
                        <colour_diffuse value="1 1 1 1" />
                        <texcoord u="0.431863" v="0.557112" />
                    </vertex>
                    <vertex>
                        <position x="49.5451" y="56.3207" z="39.398" />
                        <normal x="0.689543" y="-0.196211" z="0.69716" />
                        <colour_diffuse value="1 1 1 1" />
                        <texcoord u="0.421424" v="0.560168" />
                    </vertex>
                    <vertex>
                        <position x="45.7286" y="55.8768" z="40.9238" />
                        <normal x="-0.00286611" y="-0.272712" z="0.962092" />
                        <colour_diffuse value="1 1 1 1" />
                        <texcoord u="0.413029" v="0.564453" />
                    </vertex>
                    <vertex>
                        <position x="41.9213" y="56.3135" z="39.3731" />
                        <normal x="-0.693699" y="-0.197537" z="0.692648" />
                        <colour_diffuse value="1 1 1 1" />
                        <texcoord u="0.411223" v="0.568004" />
                    </vertex>
                    <vertex>
                        <position x="40.352" y="57.3739" z="35.6575" />
                        <normal x="-0.999388" y="-0.0111707" z="0.0331559" />
                        <colour_diffuse value="1 1 1 1" />
                        <texcoord u="0.418322" v="0.568499" />
                    </vertex>
                    <vertex>
                        <position x="41.9435" y="58.4373" z="31.9522" />
                        <normal x="-0.727794" y="0.185548" z="-0.660218" />
                        <colour_diffuse value="1 1 1 1" />
                        <texcoord u="0.430708" v="0.564928" />
                    </vertex>
                    <vertex>
                        <position x="49.6272" y="34.0312" z="20.6929" />
                        <normal x="0.730658" y="0.379374" z="-0.56764" />
                        <colour_diffuse value="1 1 1 1" />
                        <texcoord u="0.475156" v="0.614403" />
                    </vertex>
                    <vertex>
                        <position x="45.8188" y="34.9126" z="19.3485" />
                        <normal x="0.00218838" y="0.553369" z="-0.832933" />
                        <colour_diffuse value="1 1 1 1" />
                        <texcoord u="0.477266" v="0.619241" />
                    </vertex>
                    <vertex>
                        <position x="51.1992" y="31.8983" z="23.9108" />
                        <normal x="0.99923" y="-0.0195092" z="0.0340521" />
                        <colour_diffuse value="1 1 1 1" />
                        <texcoord u="0.468127" v="0.615113" />
                    </vertex>
                    <vertex>
                        <position x="49.6104" y="29.7623" z="27.1185" />
                        <normal x="0.690323" y="-0.39886" z="0.603627" />
                        <colour_diffuse value="1 1 1 1" />
                        <texcoord u="0.460143" v="0.620312" />
                    </vertex>
                    <vertex>
                        <position x="45.7949" y="28.8738" z="28.4381" />
                        <normal x="-0.00218976" y="-0.553369" z="0.832933" />
                        <colour_diffuse value="1 1 1 1" />
                        <texcoord u="0.455115" v="0.627361" />
                    </vertex>
                    <vertex>
                        <position x="41.9865" y="29.7551" z="27.0937" />
                        <normal x="-0.693483" y="-0.400191" z="0.599107" />
                        <colour_diffuse value="1 1 1 1" />
                        <texcoord u="0.456004" v="0.632831" />
                    </vertex>
                    <vertex>
                        <position x="40.4146" y="31.8881" z="23.8757" />
                        <normal x="-0.999391" y="-0.0214099" z="0.0275391" />
                        <colour_diffuse value="1 1 1 1" />
                        <texcoord u="0.463132" v="0.633193" />
                    </vertex>
                    <vertex>
                        <position x="42.0034" y="34.024" z="20.668" />
                        <normal x="-0.727662" y="0.37801" z="-0.572378" />
                        <colour_diffuse value="1 1 1 1" />
                        <texcoord u="0.472348" v="0.627361" />
                    </vertex>
                    <vertex>
                        <position x="49.7052" y="14.1672" z="2.56127" />
                        <normal x="0.730644" y="0.534939" z="-0.424263" />
                        <colour_diffuse value="1 1 1 1" />
                        <texcoord u="0.519415" v="0.644073" />
                    </vertex>
                    <vertex>
                        <position x="45.8953" y="15.411" z="1.5468" />
                        <normal x="0.00130417" y="0.78149" z="-0.623916" />
                        <colour_diffuse value="1 1 1 1" />
                        <texcoord u="0.52278" v="0.648431" />
                    </vertex>
                    <vertex>
                        <position x="51.2805" y="11.1598" z="4.98338" />
                        <normal x="0.99923" y="-0.0286581" z="0.0267937" />
                        <colour_diffuse value="1 1 1 1" />
                        <texcoord u="0.513461" v="0.64552" />
                    </vertex>
                    <vertex>
                        <position x="49.6951" y="8.14943" z="7.39517" />
                        <normal x="0.690687" y="-0.563633" z="0.453066" />
                        <colour_diffuse value="1 1 1 1" />
                        <texcoord u="0.50816" v="0.651435" />
                    </vertex>
                    <vertex>
                        <position x="45.8811" y="6.89836" z="8.38481" />
                        <normal x="-0.00130417" y="-0.781207" z="0.624271" />
                        <colour_diffuse value="1 1 1 1" />
                        <texcoord u="0.506163" v="0.658691" />
                    </vertex>
                    <vertex>
                        <position x="42.0713" y="8.1422" z="7.37033" />
                        <normal x="-0.692555" y="-0.564953" z="0.448548" />
                        <colour_diffuse value="1 1 1 1" />
                        <texcoord u="0.508814" v="0.66356" />
                    </vertex>
                    <vertex>
                        <position x="40.4959" y="11.1496" z="4.94823" />
                        <normal x="-0.999326" y="-0.0305749" z="0.0202936" />
                        <colour_diffuse value="1 1 1 1" />
                        <texcoord u="0.515068" v="0.6629" />
                    </vertex>
                    <vertex>
                        <position x="42.0813" y="14.16" z="2.53644" />
                        <normal x="-0.728879" y="0.533564" z="-0.429005" />
                        <colour_diffuse value="1 1 1 1" />
                        <texcoord u="0.521086" v="0.656476" />
                    </vertex>
                    <vertex>
                        <position x="49.7954" y="0.665" z="-21.1957" />
                        <normal x="0.72661" y="0.598513" z="-0.337373" />
                        <colour_diffuse value="1 1 1 1" />
                        <texcoord u="0.563637" v="0.652014" />
                    </vertex>
                    <vertex>
                        <position x="45.9839" y="2.16283" z="-21.7667" />
                        <normal x="0.000805361" y="0.869413" z="-0.494086" />
                        <colour_diffuse value="1 1 1 1" />
                        <texcoord u="0.567448" v="0.655312" />
                    </vertex>
                    <vertex>
                        <position x="51.3748" y="-2.95504" z="-19.8432" />
                        <normal x="0.999195" y="-0.033113" z="0.0226492" />
                        <colour_diffuse value="1 1 1 1" />
                        <texcoord u="0.559028" v="0.654026" />
                    </vertex>
                    <vertex>
                        <position x="49.7935" y="-6.57809" z="-18.5011" />
                        <normal x="0.686173" y="-0.63122" z="0.361562" />
                        <colour_diffuse value="1 1 1 1" />
                        <texcoord u="0.55608" v="0.65983" />
                    </vertex>
                    <vertex>
                        <position x="45.9812" y="-8.08312" z="-17.955" />
                        <normal x="-0.000802434" y="-0.869246" z="0.494379" />
                        <colour_diffuse value="1 1 1 1" />
                        <texcoord u="0.556245" v="0.666283" />
                    </vertex>
                    <vertex>
                        <position x="42.1697" y="-6.5853" z="-18.526" />
                        <normal x="-0.687316" y="-0.6325" z="0.357127" />
                        <colour_diffuse value="1 1 1 1" />
                        <texcoord u="0.55963" v="0.669959" />
                    </vertex>
                    <vertex>
                        <position x="40.5902" y="-2.96526" z="-19.8784" />
                        <normal x="-0.999255" y="-0.0350361" z="0.0161545" />
                        <colour_diffuse value="1 1 1 1" />
                        <texcoord u="0.564562" v="0.66848" />
                    </vertex>
                    <vertex>
                        <position x="42.1716" y="0.657776" z="-21.2205" />
                        <normal x="-0.725526" y="0.597111" z="-0.342156" />
                        <colour_diffuse value="1 1 1 1" />
                        <texcoord u="0.567937" v="0.662298" />
                    </vertex>
                    <vertex>
                        <position x="-42.0609" y="138.334" z="13.7225" />
                        <normal x="0.733089" y="-0.440651" z="-0.51808" />
                        <colour_diffuse value="1 1 1 1" />
                        <texcoord u="0.483613" v="0.153657" />
                    </vertex>
                    <vertex>
                        <position x="-45.8679" y="137.29" z="12.4921" />
                        <normal x="0.00311346" y="-0.646645" z="-0.762785" />
                        <colour_diffuse value="1 1 1 1" />
                        <texcoord u="0.490208" v="0.145445" />
                    </vertex>
                    <vertex>
                        <position x="-45.8176" y="154.629" z="-7.96245" />
                        <normal x="0.00285047" y="-0.762825" z="-0.646599" />
                        <colour_diffuse value="1 1 1 1" />
                        <texcoord u="0.57954" v="0.17584" />
                    </vertex>
                    <vertex>
                        <position x="-42.0097" y="156.002" z="-7.12302" />
                        <normal x="0.727689" y="-0.524141" z="-0.442431" />
                        <colour_diffuse value="1 1 1 1" />
                        <texcoord u="0.573426" v="0.181385" />
                    </vertex>
                    <vertex>
                        <position x="-40.4925" y="140.845" z="16.6654" />
                        <normal x="0.999089" y="0.0264344" z="0.0334962" />
                        <colour_diffuse value="1 1 1 1" />
                        <texcoord u="0.468742" v="0.160739" />
                    </vertex>
                    <vertex>
                        <position x="-40.439" y="159.308" z="-5.12313" />
                        <normal x="0.999124" y="0.0306954" z="0.0284265" />
                        <colour_diffuse value="1 1 1 1" />
                        <texcoord u="0.562166" v="0.183754" />
                    </vertex>
                    <vertex>
                        <position x="-42.0848" y="143.354" z="19.598" />
                        <normal x="0.688819" y="0.468248" z="0.553419" />
                        <colour_diffuse value="1 1 1 1" />
                        <texcoord u="0.454963" v="0.162682" />
                    </vertex>
                    <vertex>
                        <position x="-42.029" y="162.61" z="-3.13351" />
                        <normal x="0.684637" y="0.555342" z="0.472088" />
                        <colour_diffuse value="1 1 1 1" />
                        <texcoord u="0.552618" v="0.181768" />
                    </vertex>
                    <vertex>
                        <position x="-45.9017" y="144.391" z="20.8035" />
                        <normal x="-0.00310986" y="0.647065" z="0.762428" />
                        <colour_diffuse value="1 1 1 1" />
                        <texcoord u="0.448853" v="0.158465" />
                    </vertex>
                    <vertex>
                        <position x="-45.8449" y="163.976" z="-2.31895" />
                        <normal x="-0.0028435" y="0.763042" z="0.646343" />
                        <colour_diffuse value="1 1 1 1" />
                        <texcoord u="0.549524" v="0.176546" />
                    </vertex>
                    <vertex>
                        <position x="-49.7087" y="143.347" z="19.5731" />
                        <normal x="-0.693302" y="0.466941" z="0.548906" />
                        <colour_diffuse value="1 1 1 1" />
                        <texcoord u="0.45332" v="0.150382" />
                    </vertex>
                    <vertex>
                        <position x="-49.6528" y="162.603" z="-3.15835" />
                        <normal x="-0.688751" y="0.554009" z="0.467649" />
                        <colour_diffuse value="1 1 1 1" />
                        <texcoord u="0.55442" v="0.170916" />
                    </vertex>
                    <vertex>
                        <position x="-51.277" y="140.835" z="16.6303" />
                        <normal x="-0.999334" y="0.0245532" z="0.0269996" />
                        <colour_diffuse value="1 1 1 1" />
                        <texcoord u="0.467108" v="0.142999" />
                    </vertex>
                    <vertex>
                        <position x="-51.2235" y="159.297" z="-5.15827" />
                        <normal x="-0.999344" y="0.0288204" z="0.0219353" />
                        <colour_diffuse value="1 1 1 1" />
                        <texcoord u="0.565235" v="0.168199" />
                    </vertex>
                    <vertex>
                        <position x="-49.6847" y="138.327" z="13.6977" />
                        <normal x="-0.728863" y="-0.442046" z="-0.522833" />
                        <colour_diffuse value="1 1 1 1" />
                        <texcoord u="0.483012" v="0.140918" />
                    </vertex>
                    <vertex>
                        <position x="-49.6336" y="155.995" z="-7.14787" />
                        <normal x="-0.723792" y="-0.525483" z="-0.447205" />
                        <colour_diffuse value="1 1 1 1" />
                        <texcoord u="0.575998" v="0.170267" />
                    </vertex>
                    <vertex>
                        <position x="-42.0855" y="113.677" z="28.4695" />
                        <normal x="0.733322" y="-0.248863" z="-0.632698" />
                        <colour_diffuse value="1 1 1 1" />
                        <texcoord u="0.332376" v="0.159778" />
                    </vertex>
                    <vertex>
                        <position x="-45.892" y="113.088" z="26.966" />
                        <normal x="0.00337814" y="-0.36575" z="-0.930707" />
                        <colour_diffuse value="1 1 1 1" />
                        <texcoord u="0.338077" v="0.146856" />
                    </vertex>
                    <vertex>
                        <position x="-40.5182" y="115.092" z="32.0711" />
                        <normal x="0.999075" y="0.0154402" z="0.0401379" />
                        <colour_diffuse value="1 1 1 1" />
                        <texcoord u="0.316311" v="0.178162" />
                    </vertex>
                    <vertex>
                        <position x="-42.1116" y="116.504" z="35.6624" />
                        <normal x="0.68859" y="0.265016" z="0.67499" />
                        <colour_diffuse value="1 1 1 1" />
                        <texcoord u="0.300886" v="0.190394" />
                    </vertex>
                    <vertex>
                        <position x="-45.929" y="117.086" z="37.141" />
                        <normal x="-0.00337972" y="0.365751" z="0.930707" />
                        <colour_diffuse value="1 1 1 1" />
                        <texcoord u="0.292159" v="0.190547" />
                    </vertex>
                    <vertex>
                        <position x="-49.7355" y="116.497" z="35.6375" />
                        <normal x="-0.693476" y="0.263727" z="0.670477" />
                        <colour_diffuse value="1 1 1 1" />
                        <texcoord u="0.29369" v="0.179257" />
                    </vertex>
                    <vertex>
                        <position x="-51.3028" y="115.082" z="32.036" />
                        <normal x="-0.999343" y="0.0135464" z="0.0336233" />
                        <colour_diffuse value="1 1 1 1" />
                        <texcoord u="0.306986" v="0.161902" />
                    </vertex>
                    <vertex>
                        <position x="-49.7094" y="113.67" z="28.4447" />
                        <normal x="-0.72871" y="-0.250281" z="-0.63745" />
                        <colour_diffuse value="1 1 1 1" />
                        <texcoord u="0.326546" v="0.148003" />
                    </vertex>
                    <vertex>
                        <position x="-42.0783" y="85.5778" z="34.4546" />
                        <normal x="0.733227" y="-0.0303707" z="-0.679305" />
                        <colour_diffuse value="1 1 1 1" />
                        <texcoord u="0.105017" v="0.372222" />
                    </vertex>
                    <vertex>
                        <position x="-45.885" y="85.5072" z="32.8416" />
                        <normal x="0.00328127" y="-0.0456835" z="-0.998951" />
                        <colour_diffuse value="1 1 1 1" />
                        <texcoord u="0.0978524" v="0.361724" />
                    </vertex>
                    <vertex>
                        <position x="-40.5107" y="85.7409" z="38.3203" />
                        <normal x="0.99908" y="0.00286891" z="0.042782" />
                        <colour_diffuse value="1 1 1 1" />
                        <texcoord u="0.11312" v="0.390148" />
                    </vertex>
                    <vertex>
                        <position x="-42.1038" y="85.901" z="42.1758" />
                        <normal x="0.688682" y="0.0334029" z="0.724294" />
                        <colour_diffuse value="1 1 1 1" />
                        <texcoord u="0.116522" v="0.402578" />
                    </vertex>
                    <vertex>
                        <position x="-45.921" y="85.9644" z="43.764" />
                        <normal x="-0.00328786" y="0.0451327" z="0.998976" />
                        <colour_diffuse value="1 1 1 1" />
                        <texcoord u="0.11265" v="0.405634" />
                    </vertex>
                    <vertex>
                        <position x="-49.7276" y="85.8938" z="42.151" />
                        <normal x="-0.69345" y="0.0321024" z="0.719789" />
                        <colour_diffuse value="1 1 1 1" />
                        <texcoord u="0.104376" v="0.399582" />
                    </vertex>
                    <vertex>
                        <position x="-51.2953" y="85.7306" z="38.2852" />
                        <normal x="-0.999343" y="0.000972389" z="0.0362436" />
                        <colour_diffuse value="1 1 1 1" />
                        <texcoord u="0.0967999" v="0.38566" />
                    </vertex>
                    <vertex>
                        <position x="-49.7022" y="85.5705" z="34.4297" />
                        <normal x="-0.728726" y="-0.0317711" z="-0.684068" />
                        <colour_diffuse value="1 1 1 1" />
                        <texcoord u="0.0943885" v="0.368905" />
                    </vertex>
                    <vertex>
                        <position x="-42.042" y="58.4445" z="31.2152" />
                        <normal x="0.731731" y="0.186916" z="-0.655463" />
                        <colour_diffuse value="1 1 1 1" />
                        <texcoord u="0.206952" v="0.780841" />
                    </vertex>
                    <vertex>
                        <position x="-45.8494" y="58.8811" z="29.6645" />
                        <normal x="0.00286312" y="0.272275" z="-0.962215" />
                        <colour_diffuse value="1 1 1 1" />
                        <texcoord u="0.207988" v="0.79596" />
                    </vertex>
                    <vertex>
                        <position x="-40.4728" y="57.3841" z="34.9308" />
                        <normal x="0.999169" y="-0.00927909" z="0.0396962" />
                        <colour_diffuse value="1 1 1 1" />
                        <texcoord u="0.200305" v="0.756125" />
                    </vertex>
                    <vertex>
                        <position x="-42.0642" y="56.3207" z="38.6361" />
                        <normal x="0.689542" y="-0.19621" z="0.697161" />
                        <colour_diffuse value="1 1 1 1" />
                        <texcoord u="0.193127" v="0.738971" />
                    </vertex>
                    <vertex>
                        <position x="-45.8807" y="55.8768" z="40.162" />
                        <normal x="-0.00286627" y="-0.272711" z="0.962092" />
                        <colour_diffuse value="1 1 1 1" />
                        <texcoord u="0.186462" v="0.736098" />
                    </vertex>
                    <vertex>
                        <position x="-49.6881" y="56.3134" z="38.6112" />
                        <normal x="-0.693699" y="-0.197537" z="0.692648" />
                        <colour_diffuse value="1 1 1 1" />
                        <texcoord u="0.183052" v="0.746906" />
                    </vertex>
                    <vertex>
                        <position x="-51.2573" y="57.3738" z="34.8956" />
                        <normal x="-0.999388" y="-0.0111709" z="0.0331558" />
                        <colour_diffuse value="1 1 1 1" />
                        <texcoord u="0.186986" v="0.767652" />
                    </vertex>
                    <vertex>
                        <position x="-49.6659" y="58.4372" z="31.1903" />
                        <normal x="-0.727795" y="0.185547" z="-0.660217" />
                        <colour_diffuse value="1 1 1 1" />
                        <texcoord u="0.198451" v="0.789105" />
                    </vertex>
                    <vertex>
                        <position x="-41.9821" y="34.0312" z="19.931" />
                        <normal x="0.730658" y="0.379374" z="-0.56764" />
                        <colour_diffuse value="1 1 1 1" />
                        <texcoord u="0.425256" v="0.862075" />
                    </vertex>
                    <vertex>
                        <position x="-45.7905" y="34.9125" z="18.5867" />
                        <normal x="0.00218751" y="0.553369" z="-0.832934" />
                        <colour_diffuse value="1 1 1 1" />
                        <texcoord u="0.433032" v="0.872665" />
                    </vertex>
                    <vertex>
                        <position x="-40.4101" y="31.8983" z="23.149" />
                        <normal x="0.99923" y="-0.0195091" z="0.0340521" />
                        <colour_diffuse value="1 1 1 1" />
                        <texcoord u="0.40677" v="0.849643" />
                    </vertex>
                    <vertex>
                        <position x="-41.9989" y="29.7623" z="26.3567" />
                        <normal x="0.690322" y="-0.39886" z="0.603628" />
                        <colour_diffuse value="1 1 1 1" />
                        <texcoord u="0.389769" v="0.842866" />
                    </vertex>
                    <vertex>
                        <position x="-45.8144" y="28.8738" z="27.6762" />
                        <normal x="-0.0021911" y="-0.553369" z="0.832933" />
                        <colour_diffuse value="1 1 1 1" />
                        <texcoord u="0.38162" v="0.84532" />
                    </vertex>
                    <vertex>
                        <position x="-49.6228" y="29.7551" z="26.3318" />
                        <normal x="-0.693481" y="-0.400192" z="0.599108" />
                        <colour_diffuse value="1 1 1 1" />
                        <texcoord u="0.385752" v="0.85543" />
                    </vertex>
                    <vertex>
                        <position x="-51.1947" y="31.888" z="23.1139" />
                        <normal x="-0.999391" y="-0.0214114" z="0.0275404" />
                        <colour_diffuse value="1 1 1 1" />
                        <texcoord u="0.401964" v="0.867777" />
                    </vertex>
                    <vertex>
                        <position x="-49.6059" y="34.024" z="19.9062" />
                        <normal x="-0.727662" y="0.37801" z="-0.572378" />
                        <colour_diffuse value="1 1 1 1" />
                        <texcoord u="0.422594" v="0.875062" />
                    </vertex>
                    <vertex>
                        <position x="-41.9041" y="14.1672" z="1.79943" />
                        <normal x="0.730646" y="0.534938" z="-0.424261" />
                        <colour_diffuse value="1 1 1 1" />
                        <texcoord u="0.548109" v="0.838436" />
                    </vertex>
                    <vertex>
                        <position x="-45.714" y="15.411" z="0.784958" />
                        <normal x="0.00130327" y="0.78149" z="-0.623916" />
                        <colour_diffuse value="1 1 1 1" />
                        <texcoord u="0.555564" v="0.845106" />
                    </vertex>
                    <vertex>
                        <position x="-40.3288" y="11.1598" z="4.22155" />
                        <normal x="0.99923" y="-0.0286585" z="0.0267943" />
                        <colour_diffuse value="1 1 1 1" />
                        <texcoord u="0.533302" v="0.834498" />
                    </vertex>
                    <vertex>
                        <position x="-41.9142" y="8.14941" z="6.63334" />
                        <normal x="0.690689" y="-0.563632" z="0.453066" />
                        <colour_diffuse value="1 1 1 1" />
                        <texcoord u="0.520335" v="0.83535" />
                    </vertex>
                    <vertex>
                        <position x="-45.7282" y="6.89835" z="7.62297" />
                        <normal x="-0.00130427" y="-0.781207" z="0.624271" />
                        <colour_diffuse value="1 1 1 1" />
                        <texcoord u="0.515488" v="0.840609" />
                    </vertex>
                    <vertex>
                        <position x="-49.538" y="8.14218" z="6.60849" />
                        <normal x="-0.692554" y="-0.564954" z="0.448549" />
                        <colour_diffuse value="1 1 1 1" />
                        <texcoord u="0.521071" v="0.847474" />
                    </vertex>
                    <vertex>
                        <position x="-51.1134" y="11.1496" z="4.18639" />
                        <normal x="-0.999326" y="-0.0305758" z="0.0202939" />
                        <colour_diffuse value="1 1 1 1" />
                        <texcoord u="0.535031" v="0.85187" />
                    </vertex>
                    <vertex>
                        <position x="-49.528" y="14.16" z="1.77461" />
                        <normal x="-0.728878" y="0.533564" z="-0.429006" />
                        <colour_diffuse value="1 1 1 1" />
                        <texcoord u="0.549868" v="0.850828" />
                    </vertex>
                    <vertex>
                        <position x="-41.8139" y="0.66497" z="-21.9575" />
                        <normal x="0.726612" y="0.598511" z="-0.337372" />
                        <colour_diffuse value="1 1 1 1" />
                        <texcoord u="0.626541" v="0.797938" />
                    </vertex>
                    <vertex>
                        <position x="-45.6254" y="2.16281" z="-22.5285" />
                        <normal x="0.000805785" y="0.869413" z="-0.494086" />
                        <colour_diffuse value="1 1 1 1" />
                        <texcoord u="0.633152" v="0.802279" />
                    </vertex>
                    <vertex>
                        <position x="-40.2345" y="-2.95507" z="-20.6051" />
                        <normal x="0.999195" y="-0.0331132" z="0.02265" />
                        <colour_diffuse value="1 1 1 1" />
                        <texcoord u="0.615748" v="0.797504" />
                    </vertex>
                    <vertex>
                        <position x="-41.8158" y="-6.57812" z="-19.263" />
                        <normal x="0.686173" y="-0.63122" z="0.361563" />
                        <colour_diffuse value="1 1 1 1" />
                        <texcoord u="0.60729" v="0.800995" />
                    </vertex>
                    <vertex>
                        <position x="-45.6281" y="-8.08315" z="-18.7168" />
                        <normal x="-0.000803288" y="-0.869246" z="0.494379" />
                        <colour_diffuse value="1 1 1 1" />
                        <texcoord u="0.60536" v="0.806523" />
                    </vertex>
                    <vertex>
                        <position x="-49.4397" y="-6.58532" z="-19.2878" />
                        <normal x="-0.687317" y="-0.632499" z="0.357127" />
                        <colour_diffuse value="1 1 1 1" />
                        <texcoord u="0.610886" v="0.811103" />
                    </vertex>
                    <vertex>
                        <position x="-51.019" y="-2.96528" z="-20.6402" />
                        <normal x="-0.999256" y="-0.0350352" z="0.0161537" />
                        <colour_diffuse value="1 1 1 1" />
                        <texcoord u="0.621346" v="0.811923" />
                    </vertex>
                    <vertex>
                        <position x="-49.4377" y="0.657754" z="-21.9824" />
                        <normal x="-0.725526" y="0.597111" z="-0.342157" />
                        <colour_diffuse value="1 1 1 1" />
                        <texcoord u="0.630888" v="0.808194" />
                    </vertex>
                </vertexbuffer>
            </geometry>
        </submesh>
    </submeshes>
    <submeshnames>
        <submeshname name="petite_etagere/bois" index="0" />
        <submeshname name="petite_etagere/metal" index="1" />
    </submeshnames>
</mesh>
