<mesh>
    <submeshes>
        <submesh material="plante_02/plante_02" usesharedvertices="false" use32bitindexes="false" operationtype="triangle_list">
            <faces count="8">
                <face v1="0" v2="1" v3="2" />
                <face v1="3" v2="4" v3="5" />
                <face v1="6" v2="7" v3="8" />
                <face v1="8" v2="9" v3="6" />
                <face v1="10" v2="11" v3="12" />
                <face v1="13" v2="14" v3="15" />
                <face v1="16" v2="17" v3="18" />
                <face v1="19" v2="20" v3="21" />
            </faces>
            <geometry vertexcount="22">
                <vertexbuffer positions="true" normals="true" colours_diffuse="true" texture_coord_dimensions_0="float2" texture_coords="1">
                    <vertex>
                        <position x="5.78612" y="15.3752" z="-36.6844" />
                        <normal x="-0.98481" y="0" z="-0.173639" />
                        <colour_diffuse value="0.505882 0.517647 0.596078 1" />
                        <texcoord u="0" v="1" />
                    </vertex>
                    <vertex>
                        <position x="-0.743917" y="9.25731" z="0.351386" />
                        <normal x="-0.98481" y="0" z="-0.173639" />
                        <colour_diffuse value="0.505882 0.517647 0.596078 1" />
                        <texcoord u="0.5" v="1" />
                    </vertex>
                    <vertex>
                        <position x="-0.743917" y="104.823" z="0.351386" />
                        <normal x="-0.98481" y="0" z="-0.173639" />
                        <colour_diffuse value="0.505882 0.517647 0.596078 1" />
                        <texcoord u="0.5" v="0" />
                    </vertex>
                    <vertex>
                        <position x="-0.743917" y="104.823" z="0.351386" />
                        <normal x="-0.984808" y="2.47625e-006" z="-0.173644" />
                        <colour_diffuse value="0.505882 0.517647 0.596078 1" />
                        <texcoord u="0.5" v="0" />
                    </vertex>
                    <vertex>
                        <position x="6.75047" y="104.823" z="-42.1524" />
                        <normal x="-0.984808" y="2.47625e-006" z="-0.173644" />
                        <colour_diffuse value="0.505882 0.517647 0.596078 1" />
                        <texcoord u="0" v="0" />
                    </vertex>
                    <vertex>
                        <position x="5.78612" y="15.3752" z="-36.6844" />
                        <normal x="-0.984808" y="2.47625e-006" z="-0.173644" />
                        <colour_diffuse value="0.505882 0.517647 0.596078 1" />
                        <texcoord u="0" v="1" />
                    </vertex>
                    <vertex>
                        <position x="-8.01272" y="9.25731" z="0.351385" />
                        <normal x="-0.173649" y="0" z="0.984808" />
                        <colour_diffuse value="1 1 1 1" />
                        <texcoord u="0.5" v="1" />
                    </vertex>
                    <vertex>
                        <position x="40.2707" y="9.25731" z="8.86508" />
                        <normal x="-0.173649" y="0" z="0.984808" />
                        <colour_diffuse value="1 1 1 1" />
                        <texcoord u="1" v="1" />
                    </vertex>
                    <vertex>
                        <position x="40.2707" y="104.823" z="8.86508" />
                        <normal x="-0.173649" y="0" z="0.984808" />
                        <colour_diffuse value="1 1 1 1" />
                        <texcoord u="1" v="0" />
                    </vertex>
                    <vertex>
                        <position x="-8.01272" y="104.823" z="0.351385" />
                        <normal x="-0.173649" y="-0" z="0.984808" />
                        <colour_diffuse value="1 1 1 1" />
                        <texcoord u="0.5" v="0" />
                    </vertex>
                    <vertex>
                        <position x="-0.743917" y="9.25731" z="0.351386" />
                        <normal x="-0.984809" y="0" z="-0.173642" />
                        <colour_diffuse value="1 1 1 1" />
                        <texcoord u="0.5" v="1" />
                    </vertex>
                    <vertex>
                        <position x="-8.11428" y="20.5866" z="42.1524" />
                        <normal x="-0.984809" y="0" z="-0.173642" />
                        <colour_diffuse value="0.505882 0.517647 0.596078 1" />
                        <texcoord u="1" v="1" />
                    </vertex>
                    <vertex>
                        <position x="-8.11428" y="104.823" z="42.1524" />
                        <normal x="-0.984809" y="0" z="-0.173642" />
                        <colour_diffuse value="0.603922 0.611765 0.67451 1" />
                        <texcoord u="1" v="0" />
                    </vertex>
                    <vertex>
                        <position x="-8.11428" y="104.823" z="42.1524" />
                        <normal x="-0.984809" y="0" z="-0.173642" />
                        <colour_diffuse value="0.603922 0.611765 0.67451 1" />
                        <texcoord u="1" v="0" />
                    </vertex>
                    <vertex>
                        <position x="-0.743917" y="104.823" z="0.351386" />
                        <normal x="-0.984809" y="0" z="-0.173642" />
                        <colour_diffuse value="0.584314 0.592157 0.658824 1" />
                        <texcoord u="0.5" v="0" />
                    </vertex>
                    <vertex>
                        <position x="-0.743917" y="9.25731" z="0.351386" />
                        <normal x="-0.984809" y="0" z="-0.173642" />
                        <colour_diffuse value="1 1 1 1" />
                        <texcoord u="0.5" v="1" />
                    </vertex>
                    <vertex>
                        <position x="-30.989" y="9.25731" z="-3.69989" />
                        <normal x="-0.173645" y="0" z="0.984808" />
                        <colour_diffuse value="0.517647 0.52549 0.603922 1" />
                        <texcoord u="0" v="1" />
                    </vertex>
                    <vertex>
                        <position x="-8.01272" y="9.25731" z="0.351385" />
                        <normal x="-0.173645" y="0" z="0.984808" />
                        <colour_diffuse value="1 1 1 1" />
                        <texcoord u="0.5" v="1" />
                    </vertex>
                    <vertex>
                        <position x="-8.01272" y="104.823" z="0.351385" />
                        <normal x="-0.173645" y="0" z="0.984808" />
                        <colour_diffuse value="1 1 1 1" />
                        <texcoord u="0.5" v="0" />
                    </vertex>
                    <vertex>
                        <position x="-8.01272" y="104.823" z="0.351385" />
                        <normal x="-0.17365" y="1.165e-006" z="0.984807" />
                        <colour_diffuse value="1 1 1 1" />
                        <texcoord u="0.5" v="0" />
                    </vertex>
                    <vertex>
                        <position x="-40.2708" y="104.823" z="-5.33664" />
                        <normal x="-0.17365" y="1.165e-006" z="0.984807" />
                        <colour_diffuse value="0.537255 0.54902 0.623529 1" />
                        <texcoord u="0" v="0" />
                    </vertex>
                    <vertex>
                        <position x="-30.989" y="9.25731" z="-3.69989" />
                        <normal x="-0.17365" y="1.165e-006" z="0.984807" />
                        <colour_diffuse value="0.517647 0.52549 0.603922 1" />
                        <texcoord u="0" v="1" />
                    </vertex>
                </vertexbuffer>
            </geometry>
        </submesh>
        <submesh material="plante_02/plante_pot" usesharedvertices="false" use32bitindexes="false" operationtype="triangle_list">
            <faces count="82">
                <face v1="0" v2="1" v3="2" />
                <face v1="2" v2="3" v3="0" />
                <face v1="1" v2="4" v3="5" />
                <face v1="5" v2="2" v3="1" />
                <face v1="4" v2="6" v3="7" />
                <face v1="7" v2="5" v3="4" />
                <face v1="8" v2="9" v3="10" />
                <face v1="10" v2="11" v3="8" />
                <face v1="9" v2="12" v3="13" />
                <face v1="13" v2="10" v3="9" />
                <face v1="12" v2="14" v3="15" />
                <face v1="15" v2="13" v3="12" />
                <face v1="14" v2="16" v3="17" />
                <face v1="17" v2="15" v3="14" />
                <face v1="16" v2="18" v3="19" />
                <face v1="19" v2="17" v3="16" />
                <face v1="18" v2="20" v3="21" />
                <face v1="21" v2="19" v3="18" />
                <face v1="20" v2="22" v3="23" />
                <face v1="23" v2="21" v3="20" />
                <face v1="22" v2="24" v3="25" />
                <face v1="25" v2="23" v3="22" />
                <face v1="24" v2="0" v3="3" />
                <face v1="3" v2="25" v3="24" />
                <face v1="26" v2="27" v3="28" />
                <face v1="28" v2="29" v3="30" />
                <face v1="30" v2="31" v3="32" />
                <face v1="28" v2="30" v3="32" />
                <face v1="32" v2="33" v3="34" />
                <face v1="34" v2="35" v3="36" />
                <face v1="32" v2="34" v3="36" />
                <face v1="28" v2="32" v3="36" />
                <face v1="26" v2="28" v3="36" />
                <face v1="37" v2="26" v3="36" />
                <face v1="38" v2="39" v3="40" />
                <face v1="40" v2="41" v3="38" />
                <face v1="39" v2="42" v3="43" />
                <face v1="43" v2="40" v3="39" />
                <face v1="42" v2="44" v3="45" />
                <face v1="45" v2="43" v3="42" />
                <face v1="44" v2="46" v3="47" />
                <face v1="47" v2="45" v3="44" />
                <face v1="46" v2="48" v3="49" />
                <face v1="49" v2="47" v3="46" />
                <face v1="48" v2="50" v3="51" />
                <face v1="51" v2="49" v3="48" />
                <face v1="50" v2="52" v3="53" />
                <face v1="53" v2="51" v3="50" />
                <face v1="52" v2="54" v3="55" />
                <face v1="55" v2="53" v3="52" />
                <face v1="54" v2="56" v3="57" />
                <face v1="57" v2="55" v3="54" />
                <face v1="56" v2="58" v3="59" />
                <face v1="59" v2="57" v3="56" />
                <face v1="58" v2="60" v3="61" />
                <face v1="61" v2="59" v3="58" />
                <face v1="60" v2="38" v3="41" />
                <face v1="41" v2="61" v3="60" />
                <face v1="62" v2="63" v3="64" />
                <face v1="64" v2="65" v3="62" />
                <face v1="63" v2="66" v3="67" />
                <face v1="67" v2="64" v3="63" />
                <face v1="66" v2="68" v3="69" />
                <face v1="69" v2="67" v3="66" />
                <face v1="68" v2="70" v3="71" />
                <face v1="71" v2="69" v3="68" />
                <face v1="70" v2="72" v3="73" />
                <face v1="73" v2="71" v3="70" />
                <face v1="72" v2="74" v3="75" />
                <face v1="75" v2="73" v3="72" />
                <face v1="74" v2="76" v3="77" />
                <face v1="77" v2="75" v3="74" />
                <face v1="76" v2="78" v3="79" />
                <face v1="79" v2="77" v3="76" />
                <face v1="78" v2="80" v3="81" />
                <face v1="81" v2="79" v3="78" />
                <face v1="80" v2="82" v3="83" />
                <face v1="83" v2="81" v3="80" />
                <face v1="82" v2="84" v3="85" />
                <face v1="85" v2="83" v3="82" />
                <face v1="84" v2="62" v3="65" />
                <face v1="65" v2="85" v3="84" />
            </faces>
            <geometry vertexcount="86">
                <vertexbuffer positions="true" normals="true" colours_diffuse="true" texture_coord_dimensions_0="float2" texture_coords="1">
                    <vertex>
                        <position x="-2.68044" y="-0.000274658" z="12.6614" />
                        <normal x="-0.171999" y="-0.138257" z="0.975347" />
                        <colour_diffuse value="0 0 0 1" />
                        <texcoord u="0.742982" v="1" />
                    </vertex>
                    <vertex>
                        <position x="4.57591" y="-0.000274658" z="12.0269" />
                        <normal x="0.338733" y="-0.138266" z="0.930668" />
                        <colour_diffuse value="0 0 0 1" />
                        <texcoord u="0.825535" v="1" />
                    </vertex>
                    <vertex>
                        <position x="5.87962" y="27.3052" z="15.6088" />
                        <normal x="0.338721" y="-0.13826" z="0.930673" />
                        <colour_diffuse value="0 0 0 1" />
                        <texcoord u="0.825535" v="0.330639" />
                    </vertex>
                    <vertex>
                        <position x="-3.34206" y="27.3052" z="16.4154" />
                        <normal x="-0.171977" y="-0.138262" z="0.97535" />
                        <colour_diffuse value="0 0 0 1" />
                        <texcoord u="0.742982" v="0.330639" />
                    </vertex>
                    <vertex>
                        <position x="10.5422" y="-0.000274658" z="7.84873" />
                        <normal x="0.758695" y="-0.138269" z="0.636604" />
                        <colour_diffuse value="0.294118 0.313726 0.466667 1" />
                        <texcoord u="0.908089" v="1" />
                    </vertex>
                    <vertex>
                        <position x="13.4626" y="27.3052" z="10.2992" />
                        <normal x="0.758689" y="-0.138268" z="0.636611" />
                        <colour_diffuse value="0.294118 0.313726 0.466667 1" />
                        <texcoord u="0.908089" v="0.330639" />
                    </vertex>
                    <vertex>
                        <position x="13.6206" y="-0.000274658" z="1.24787" />
                        <normal x="0.975344" y="-0.138254" z="0.172019" />
                        <colour_diffuse value="0.807843 0.811765 0.854902 1" />
                        <texcoord u="0.990642" v="1" />
                    </vertex>
                    <vertex>
                        <position x="17.3747" y="27.3052" z="1.90949" />
                        <normal x="0.975351" y="-0.138271" z="0.171963" />
                        <colour_diffuse value="1 1 1 1" />
                        <texcoord u="0.990642" v="0.330639" />
                    </vertex>
                    <vertex>
                        <position x="13.6206" y="-0.000274658" z="1.24787" />
                        <normal x="0.975344" y="-0.138254" z="0.172019" />
                        <colour_diffuse value="0.807843 0.811765 0.854902 1" />
                        <texcoord u="2.76785e-008" v="1" />
                    </vertex>
                    <vertex>
                        <position x="12.9861" y="-0.000274658" z="-6.00863" />
                        <normal x="0.930673" y="-0.138251" z="-0.338725" />
                        <colour_diffuse value="0.403922 0.419608 0.54902 1" />
                        <texcoord u="0.0825536" v="1" />
                    </vertex>
                    <vertex>
                        <position x="16.5676" y="27.3052" z="-7.31255" />
                        <normal x="0.930663" y="-0.138257" z="-0.338751" />
                        <colour_diffuse value="1 1 1 1" />
                        <texcoord u="0.0825536" v="0.330639" />
                    </vertex>
                    <vertex>
                        <position x="17.3747" y="27.3052" z="1.90949" />
                        <normal x="0.975351" y="-0.138271" z="0.171963" />
                        <colour_diffuse value="1 1 1 1" />
                        <texcoord u="2.76785e-008" v="0.330639" />
                    </vertex>
                    <vertex>
                        <position x="8.80784" y="-0.000274658" z="-11.9753" />
                        <normal x="0.636594" y="-0.138258" z="-0.758705" />
                        <colour_diffuse value="0.294118 0.313726 0.466667 1" />
                        <texcoord u="0.165107" v="1" />
                    </vertex>
                    <vertex>
                        <position x="11.258" y="27.3052" z="-14.8952" />
                        <normal x="0.636608" y="-0.138253" z="-0.758694" />
                        <colour_diffuse value="0.294118 0.313726 0.466667 1" />
                        <texcoord u="0.165107" v="0.330639" />
                    </vertex>
                    <vertex>
                        <position x="2.20677" y="-0.000274658" z="-15.0533" />
                        <normal x="0.171992" y="-0.138256" z="-0.975348" />
                        <colour_diffuse value="0.294118 0.313726 0.466667 1" />
                        <texcoord u="0.247661" v="1" />
                    </vertex>
                    <vertex>
                        <position x="2.86839" y="27.3052" z="-18.8073" />
                        <normal x="0.17198" y="-0.13826" z="-0.97535" />
                        <colour_diffuse value="0.294118 0.313726 0.466667 1" />
                        <texcoord u="0.247661" v="0.330639" />
                    </vertex>
                    <vertex>
                        <position x="-5.04982" y="-0.000274658" z="-14.4188" />
                        <normal x="-0.338738" y="-0.138256" z="-0.930667" />
                        <colour_diffuse value="0.294118 0.313726 0.466667 1" />
                        <texcoord u="0.330214" v="1" />
                    </vertex>
                    <vertex>
                        <position x="-6.35329" y="27.3052" z="-18.0006" />
                        <normal x="-0.338743" y="-0.138257" z="-0.930666" />
                        <colour_diffuse value="0.294118 0.313726 0.466667 1" />
                        <texcoord u="0.330214" v="0.330639" />
                    </vertex>
                    <vertex>
                        <position x="-11.0161" y="-0.000274658" z="-10.2406" />
                        <normal x="-0.758694" y="-0.138253" z="-0.636607" />
                        <colour_diffuse value="0.294118 0.313726 0.466667 1" />
                        <texcoord u="0.412768" v="1" />
                    </vertex>
                    <vertex>
                        <position x="-13.9361" y="27.3052" z="-12.6907" />
                        <normal x="-0.75869" y="-0.138252" z="-0.636612" />
                        <colour_diffuse value="0.294118 0.313726 0.466667 1" />
                        <texcoord u="0.412768" v="0.330639" />
                    </vertex>
                    <vertex>
                        <position x="-14.0945" y="-0.000274658" z="-3.63977" />
                        <normal x="-0.975344" y="-0.138249" z="-0.172022" />
                        <colour_diffuse value="0.294118 0.313726 0.466667 1" />
                        <texcoord u="0.495321" v="1" />
                    </vertex>
                    <vertex>
                        <position x="-17.8484" y="27.3052" z="-4.30136" />
                        <normal x="-0.975348" y="-0.138258" z="-0.171992" />
                        <colour_diffuse value="0.294118 0.313726 0.466667 1" />
                        <texcoord u="0.495321" v="0.330639" />
                    </vertex>
                    <vertex>
                        <position x="-13.46" y="-0.000274658" z="3.61673" />
                        <normal x="-0.930664" y="-0.138258" z="0.338745" />
                        <colour_diffuse value="0 0 0 1" />
                        <texcoord u="0.577875" v="1" />
                    </vertex>
                    <vertex>
                        <position x="-17.0415" y="27.3052" z="4.92066" />
                        <normal x="-0.930667" y="-0.138254" z="0.338741" />
                        <colour_diffuse value="0 0 0 1" />
                        <texcoord u="0.577875" v="0.330639" />
                    </vertex>
                    <vertex>
                        <position x="-9.28127" y="-0.000274658" z="9.58344" />
                        <normal x="-0.636574" y="-0.138265" z="0.75872" />
                        <colour_diffuse value="0 0 0 1" />
                        <texcoord u="0.660428" v="1" />
                    </vertex>
                    <vertex>
                        <position x="-11.732" y="27.3052" z="12.5033" />
                        <normal x="-0.636602" y="-0.138258" z="0.758698" />
                        <colour_diffuse value="0 0 0 1" />
                        <texcoord u="0.660428" v="0.330639" />
                    </vertex>
                    <vertex>
                        <position x="4.44431" y="19.7245" z="11.6658" />
                        <normal x="0" y="1" z="-0" />
                        <colour_diffuse value="0.14902 0.160784 0.239216 1" />
                        <texcoord u="0.904537" v="0.0839009" />
                    </vertex>
                    <vertex>
                        <position x="10.248" y="19.7245" z="7.60235" />
                        <normal x="0" y="1" z="0" />
                        <colour_diffuse value="0.294118 0.313726 0.466667 1" />
                        <texcoord u="0.728945" v="0.0293315" />
                    </vertex>
                    <vertex>
                        <position x="13.2424" y="19.7245" z="1.18073" />
                        <normal x="0" y="1" z="-0" />
                        <colour_diffuse value="0.329412 0.34902 0.494118 1" />
                        <texcoord u="0.489083" v="0.00935769" />
                    </vertex>
                    <vertex>
                        <position x="12.625" y="19.7245" z="-5.87728" />
                        <normal x="0" y="1" z="-0" />
                        <colour_diffuse value="0.498039 0.509804 0.619608 1" />
                        <texcoord u="0.24922" v="0.0293315" />
                    </vertex>
                    <vertex>
                        <position x="8.56126" y="19.7245" z="-11.6807" />
                        <normal x="0" y="1" z="-0" />
                        <colour_diffuse value="0.294118 0.313726 0.466667 1" />
                        <texcoord u="0.0736287" v="0.0839009" />
                    </vertex>
                    <vertex>
                        <position x="2.13987" y="19.7245" z="-14.6752" />
                        <normal x="0" y="1" z="-0" />
                        <colour_diffuse value="0.294118 0.313726 0.466667 1" />
                        <texcoord u="0.0093577" v="0.158444" />
                    </vertex>
                    <vertex>
                        <position x="-4.91799" y="19.7245" z="-14.0577" />
                        <normal x="0" y="1" z="-0" />
                        <colour_diffuse value="0.294118 0.313726 0.466667 1" />
                        <texcoord u="0.0736287" v="0.232987" />
                    </vertex>
                    <vertex>
                        <position x="-10.7215" y="19.7245" z="-9.99423" />
                        <normal x="-0" y="1" z="-0" />
                        <colour_diffuse value="0.294118 0.313726 0.466667 1" />
                        <texcoord u="0.24922" v="0.287557" />
                    </vertex>
                    <vertex>
                        <position x="-13.7163" y="19.7245" z="-3.5726" />
                        <normal x="-0" y="1" z="-0" />
                        <colour_diffuse value="0.294118 0.313726 0.466667 1" />
                        <texcoord u="0.489083" v="0.30753" />
                    </vertex>
                    <vertex>
                        <position x="-13.0989" y="19.7245" z="3.48539" />
                        <normal x="-0" y="1" z="0" />
                        <colour_diffuse value="0.290196 0.309804 0.462745 1" />
                        <texcoord u="0.728945" v="0.287557" />
                    </vertex>
                    <vertex>
                        <position x="-9.03493" y="19.7245" z="9.28881" />
                        <normal x="0" y="1" z="-0" />
                        <colour_diffuse value="0.156863 0.168627 0.25098 1" />
                        <texcoord u="0.904537" v="0.232987" />
                    </vertex>
                    <vertex>
                        <position x="-2.6133" y="19.7245" z="12.2833" />
                        <normal x="0" y="1" z="-0" />
                        <colour_diffuse value="0.0745098 0.0784314 0.117647 1" />
                        <texcoord u="0.968808" v="0.158444" />
                    </vertex>
                    <vertex>
                        <position x="-3.34206" y="27.3052" z="16.4154" />
                        <normal x="0" y="1" z="-0" />
                        <colour_diffuse value="0 0 0 1" />
                        <texcoord u="0.978165" v="0.362754" />
                    </vertex>
                    <vertex>
                        <position x="5.87962" y="27.3052" z="15.6088" />
                        <normal x="0" y="1" z="-0" />
                        <colour_diffuse value="0 0 0 1" />
                        <texcoord u="0.913059" v="0.351375" />
                    </vertex>
                    <vertex>
                        <position x="4.44431" y="27.3052" z="11.6658" />
                        <normal x="0" y="1" z="-0" />
                        <colour_diffuse value="0.294118 0.313726 0.466667 1" />
                        <texcoord u="0.814309" v="0.354045" />
                    </vertex>
                    <vertex>
                        <position x="-2.6133" y="27.3052" z="12.2833" />
                        <normal x="0" y="1" z="-0" />
                        <colour_diffuse value="0.294118 0.313726 0.466667 1" />
                        <texcoord u="0.864139" v="0.362754" />
                    </vertex>
                    <vertex>
                        <position x="13.4626" y="27.3052" z="10.2992" />
                        <normal x="0" y="1" z="-0" />
                        <colour_diffuse value="0.294118 0.313726 0.466667 1" />
                        <texcoord u="0.735184" v="0.343045" />
                    </vertex>
                    <vertex>
                        <position x="10.248" y="27.3052" z="7.60235" />
                        <normal x="0" y="1" z="-0" />
                        <colour_diffuse value="0.294118 0.313726 0.466667 1" />
                        <texcoord u="0.678171" v="0.34767" />
                    </vertex>
                    <vertex>
                        <position x="17.3747" y="27.3052" z="1.90949" />
                        <normal x="0" y="1" z="-0" />
                        <colour_diffuse value="1 1 1 1" />
                        <texcoord u="0.492202" v="0.339996" />
                    </vertex>
                    <vertex>
                        <position x="13.2424" y="27.3052" z="1.18073" />
                        <normal x="0" y="1" z="-0" />
                        <colour_diffuse value="0.372549 0.392157 0.52549 1" />
                        <texcoord u="0.492202" v="0.345336" />
                    </vertex>
                    <vertex>
                        <position x="16.5676" y="27.3052" z="-7.31255" />
                        <normal x="0" y="1" z="-0" />
                        <colour_diffuse value="1 1 1 1" />
                        <texcoord u="0.24922" v="0.343045" />
                    </vertex>
                    <vertex>
                        <position x="12.625" y="27.3052" z="-5.87728" />
                        <normal x="0" y="1" z="-0" />
                        <colour_diffuse value="0.294118 0.313726 0.466667 1" />
                        <texcoord u="0.306233" v="0.34767" />
                    </vertex>
                    <vertex>
                        <position x="11.258" y="27.3052" z="-14.8952" />
                        <normal x="0" y="1" z="-0" />
                        <colour_diffuse value="0.294118 0.313726 0.466667 1" />
                        <texcoord u="0.0713452" v="0.351375" />
                    </vertex>
                    <vertex>
                        <position x="8.56126" y="27.3052" z="-11.6807" />
                        <normal x="0" y="1" z="-0" />
                        <colour_diffuse value="0.294118 0.313726 0.466667 1" />
                        <texcoord u="0.170095" v="0.354045" />
                    </vertex>
                    <vertex>
                        <position x="2.86839" y="27.3052" z="-18.8073" />
                        <normal x="0" y="1" z="-0" />
                        <colour_diffuse value="0.294118 0.313726 0.466667 1" />
                        <texcoord u="0.00623846" v="0.362754" />
                    </vertex>
                    <vertex>
                        <position x="2.13987" y="27.3052" z="-14.6752" />
                        <normal x="0" y="1" z="-0" />
                        <colour_diffuse value="0.294118 0.313726 0.466667 1" />
                        <texcoord u="0.120264" v="0.362754" />
                    </vertex>
                    <vertex>
                        <position x="-6.35329" y="27.3052" z="-18.0006" />
                        <normal x="0" y="1" z="-0" />
                        <colour_diffuse value="0.294118 0.313726 0.466667 1" />
                        <texcoord u="0.0713452" v="0.374132" />
                    </vertex>
                    <vertex>
                        <position x="-4.91799" y="27.3052" z="-14.0577" />
                        <normal x="0" y="1" z="-0" />
                        <colour_diffuse value="0.294118 0.313726 0.466667 1" />
                        <texcoord u="0.170095" v="0.371463" />
                    </vertex>
                    <vertex>
                        <position x="-13.9361" y="27.3052" z="-12.6907" />
                        <normal x="0" y="1" z="-0" />
                        <colour_diffuse value="0.294118 0.313726 0.466667 1" />
                        <texcoord u="0.24922" v="0.382462" />
                    </vertex>
                    <vertex>
                        <position x="-10.7215" y="27.3052" z="-9.99423" />
                        <normal x="0" y="1" z="-0" />
                        <colour_diffuse value="0.294118 0.313726 0.466667 1" />
                        <texcoord u="0.306233" v="0.377838" />
                    </vertex>
                    <vertex>
                        <position x="-17.8484" y="27.3052" z="-4.30136" />
                        <normal x="0" y="1" z="-0" />
                        <colour_diffuse value="0.294118 0.313726 0.466667 1" />
                        <texcoord u="0.492202" v="0.385511" />
                    </vertex>
                    <vertex>
                        <position x="-13.7163" y="27.3052" z="-3.5726" />
                        <normal x="0" y="1" z="-0" />
                        <colour_diffuse value="0.294118 0.313726 0.466667 1" />
                        <texcoord u="0.492202" v="0.380171" />
                    </vertex>
                    <vertex>
                        <position x="-17.0415" y="27.3052" z="4.92066" />
                        <normal x="0" y="1" z="-0" />
                        <colour_diffuse value="0 0 0 1" />
                        <texcoord u="0.735184" v="0.382462" />
                    </vertex>
                    <vertex>
                        <position x="-13.0989" y="27.3052" z="3.48539" />
                        <normal x="0" y="1" z="-0" />
                        <colour_diffuse value="0.270588 0.290196 0.431373 1" />
                        <texcoord u="0.678171" v="0.377838" />
                    </vertex>
                    <vertex>
                        <position x="-11.732" y="27.3052" z="12.5033" />
                        <normal x="0" y="1" z="-0" />
                        <colour_diffuse value="0 0 0 1" />
                        <texcoord u="0.913059" v="0.374132" />
                    </vertex>
                    <vertex>
                        <position x="-9.03493" y="27.3052" z="9.28881" />
                        <normal x="0" y="1" z="-0" />
                        <colour_diffuse value="0.12549 0.133333 0.203922 1" />
                        <texcoord u="0.814309" v="0.371463" />
                    </vertex>
                    <vertex>
                        <position x="-2.6133" y="27.3052" z="12.2833" />
                        <normal x="0.173651" y="0" z="-0.984807" />
                        <colour_diffuse value="0.294118 0.313726 0.466667 1" />
                        <texcoord u="0.558347" v="0.326869" />
                    </vertex>
                    <vertex>
                        <position x="4.44431" y="27.3052" z="11.6658" />
                        <normal x="-0.342002" y="0" z="-0.939699" />
                        <colour_diffuse value="0.294118 0.313726 0.466667 1" />
                        <texcoord u="0.301881" v="0.326869" />
                    </vertex>
                    <vertex>
                        <position x="4.44431" y="19.7245" z="11.6658" />
                        <normal x="-0.342002" y="0" z="-0.939699" />
                        <colour_diffuse value="0.14902 0.160784 0.239216 1" />
                        <texcoord u="0.301881" v="0.414918" />
                    </vertex>
                    <vertex>
                        <position x="-2.6133" y="19.7245" z="12.2833" />
                        <normal x="0.173651" y="0" z="-0.984807" />
                        <colour_diffuse value="0.0745098 0.0784314 0.117647 1" />
                        <texcoord u="0.558347" v="0.414918" />
                    </vertex>
                    <vertex>
                        <position x="10.248" y="27.3052" z="7.60235" />
                        <normal x="-0.766035" y="0" z="-0.642798" />
                        <colour_diffuse value="0.294118 0.313726 0.466667 1" />
                        <texcoord u="0.097512" v="0.326869" />
                    </vertex>
                    <vertex>
                        <position x="10.248" y="19.7245" z="7.60235" />
                        <normal x="-0.766035" y="0" z="-0.642798" />
                        <colour_diffuse value="0.294118 0.313726 0.466667 1" />
                        <texcoord u="0.097512" v="0.414918" />
                    </vertex>
                    <vertex>
                        <position x="13.2424" y="27.3052" z="1.18073" />
                        <normal x="-0.984808" y="0" z="-0.173649" />
                        <colour_diffuse value="0.372549 0.392157 0.52549 1" />
                        <texcoord u="0" v="0.326869" />
                    </vertex>
                    <vertex>
                        <position x="13.2424" y="19.7245" z="1.18073" />
                        <normal x="-0.984808" y="0" z="-0.173649" />
                        <colour_diffuse value="0.329412 0.34902 0.494118 1" />
                        <texcoord u="0" v="0.414918" />
                    </vertex>
                    <vertex>
                        <position x="12.625" y="27.3052" z="-5.87728" />
                        <normal x="-0.939692" y="0" z="0.342023" />
                        <colour_diffuse value="0.294118 0.313726 0.466667 1" />
                        <texcoord u="0.0354735" v="0.326869" />
                    </vertex>
                    <vertex>
                        <position x="12.625" y="19.7245" z="-5.87728" />
                        <normal x="-0.939692" y="0" z="0.342023" />
                        <colour_diffuse value="0.498039 0.509804 0.619608 1" />
                        <texcoord u="0.0354735" v="0.414918" />
                    </vertex>
                    <vertex>
                        <position x="8.56126" y="27.3052" z="-11.6807" />
                        <normal x="-0.642788" y="0" z="0.766044" />
                        <colour_diffuse value="0.294118 0.313726 0.466667 1" />
                        <texcoord u="0.194427" v="0.326869" />
                    </vertex>
                    <vertex>
                        <position x="8.56126" y="19.7245" z="-11.6807" />
                        <normal x="-0.642788" y="0" z="0.766044" />
                        <colour_diffuse value="0.294118 0.313726 0.466667 1" />
                        <texcoord u="0.194427" v="0.414918" />
                    </vertex>
                    <vertex>
                        <position x="2.13987" y="27.3052" z="-14.6752" />
                        <normal x="-0.17366" y="0" z="0.984806" />
                        <colour_diffuse value="0.294118 0.313726 0.466667 1" />
                        <texcoord u="0.43427" v="0.326869" />
                    </vertex>
                    <vertex>
                        <position x="2.13987" y="19.7245" z="-14.6752" />
                        <normal x="-0.17366" y="0" z="0.984806" />
                        <colour_diffuse value="0.294118 0.313726 0.466667 1" />
                        <texcoord u="0.43427" v="0.414918" />
                    </vertex>
                    <vertex>
                        <position x="-4.91799" y="27.3052" z="-14.0577" />
                        <normal x="0.34201" y="0" z="0.939696" />
                        <colour_diffuse value="0.294118 0.313726 0.466667 1" />
                        <texcoord u="0.690736" v="0.326869" />
                    </vertex>
                    <vertex>
                        <position x="-4.91799" y="19.7245" z="-14.0577" />
                        <normal x="0.34201" y="0" z="0.939696" />
                        <colour_diffuse value="0.294118 0.313726 0.466667 1" />
                        <texcoord u="0.690736" v="0.414918" />
                    </vertex>
                    <vertex>
                        <position x="-10.7215" y="27.3052" z="-9.99423" />
                        <normal x="0.766023" y="0" z="0.642814" />
                        <colour_diffuse value="0.294118 0.313726 0.466667 1" />
                        <texcoord u="0.895105" v="0.326869" />
                    </vertex>
                    <vertex>
                        <position x="-10.7215" y="19.7245" z="-9.99423" />
                        <normal x="0.766023" y="0" z="0.642814" />
                        <colour_diffuse value="0.294118 0.313726 0.466667 1" />
                        <texcoord u="0.895105" v="0.414918" />
                    </vertex>
                    <vertex>
                        <position x="-13.7163" y="27.3052" z="-3.5726" />
                        <normal x="0.984802" y="0" z="0.173679" />
                        <colour_diffuse value="0.294118 0.313726 0.466667 1" />
                        <texcoord u="0.992617" v="0.326869" />
                    </vertex>
                    <vertex>
                        <position x="-13.7163" y="19.7245" z="-3.5726" />
                        <normal x="0.984802" y="0" z="0.173679" />
                        <colour_diffuse value="0.294118 0.313726 0.466667 1" />
                        <texcoord u="0.992617" v="0.414918" />
                    </vertex>
                    <vertex>
                        <position x="-13.0989" y="27.3052" z="3.48539" />
                        <normal x="0.939687" y="0" z="-0.342036" />
                        <colour_diffuse value="0.270588 0.290196 0.431373 1" />
                        <texcoord u="0.957144" v="0.326869" />
                    </vertex>
                    <vertex>
                        <position x="-13.0989" y="19.7245" z="3.48539" />
                        <normal x="0.939687" y="0" z="-0.342036" />
                        <colour_diffuse value="0.290196 0.309804 0.462745 1" />
                        <texcoord u="0.957144" v="0.414918" />
                    </vertex>
                    <vertex>
                        <position x="-9.03493" y="27.3052" z="9.28881" />
                        <normal x="0.642772" y="0" z="-0.766057" />
                        <colour_diffuse value="0.12549 0.133333 0.203922 1" />
                        <texcoord u="0.79819" v="0.326869" />
                    </vertex>
                    <vertex>
                        <position x="-9.03493" y="19.7245" z="9.28881" />
                        <normal x="0.642773" y="0" z="-0.766057" />
                        <colour_diffuse value="0.156863 0.168627 0.25098 1" />
                        <texcoord u="0.79819" v="0.414918" />
                    </vertex>
                </vertexbuffer>
            </geometry>
        </submesh>
    </submeshes>
    <submeshnames>
        <submeshname name="plante_02/plante_02" index="0" />
        <submeshname name="plante_02/plante_pot" index="1" />
    </submeshnames>
</mesh>
