<mesh>
    <submeshes>
        <submesh material="pouf" usesharedvertices="false" use32bitindexes="false" operationtype="triangle_list">
            <faces count="54">
                <face v1="0" v2="1" v3="2" />
                <face v1="2" v2="3" v3="0" />
                <face v1="4" v2="5" v3="6" />
                <face v1="6" v2="7" v3="4" />
                <face v1="5" v2="8" v3="9" />
                <face v1="9" v2="6" v3="5" />
                <face v1="10" v2="11" v3="12" />
                <face v1="12" v2="13" v3="10" />
                <face v1="11" v2="14" v3="15" />
                <face v1="15" v2="12" v3="11" />
                <face v1="16" v2="17" v3="18" />
                <face v1="18" v2="19" v3="16" />
                <face v1="17" v2="20" v3="21" />
                <face v1="21" v2="18" v3="17" />
                <face v1="22" v2="0" v3="3" />
                <face v1="3" v2="23" v3="22" />
                <face v1="24" v2="25" v3="26" />
                <face v1="26" v2="27" v3="24" />
                <face v1="28" v2="29" v3="30" />
                <face v1="30" v2="31" v3="28" />
                <face v1="32" v2="33" v3="29" />
                <face v1="29" v2="28" v3="32" />
                <face v1="34" v2="35" v3="36" />
                <face v1="36" v2="37" v3="34" />
                <face v1="38" v2="39" v3="35" />
                <face v1="35" v2="34" v3="38" />
                <face v1="40" v2="41" v3="42" />
                <face v1="42" v2="43" v3="40" />
                <face v1="44" v2="45" v3="41" />
                <face v1="41" v2="40" v3="44" />
                <face v1="27" v2="26" v3="46" />
                <face v1="46" v2="47" v3="27" />
                <face v1="9" v2="48" v3="26" />
                <face v1="26" v2="25" v3="9" />
                <face v1="6" v2="13" v3="30" />
                <face v1="30" v2="29" v3="6" />
                <face v1="2" v2="6" v3="29" />
                <face v1="29" v2="33" v3="2" />
                <face v1="49" v2="7" v3="36" />
                <face v1="36" v2="35" v3="49" />
                <face v1="50" v2="49" v3="35" />
                <face v1="35" v2="39" v3="50" />
                <face v1="18" v2="23" v3="42" />
                <face v1="42" v2="41" v3="18" />
                <face v1="51" v2="18" v3="41" />
                <face v1="41" v2="45" v3="51" />
                <face v1="48" v2="19" v3="46" />
                <face v1="46" v2="26" v3="48" />
                <face v1="52" v2="53" v3="54" />
                <face v1="54" v2="55" v3="56" />
                <face v1="56" v2="57" v3="58" />
                <face v1="54" v2="56" v3="58" />
                <face v1="52" v2="54" v3="58" />
                <face v1="59" v2="52" v3="58" />
            </faces>
            <geometry vertexcount="60">
                <vertexbuffer positions="true" normals="true" colours_diffuse="true" texture_coord_dimensions_0="float2" texture_coords="1">
                    <vertex>
                        <position x="24.7276" y="0" z="-10.2425" />
                        <normal x="0.862856" y="-2.45155e-008" z="-0.50545" />
                        <colour_diffuse value="1 1 1 1" />
                        <texcoord u="0.839574" v="0.113356" />
                    </vertex>
                    <vertex>
                        <position x="10.2425" y="0" z="-24.7276" />
                        <normal x="0.252725" y="3.6224e-008" z="-0.967538" />
                        <colour_diffuse value="1 1 1 1" />
                        <texcoord u="0.839574" v="0.467788" />
                    </vertex>
                    <vertex>
                        <position x="10.2425" y="37.638" z="-24.7276" />
                        <normal x="0.381944" y="0.0946812" z="-0.919323" />
                        <colour_diffuse value="1 1 1 1" />
                        <texcoord u="0.0120907" v="0.467788" />
                    </vertex>
                    <vertex>
                        <position x="24.7276" y="37.638" z="-10.2425" />
                        <normal x="0.920135" y="0.0946814" z="-0.379984" />
                        <colour_diffuse value="1 1 1 1" />
                        <texcoord u="0.0120906" v="0.113356" />
                    </vertex>
                    <vertex>
                        <position x="10.2425" y="0" z="-24.7276" />
                        <normal x="0.252725" y="3.6224e-008" z="-0.967538" />
                        <colour_diffuse value="1 1 1 1" />
                        <texcoord u="0.839574" v="0.466556" />
                    </vertex>
                    <vertex>
                        <position x="-10.2425" y="0" z="-24.7276" />
                        <normal x="-0.50545" y="6.29369e-008" z="-0.862856" />
                        <colour_diffuse value="1 1 1 1" />
                        <texcoord u="0.839574" v="0.113356" />
                    </vertex>
                    <vertex>
                        <position x="-10.2425" y="37.638" z="-24.7276" />
                        <normal x="-0.379984" y="0.0946813" z="-0.920135" />
                        <colour_diffuse value="1 1 1 1" />
                        <texcoord u="0.0120906" v="0.113356" />
                    </vertex>
                    <vertex>
                        <position x="10.2425" y="37.638" z="-24.7276" />
                        <normal x="0.381944" y="0.0946812" z="-0.919323" />
                        <colour_diffuse value="1 1 1 1" />
                        <texcoord u="0.0120906" v="0.466556" />
                    </vertex>
                    <vertex>
                        <position x="-24.7276" y="0" z="-10.2425" />
                        <normal x="-0.967538" y="7.88515e-008" z="-0.252725" />
                        <colour_diffuse value="1 1 1 1" />
                        <texcoord u="0.839574" v="0.467788" />
                    </vertex>
                    <vertex>
                        <position x="-24.7276" y="37.638" z="-10.2425" />
                        <normal x="-0.919323" y="0.0946811" z="-0.381944" />
                        <colour_diffuse value="1 1 1 1" />
                        <texcoord u="0.0120907" v="0.467788" />
                    </vertex>
                    <vertex>
                        <position x="-24.7276" y="0" z="-10.2425" />
                        <normal x="-0.967538" y="7.88515e-008" z="-0.252725" />
                        <colour_diffuse value="1 1 1 1" />
                        <texcoord u="0.839574" v="0.466556" />
                    </vertex>
                    <vertex>
                        <position x="-24.7276" y="0" z="10.2425" />
                        <normal x="-0.862856" y="1.24775e-007" z="0.50545" />
                        <colour_diffuse value="1 1 1 1" />
                        <texcoord u="0.839574" v="0.113356" />
                    </vertex>
                    <vertex>
                        <position x="-24.7276" y="37.638" z="10.2425" />
                        <normal x="-0.920135" y="0.0946809" z="0.379984" />
                        <colour_diffuse value="1 1 1 1" />
                        <texcoord u="0.0120906" v="0.113356" />
                    </vertex>
                    <vertex>
                        <position x="-24.7276" y="37.638" z="-10.2425" />
                        <normal x="-0.919323" y="0.0946811" z="-0.381944" />
                        <colour_diffuse value="1 1 1 1" />
                        <texcoord u="0.0120906" v="0.466556" />
                    </vertex>
                    <vertex>
                        <position x="-10.2425" y="0" z="24.7276" />
                        <normal x="-0.252725" y="4.90311e-008" z="0.967538" />
                        <colour_diffuse value="1 1 1 1" />
                        <texcoord u="0.839574" v="0.467788" />
                    </vertex>
                    <vertex>
                        <position x="-10.2425" y="37.638" z="24.7276" />
                        <normal x="-0.381944" y="0.0946811" z="0.919323" />
                        <colour_diffuse value="1 1 1 1" />
                        <texcoord u="0.0120907" v="0.467788" />
                    </vertex>
                    <vertex>
                        <position x="-10.2425" y="0" z="24.7276" />
                        <normal x="-0.252725" y="4.90311e-008" z="0.967538" />
                        <colour_diffuse value="1 1 1 1" />
                        <texcoord u="0.839574" v="0.466556" />
                    </vertex>
                    <vertex>
                        <position x="10.2425" y="0" z="24.7276" />
                        <normal x="0.50545" y="4.37262e-008" z="0.862856" />
                        <colour_diffuse value="1 1 1 1" />
                        <texcoord u="0.839574" v="0.113356" />
                    </vertex>
                    <vertex>
                        <position x="10.2425" y="37.638" z="24.7276" />
                        <normal x="0.379984" y="0.0946813" z="0.920135" />
                        <colour_diffuse value="1 1 1 1" />
                        <texcoord u="0.0120906" v="0.113356" />
                    </vertex>
                    <vertex>
                        <position x="-10.2425" y="37.638" z="24.7276" />
                        <normal x="-0.381944" y="0.0946811" z="0.919323" />
                        <colour_diffuse value="1 1 1 1" />
                        <texcoord u="0.0120906" v="0.466556" />
                    </vertex>
                    <vertex>
                        <position x="24.7276" y="0" z="10.2425" />
                        <normal x="0.967538" y="-6.40355e-009" z="0.252725" />
                        <colour_diffuse value="1 1 1 1" />
                        <texcoord u="0.839574" v="0.467788" />
                    </vertex>
                    <vertex>
                        <position x="24.7276" y="37.638" z="10.2425" />
                        <normal x="0.919322" y="0.0946812" z="0.381944" />
                        <colour_diffuse value="1 1 1 1" />
                        <texcoord u="0.0120907" v="0.467787" />
                    </vertex>
                    <vertex>
                        <position x="24.7276" y="0" z="10.2425" />
                        <normal x="0.967538" y="-6.40355e-009" z="0.252725" />
                        <colour_diffuse value="1 1 1 1" />
                        <texcoord u="0.839574" v="0.466556" />
                    </vertex>
                    <vertex>
                        <position x="24.7276" y="37.638" z="10.2425" />
                        <normal x="0.919322" y="0.0946812" z="0.381944" />
                        <colour_diffuse value="1 1 1 1" />
                        <texcoord u="0.0120906" v="0.466556" />
                    </vertex>
                    <vertex>
                        <position x="-20.6151" y="46.0546" z="-8.53905" />
                        <normal x="-0.298876" y="0.951093" z="-0.0780675" />
                        <colour_diffuse value="1 1 1 1" />
                        <texcoord u="0.205873" v="0.438349" />
                    </vertex>
                    <vertex>
                        <position x="-23.8063" y="42.8401" z="-9.8609" />
                        <normal x="-0.754066" y="0.486073" z="-0.441721" />
                        <colour_diffuse value="1 1 1 1" />
                        <texcoord u="0.126459" v="0.461185" />
                    </vertex>
                    <vertex>
                        <position x="-23.8063" y="42.8401" z="9.86091" />
                        <normal x="-0.84555" y="0.486072" z="0.220861" />
                        <colour_diffuse value="1 1 1 1" />
                        <texcoord u="0.126459" v="0.119947" />
                    </vertex>
                    <vertex>
                        <position x="-20.6151" y="46.0546" z="8.53907" />
                        <normal x="-0.463952" y="0.84314" z="0.271777" />
                        <colour_diffuse value="1 1 1 1" />
                        <texcoord u="0.205952" v="0.142757" />
                    </vertex>
                    <vertex>
                        <position x="-8.53906" y="46.0546" z="-20.6151" />
                        <normal x="-0.271777" y="0.843141" z="-0.463952" />
                        <colour_diffuse value="1 1 1 1" />
                        <texcoord u="0.205952" v="0.142757" />
                    </vertex>
                    <vertex>
                        <position x="-9.86091" y="42.8401" z="-23.8063" />
                        <normal x="-0.220861" y="0.486073" z="-0.845549" />
                        <colour_diffuse value="1 1 1 1" />
                        <texcoord u="0.126459" v="0.119947" />
                    </vertex>
                    <vertex>
                        <position x="-23.8063" y="42.8401" z="-9.8609" />
                        <normal x="-0.754066" y="0.486073" z="-0.441721" />
                        <colour_diffuse value="1 1 1 1" />
                        <texcoord u="0.126459" v="0.459976" />
                    </vertex>
                    <vertex>
                        <position x="-20.6151" y="46.0546" z="-8.53905" />
                        <normal x="-0.298876" y="0.951093" z="-0.0780675" />
                        <colour_diffuse value="1 1 1 1" />
                        <texcoord u="0.206026" v="0.437185" />
                    </vertex>
                    <vertex>
                        <position x="8.53906" y="46.0546" z="-20.6151" />
                        <normal x="0.0914786" y="0.932189" z="-0.350221" />
                        <colour_diffuse value="1 1 1 1" />
                        <texcoord u="0.205873" v="0.438349" />
                    </vertex>
                    <vertex>
                        <position x="9.86091" y="42.8401" z="-23.8063" />
                        <normal x="0.441721" y="0.486074" z="-0.754066" />
                        <colour_diffuse value="1 1 1 1" />
                        <texcoord u="0.126459" v="0.461185" />
                    </vertex>
                    <vertex>
                        <position x="20.6151" y="46.0546" z="-8.53906" />
                        <normal x="0.463951" y="0.843141" z="-0.271776" />
                        <colour_diffuse value="1 1 1 1" />
                        <texcoord u="0.205952" v="0.142757" />
                    </vertex>
                    <vertex>
                        <position x="23.8063" y="42.8401" z="-9.86091" />
                        <normal x="0.845549" y="0.486073" z="-0.220861" />
                        <colour_diffuse value="1 1 1 1" />
                        <texcoord u="0.126459" v="0.119947" />
                    </vertex>
                    <vertex>
                        <position x="9.86091" y="42.8401" z="-23.8063" />
                        <normal x="0.441721" y="0.486074" z="-0.754066" />
                        <colour_diffuse value="1 1 1 1" />
                        <texcoord u="0.126459" v="0.459976" />
                    </vertex>
                    <vertex>
                        <position x="8.53906" y="46.0546" z="-20.6151" />
                        <normal x="0.0914786" y="0.932189" z="-0.350221" />
                        <colour_diffuse value="1 1 1 1" />
                        <texcoord u="0.206026" v="0.437185" />
                    </vertex>
                    <vertex>
                        <position x="20.6151" y="46.0546" z="8.53906" />
                        <normal x="0.298876" y="0.951093" z="0.0780678" />
                        <colour_diffuse value="1 1 1 1" />
                        <texcoord u="0.205873" v="0.438349" />
                    </vertex>
                    <vertex>
                        <position x="23.8063" y="42.8401" z="9.86091" />
                        <normal x="0.754066" y="0.486073" z="0.441722" />
                        <colour_diffuse value="1 1 1 1" />
                        <texcoord u="0.126459" v="0.461185" />
                    </vertex>
                    <vertex>
                        <position x="8.53906" y="46.0546" z="20.6151" />
                        <normal x="0.271777" y="0.843141" z="0.463952" />
                        <colour_diffuse value="1 1 1 1" />
                        <texcoord u="0.205952" v="0.142757" />
                    </vertex>
                    <vertex>
                        <position x="9.8609" y="42.8401" z="23.8063" />
                        <normal x="0.220861" y="0.486073" z="0.845549" />
                        <colour_diffuse value="1 1 1 1" />
                        <texcoord u="0.126459" v="0.119947" />
                    </vertex>
                    <vertex>
                        <position x="23.8063" y="42.8401" z="9.86091" />
                        <normal x="0.754066" y="0.486073" z="0.441722" />
                        <colour_diffuse value="1 1 1 1" />
                        <texcoord u="0.126459" v="0.459976" />
                    </vertex>
                    <vertex>
                        <position x="20.6151" y="46.0546" z="8.53906" />
                        <normal x="0.298876" y="0.951093" z="0.0780678" />
                        <colour_diffuse value="1 1 1 1" />
                        <texcoord u="0.206026" v="0.437185" />
                    </vertex>
                    <vertex>
                        <position x="-8.53907" y="46.0546" z="20.6151" />
                        <normal x="-0.091479" y="0.932189" z="0.350221" />
                        <colour_diffuse value="1 1 1 1" />
                        <texcoord u="0.205873" v="0.438349" />
                    </vertex>
                    <vertex>
                        <position x="-9.86091" y="42.8401" z="23.8063" />
                        <normal x="-0.441722" y="0.486073" z="0.754066" />
                        <colour_diffuse value="1 1 1 1" />
                        <texcoord u="0.126459" v="0.461185" />
                    </vertex>
                    <vertex>
                        <position x="-9.86091" y="42.8401" z="23.8063" />
                        <normal x="-0.441722" y="0.486073" z="0.754066" />
                        <colour_diffuse value="1 1 1 1" />
                        <texcoord u="0.126459" v="0.459976" />
                    </vertex>
                    <vertex>
                        <position x="-8.53907" y="46.0546" z="20.6151" />
                        <normal x="-0.091479" y="0.932189" z="0.350221" />
                        <colour_diffuse value="1 1 1 1" />
                        <texcoord u="0.206026" v="0.437185" />
                    </vertex>
                    <vertex>
                        <position x="-24.7276" y="37.638" z="10.2425" />
                        <normal x="-0.920135" y="0.0946809" z="0.379984" />
                        <colour_diffuse value="1 1 1 1" />
                        <texcoord u="0.0120906" v="0.113356" />
                    </vertex>
                    <vertex>
                        <position x="24.7276" y="37.638" z="-10.2425" />
                        <normal x="0.920135" y="0.0946814" z="-0.379984" />
                        <colour_diffuse value="1 1 1 1" />
                        <texcoord u="0.0120906" v="0.113356" />
                    </vertex>
                    <vertex>
                        <position x="24.7276" y="37.638" z="10.2425" />
                        <normal x="0.919322" y="0.0946812" z="0.381944" />
                        <colour_diffuse value="1 1 1 1" />
                        <texcoord u="0.0120907" v="0.467788" />
                    </vertex>
                    <vertex>
                        <position x="-10.2425" y="37.638" z="24.7276" />
                        <normal x="-0.381944" y="0.0946811" z="0.919323" />
                        <colour_diffuse value="1 1 1 1" />
                        <texcoord u="0.0120907" v="0.467787" />
                    </vertex>
                    <vertex>
                        <position x="-8.53907" y="46.0546" z="20.6151" />
                        <normal x="-0.091479" y="0.932189" z="0.350221" />
                        <colour_diffuse value="1 1 1 1" />
                        <texcoord u="0.39494" v="0.373111" />
                    </vertex>
                    <vertex>
                        <position x="8.53906" y="46.0546" z="20.6151" />
                        <normal x="0.271777" y="0.843141" z="0.463952" />
                        <colour_diffuse value="1 1 1 1" />
                        <texcoord u="0.524317" v="0.426701" />
                    </vertex>
                    <vertex>
                        <position x="20.6151" y="46.0546" z="8.53906" />
                        <normal x="0.298876" y="0.951093" z="0.0780678" />
                        <colour_diffuse value="1 1 1 1" />
                        <texcoord u="0.653695" v="0.373111" />
                    </vertex>
                    <vertex>
                        <position x="20.6151" y="46.0546" z="-8.53906" />
                        <normal x="0.463951" y="0.843141" z="-0.271776" />
                        <colour_diffuse value="1 1 1 1" />
                        <texcoord u="0.707285" v="0.243734" />
                    </vertex>
                    <vertex>
                        <position x="8.53906" y="46.0546" z="-20.6151" />
                        <normal x="0.0914786" y="0.932189" z="-0.350221" />
                        <colour_diffuse value="1 1 1 1" />
                        <texcoord u="0.653695" v="0.114356" />
                    </vertex>
                    <vertex>
                        <position x="-8.53906" y="46.0546" z="-20.6151" />
                        <normal x="-0.271777" y="0.843141" z="-0.463952" />
                        <colour_diffuse value="1 1 1 1" />
                        <texcoord u="0.524317" v="0.0607665" />
                    </vertex>
                    <vertex>
                        <position x="-20.6151" y="46.0546" z="-8.53905" />
                        <normal x="-0.298876" y="0.951093" z="-0.0780675" />
                        <colour_diffuse value="1 1 1 1" />
                        <texcoord u="0.39494" v="0.114356" />
                    </vertex>
                    <vertex>
                        <position x="-20.6151" y="46.0546" z="8.53907" />
                        <normal x="-0.463952" y="0.84314" z="0.271777" />
                        <colour_diffuse value="1 1 1 1" />
                        <texcoord u="0.34135" v="0.243734" />
                    </vertex>
                </vertexbuffer>
            </geometry>
        </submesh>
    </submeshes>
    <submeshnames>
        <submeshname name="pouf" index="0" />
    </submeshnames>
</mesh>
