<mesh>
    <submeshes>
        <submesh material="spot_couleur/metal" usesharedvertices="false" use32bitindexes="false" operationtype="triangle_list">
            <faces count="38">
                <face v1="0" v2="1" v3="2" />
                <face v1="2" v2="3" v3="0" />
                <face v1="4" v2="5" v3="6" />
                <face v1="6" v2="7" v3="4" />
                <face v1="8" v2="9" v3="10" />
                <face v1="10" v2="11" v3="8" />
                <face v1="12" v2="13" v3="14" />
                <face v1="14" v2="15" v3="12" />
                <face v1="16" v2="17" v3="18" />
                <face v1="18" v2="19" v3="16" />
                <face v1="20" v2="21" v3="22" />
                <face v1="22" v2="23" v3="20" />
                <face v1="24" v2="25" v3="26" />
                <face v1="26" v2="27" v3="24" />
                <face v1="28" v2="29" v3="30" />
                <face v1="30" v2="31" v3="28" />
                <face v1="32" v2="33" v3="34" />
                <face v1="35" v2="36" v3="37" />
                <face v1="38" v2="39" v3="40" />
                <face v1="41" v2="42" v3="43" />
                <face v1="44" v2="45" v3="46" />
                <face v1="46" v2="47" v3="44" />
                <face v1="48" v2="49" v3="50" />
                <face v1="51" v2="52" v3="53" />
                <face v1="54" v2="55" v3="56" />
                <face v1="57" v2="58" v3="59" />
                <face v1="60" v2="61" v3="62" />
                <face v1="62" v2="63" v3="60" />
                <face v1="64" v2="65" v3="66" />
                <face v1="66" v2="67" v3="64" />
                <face v1="68" v2="69" v3="70" />
                <face v1="70" v2="71" v3="68" />
                <face v1="72" v2="73" v3="74" />
                <face v1="74" v2="75" v3="72" />
                <face v1="76" v2="77" v3="78" />
                <face v1="79" v2="80" v3="81" />
                <face v1="82" v2="83" v3="84" />
                <face v1="85" v2="86" v3="87" />
            </faces>
            <geometry vertexcount="88">
                <vertexbuffer positions="true" normals="true" colours_diffuse="true" texture_coord_dimensions_0="float2" texture_coords="1">
                    <vertex>
                        <position x="-0.730557" y="-44.0304" z="41.6893" />
                        <normal x="0.67559" y="-0.737277" z="2.46362e-007" />
                        <colour_diffuse value="1 1 1 1" />
                        <texcoord u="2.62341" v="0.878669" />
                    </vertex>
                    <vertex>
                        <position x="-0.730527" y="-44.0304" z="-41.6893" />
                        <normal x="0.67559" y="-0.737277" z="2.41479e-007" />
                        <colour_diffuse value="1 1 1 1" />
                        <texcoord u="2.62341" v="-3.87867" />
                    </vertex>
                    <vertex>
                        <position x="14.7847" y="-29.8134" z="-41.6893" />
                        <normal x="0.67559" y="-0.737277" z="2.42391e-007" />
                        <colour_diffuse value="1 1 1 1" />
                        <texcoord u="0.00249758" v="-3.87867" />
                    </vertex>
                    <vertex>
                        <position x="14.7846" y="-29.8134" z="41.6893" />
                        <normal x="0.67559" y="-0.737277" z="2.47274e-007" />
                        <colour_diffuse value="1 1 1 1" />
                        <texcoord u="0.00250116" v="0.878669" />
                    </vertex>
                    <vertex>
                        <position x="-14.7847" y="-28.6931" z="41.6893" />
                        <normal x="-0.67559" y="0.737277" z="-2.42391e-007" />
                        <colour_diffuse value="1 1 1 1" />
                        <texcoord u="0.00249758" v="0.878669" />
                    </vertex>
                    <vertex>
                        <position x="0.730543" y="-14.476" z="41.6893" />
                        <normal x="-0.67559" y="0.737277" z="-2.41479e-007" />
                        <colour_diffuse value="1 1 1 1" />
                        <texcoord u="2.62341" v="0.878669" />
                    </vertex>
                    <vertex>
                        <position x="0.730573" y="-14.476" z="-41.6893" />
                        <normal x="-0.67559" y="0.737277" z="-2.46362e-007" />
                        <colour_diffuse value="1 1 1 1" />
                        <texcoord u="2.62341" v="-3.87867" />
                    </vertex>
                    <vertex>
                        <position x="-14.7846" y="-28.6931" z="-41.6893" />
                        <normal x="-0.67559" y="0.737277" z="-2.47274e-007" />
                        <colour_diffuse value="1 1 1 1" />
                        <texcoord u="0.00250116" v="-3.87867" />
                    </vertex>
                    <vertex>
                        <position x="-0.730557" y="-44.0304" z="41.6893" />
                        <normal x="-5.1507e-007" y="2.54639e-008" z="1" />
                        <colour_diffuse value="1 1 1 1" />
                        <texcoord u="2.37659" v="0.997502" />
                    </vertex>
                    <vertex>
                        <position x="14.7846" y="-29.8134" z="41.6893" />
                        <normal x="-5.1507e-007" y="2.54639e-008" z="1" />
                        <colour_diffuse value="1 1 1 1" />
                        <texcoord u="4.9975" v="-0.615342" />
                    </vertex>
                    <vertex>
                        <position x="0.730543" y="-14.476" z="41.6893" />
                        <normal x="-5.1507e-007" y="2.54639e-008" z="1" />
                        <colour_diffuse value="1 1 1 1" />
                        <texcoord u="2.62341" v="-2.35528" />
                    </vertex>
                    <vertex>
                        <position x="-14.7847" y="-28.6931" z="41.6893" />
                        <normal x="-5.1507e-007" y="2.54639e-008" z="1" />
                        <colour_diffuse value="1 1 1 1" />
                        <texcoord u="0.00249758" v="-0.742433" />
                    </vertex>
                    <vertex>
                        <position x="14.7846" y="-29.8134" z="41.6893" />
                        <normal x="0.737277" y="0.67559" z="2.64512e-007" />
                        <colour_diffuse value="1 1 1 1" />
                        <texcoord u="4.9975" v="0.878669" />
                    </vertex>
                    <vertex>
                        <position x="14.7847" y="-29.8134" z="-41.6893" />
                        <normal x="0.737277" y="0.67559" z="2.69853e-007" />
                        <colour_diffuse value="1 1 1 1" />
                        <texcoord u="4.9975" v="-3.87867" />
                    </vertex>
                    <vertex>
                        <position x="0.730573" y="-14.476" z="-41.6893" />
                        <normal x="0.737277" y="0.67559" z="2.68868e-007" />
                        <colour_diffuse value="1 1 1 1" />
                        <texcoord u="2.62341" v="-3.87867" />
                    </vertex>
                    <vertex>
                        <position x="0.730543" y="-14.476" z="41.6893" />
                        <normal x="0.737277" y="0.67559" z="2.63528e-007" />
                        <colour_diffuse value="1 1 1 1" />
                        <texcoord u="2.62341" v="0.878669" />
                    </vertex>
                    <vertex>
                        <position x="14.7847" y="-29.8134" z="-41.6893" />
                        <normal x="5.1507e-007" y="-2.54638e-008" z="-1" />
                        <colour_diffuse value="1 1 1 1" />
                        <texcoord u="0.00249758" v="-0.615342" />
                    </vertex>
                    <vertex>
                        <position x="-0.730527" y="-44.0304" z="-41.6893" />
                        <normal x="5.1507e-007" y="-2.54639e-008" z="-1" />
                        <colour_diffuse value="1 1 1 1" />
                        <texcoord u="2.62341" v="0.997502" />
                    </vertex>
                    <vertex>
                        <position x="-14.7846" y="-28.6931" z="-41.6893" />
                        <normal x="5.1507e-007" y="-2.54638e-008" z="-1" />
                        <colour_diffuse value="1 1 1 1" />
                        <texcoord u="4.9975" v="-0.742433" />
                    </vertex>
                    <vertex>
                        <position x="0.730573" y="-14.476" z="-41.6893" />
                        <normal x="5.1507e-007" y="-2.54638e-008" z="-1" />
                        <colour_diffuse value="1 1 1 1" />
                        <texcoord u="2.37659" v="-2.35528" />
                    </vertex>
                    <vertex>
                        <position x="-3.40586" y="-28.862" z="43.772" />
                        <normal x="-1.05275e-007" y="-8.44936e-008" z="1" />
                        <colour_diffuse value="1 1 1 1" />
                        <texcoord u="1.92466" v="-0.723266" />
                    </vertex>
                    <vertex>
                        <position x="3.39372" y="-30.684" z="43.772" />
                        <normal x="-3.30425e-008" y="-1.23316e-007" z="1" />
                        <colour_diffuse value="1 1 1 1" />
                        <texcoord u="3.07328" v="-0.516578" />
                    </vertex>
                    <vertex>
                        <position x="11.1273" y="-1.82191" z="43.772" />
                        <normal x="-4.51206e-007" y="1.01432e-007" z="1" />
                        <colour_diffuse value="1 1 1 1" />
                        <texcoord u="4.37968" v="-3.79081" />
                    </vertex>
                    <vertex>
                        <position x="4.32771" y="2.74217e-005" z="43.772" />
                        <normal x="-5.23439e-007" y="1.40255e-007" z="1" />
                        <colour_diffuse value="1 1 1 1" />
                        <texcoord u="3.23106" v="-3.9975" />
                    </vertex>
                    <vertex>
                        <position x="3.39375" y="-30.684" z="-43.772" />
                        <normal x="8.19667e-008" y="-2.49498e-009" z="-1" />
                        <colour_diffuse value="1 1 1 1" />
                        <texcoord u="1.92671" v="-0.516578" />
                    </vertex>
                    <vertex>
                        <position x="-3.40582" y="-28.862" z="-43.772" />
                        <normal x="-0" y="0" z="-1" />
                        <colour_diffuse value="1 1 1 1" />
                        <texcoord u="3.07533" v="-0.723266" />
                    </vertex>
                    <vertex>
                        <position x="4.32774" y="2.74217e-005" z="-43.772" />
                        <normal x="4.74514e-007" y="-1.44437e-008" z="-1" />
                        <colour_diffuse value="1 1 1 1" />
                        <texcoord u="1.76894" v="-3.9975" />
                    </vertex>
                    <vertex>
                        <position x="11.1273" y="-1.82191" z="-43.772" />
                        <normal x="5.56481e-007" y="-1.69387e-008" z="-1" />
                        <colour_diffuse value="1 1 1 1" />
                        <texcoord u="0.620317" v="-3.79081" />
                    </vertex>
                    <vertex>
                        <position x="-3.40585" y="-28.862" z="41.6893" />
                        <normal x="-0.258819" y="-0.965926" z="-1.18513e-007" />
                        <colour_diffuse value="1 1 1 1" />
                        <texcoord u="3.07534" v="0.878669" />
                    </vertex>
                    <vertex>
                        <position x="3.39372" y="-30.684" z="41.6893" />
                        <normal x="-0.258819" y="-0.965926" z="-1.18513e-007" />
                        <colour_diffuse value="1 1 1 1" />
                        <texcoord u="1.92672" v="0.878669" />
                    </vertex>
                    <vertex>
                        <position x="3.39372" y="-30.684" z="43.772" />
                        <normal x="-0.258819" y="-0.965926" z="-1.18513e-007" />
                        <colour_diffuse value="1 1 1 1" />
                        <texcoord u="1.92672" v="0.997503" />
                    </vertex>
                    <vertex>
                        <position x="-3.40586" y="-28.862" z="43.772" />
                        <normal x="-0.258819" y="-0.965926" z="-1.18513e-007" />
                        <colour_diffuse value="1 1 1 1" />
                        <texcoord u="3.07534" v="0.997502" />
                    </vertex>
                    <vertex>
                        <position x="3.39372" y="-30.684" z="41.6893" />
                        <normal x="0.965926" y="-0.258819" z="2.02676e-007" />
                        <colour_diffuse value="1 1 1 1" />
                        <texcoord u="0.121331" v="-0.516578" />
                    </vertex>
                    <vertex>
                        <position x="10.4106" y="-4.49656" z="41.6893" />
                        <normal x="0.965926" y="-0.258819" z="2.02676e-007" />
                        <colour_diffuse value="1 1 1 1" />
                        <texcoord u="0.121331" v="-3.48739" />
                    </vertex>
                    <vertex>
                        <position x="11.1273" y="-1.82191" z="43.772" />
                        <normal x="0.965926" y="-0.258819" z="2.02676e-007" />
                        <colour_diffuse value="1 1 1 1" />
                        <texcoord u="0.00249743" v="-3.79081" />
                    </vertex>
                    <vertex>
                        <position x="11.1273" y="-1.82191" z="43.772" />
                        <normal x="0.965926" y="-0.258819" z="4.42297e-007" />
                        <colour_diffuse value="1 1 1 1" />
                        <texcoord u="0.00249743" v="-3.79081" />
                    </vertex>
                    <vertex>
                        <position x="3.39372" y="-30.684" z="43.772" />
                        <normal x="0.965926" y="-0.258819" z="4.42297e-007" />
                        <colour_diffuse value="1 1 1 1" />
                        <texcoord u="0.00249743" v="-0.516578" />
                    </vertex>
                    <vertex>
                        <position x="3.39372" y="-30.684" z="41.6893" />
                        <normal x="0.965926" y="-0.258819" z="4.42297e-007" />
                        <colour_diffuse value="1 1 1 1" />
                        <texcoord u="0.121331" v="-0.516578" />
                    </vertex>
                    <vertex>
                        <position x="3.61104" y="-2.67461" z="41.6893" />
                        <normal x="-0.965926" y="0.258819" z="-4.42297e-007" />
                        <colour_diffuse value="1 1 1 1" />
                        <texcoord u="4.87867" v="-3.69408" />
                    </vertex>
                    <vertex>
                        <position x="-3.40585" y="-28.862" z="41.6893" />
                        <normal x="-0.965926" y="0.258819" z="-4.42297e-007" />
                        <colour_diffuse value="1 1 1 1" />
                        <texcoord u="4.87867" v="-0.723266" />
                    </vertex>
                    <vertex>
                        <position x="-3.40586" y="-28.862" z="43.772" />
                        <normal x="-0.965926" y="0.258819" z="-4.42297e-007" />
                        <colour_diffuse value="1 1 1 1" />
                        <texcoord u="4.9975" v="-0.723266" />
                    </vertex>
                    <vertex>
                        <position x="-3.40586" y="-28.862" z="43.772" />
                        <normal x="-0.965926" y="0.258819" z="-9.19471e-008" />
                        <colour_diffuse value="1 1 1 1" />
                        <texcoord u="4.9975" v="-0.723266" />
                    </vertex>
                    <vertex>
                        <position x="4.32771" y="2.74217e-005" z="43.772" />
                        <normal x="-0.965926" y="0.258819" z="-9.19471e-008" />
                        <colour_diffuse value="1 1 1 1" />
                        <texcoord u="4.9975" v="-3.9975" />
                    </vertex>
                    <vertex>
                        <position x="3.61104" y="-2.67461" z="41.6893" />
                        <normal x="-0.965926" y="0.258819" z="-9.19471e-008" />
                        <colour_diffuse value="1 1 1 1" />
                        <texcoord u="4.87867" v="-3.69408" />
                    </vertex>
                    <vertex>
                        <position x="3.39375" y="-30.684" z="-41.6893" />
                        <normal x="-0.258819" y="-0.965926" z="-1.18513e-007" />
                        <colour_diffuse value="1 1 1 1" />
                        <texcoord u="1.92671" v="-3.87867" />
                    </vertex>
                    <vertex>
                        <position x="-3.40582" y="-28.862" z="-41.6893" />
                        <normal x="-0.258819" y="-0.965926" z="-1.18513e-007" />
                        <colour_diffuse value="1 1 1 1" />
                        <texcoord u="3.07533" v="-3.87867" />
                    </vertex>
                    <vertex>
                        <position x="-3.40582" y="-28.862" z="-43.772" />
                        <normal x="-0.258819" y="-0.965926" z="-1.18513e-007" />
                        <colour_diffuse value="1 1 1 1" />
                        <texcoord u="3.07533" v="-3.9975" />
                    </vertex>
                    <vertex>
                        <position x="3.39375" y="-30.684" z="-43.772" />
                        <normal x="-0.258819" y="-0.965926" z="-1.18513e-007" />
                        <colour_diffuse value="1 1 1 1" />
                        <texcoord u="1.92671" v="-3.9975" />
                    </vertex>
                    <vertex>
                        <position x="-3.40582" y="-28.862" z="-41.6893" />
                        <normal x="-0.965926" y="0.258819" z="-8.44484e-007" />
                        <colour_diffuse value="1 1 1 1" />
                        <texcoord u="0.121331" v="-0.723266" />
                    </vertex>
                    <vertex>
                        <position x="3.61107" y="-2.67461" z="-41.6893" />
                        <normal x="-0.965926" y="0.258819" z="-8.44484e-007" />
                        <colour_diffuse value="1 1 1 1" />
                        <texcoord u="0.121331" v="-3.69408" />
                    </vertex>
                    <vertex>
                        <position x="4.32774" y="2.74217e-005" z="-43.772" />
                        <normal x="-0.965926" y="0.258819" z="-8.44484e-007" />
                        <colour_diffuse value="1 1 1 1" />
                        <texcoord u="0.00249758" v="-3.9975" />
                    </vertex>
                    <vertex>
                        <position x="4.32774" y="2.74217e-005" z="-43.772" />
                        <normal x="-0.965926" y="0.258819" z="-4.42297e-007" />
                        <colour_diffuse value="1 1 1 1" />
                        <texcoord u="0.00249758" v="-3.9975" />
                    </vertex>
                    <vertex>
                        <position x="-3.40582" y="-28.862" z="-43.772" />
                        <normal x="-0.965926" y="0.258819" z="-4.42297e-007" />
                        <colour_diffuse value="1 1 1 1" />
                        <texcoord u="0.00249743" v="-0.723266" />
                    </vertex>
                    <vertex>
                        <position x="-3.40582" y="-28.862" z="-41.6893" />
                        <normal x="-0.965926" y="0.258819" z="-4.42297e-007" />
                        <colour_diffuse value="1 1 1 1" />
                        <texcoord u="0.121331" v="-0.723266" />
                    </vertex>
                    <vertex>
                        <position x="10.4106" y="-4.49656" z="-41.6893" />
                        <normal x="0.965926" y="-0.258819" z="4.42297e-007" />
                        <colour_diffuse value="1 1 1 1" />
                        <texcoord u="4.87867" v="-3.48739" />
                    </vertex>
                    <vertex>
                        <position x="3.39375" y="-30.684" z="-41.6893" />
                        <normal x="0.965926" y="-0.258819" z="4.42297e-007" />
                        <colour_diffuse value="1 1 1 1" />
                        <texcoord u="4.87867" v="-0.516578" />
                    </vertex>
                    <vertex>
                        <position x="3.39375" y="-30.684" z="-43.772" />
                        <normal x="0.965926" y="-0.258819" z="4.42297e-007" />
                        <colour_diffuse value="1 1 1 1" />
                        <texcoord u="4.9975" v="-0.516578" />
                    </vertex>
                    <vertex>
                        <position x="3.39375" y="-30.684" z="-43.772" />
                        <normal x="0.965926" y="-0.258819" z="-1.83894e-007" />
                        <colour_diffuse value="1 1 1 1" />
                        <texcoord u="4.9975" v="-0.516578" />
                    </vertex>
                    <vertex>
                        <position x="11.1273" y="-1.82191" z="-43.772" />
                        <normal x="0.965926" y="-0.258819" z="-1.83894e-007" />
                        <colour_diffuse value="1 1 1 1" />
                        <texcoord u="4.9975" v="-3.79081" />
                    </vertex>
                    <vertex>
                        <position x="10.4106" y="-4.49656" z="-41.6893" />
                        <normal x="0.965926" y="-0.258819" z="-1.83894e-007" />
                        <colour_diffuse value="1 1 1 1" />
                        <texcoord u="4.87867" v="-3.48739" />
                    </vertex>
                    <vertex>
                        <position x="11.1273" y="-1.82191" z="43.772" />
                        <normal x="0.965926" y="-0.258819" z="3.52952e-007" />
                        <colour_diffuse value="1 1 1 1" />
                        <texcoord u="0.00249743" v="-3.79081" />
                    </vertex>
                    <vertex>
                        <position x="10.4106" y="-4.49656" z="41.6893" />
                        <normal x="0.965926" y="-0.258819" z="3.53541e-007" />
                        <colour_diffuse value="1 1 1 1" />
                        <texcoord u="0.121331" v="-3.48739" />
                    </vertex>
                    <vertex>
                        <position x="10.4106" y="-4.49656" z="-41.6893" />
                        <normal x="0.965926" y="-0.258819" z="3.36965e-007" />
                        <colour_diffuse value="1 1 1 1" />
                        <texcoord u="4.87867" v="-3.48739" />
                    </vertex>
                    <vertex>
                        <position x="11.1273" y="-1.82191" z="-43.772" />
                        <normal x="0.965926" y="-0.258819" z="3.36719e-007" />
                        <colour_diffuse value="1 1 1 1" />
                        <texcoord u="4.9975" v="-3.79081" />
                    </vertex>
                    <vertex>
                        <position x="10.4106" y="-4.49656" z="41.6893" />
                        <normal x="-0.258819" y="-0.965926" z="-9.19295e-008" />
                        <colour_diffuse value="1 1 1 1" />
                        <texcoord u="0.741384" v="0.878669" />
                    </vertex>
                    <vertex>
                        <position x="3.61104" y="-2.67461" z="41.6893" />
                        <normal x="-0.258819" y="-0.965926" z="-9.17707e-008" />
                        <colour_diffuse value="1 1 1 1" />
                        <texcoord u="1.89" v="0.878669" />
                    </vertex>
                    <vertex>
                        <position x="3.61107" y="-2.67461" z="-41.6893" />
                        <normal x="-0.258819" y="-0.965926" z="-9.45723e-008" />
                        <colour_diffuse value="1 1 1 1" />
                        <texcoord u="1.89" v="-3.87867" />
                    </vertex>
                    <vertex>
                        <position x="10.4106" y="-4.49656" z="-41.6893" />
                        <normal x="-0.258819" y="-0.965926" z="-9.47311e-008" />
                        <colour_diffuse value="1 1 1 1" />
                        <texcoord u="0.74138" v="-3.87867" />
                    </vertex>
                    <vertex>
                        <position x="3.61104" y="-2.67461" z="41.6893" />
                        <normal x="-0.965926" y="0.258819" z="-3.47172e-007" />
                        <colour_diffuse value="1 1 1 1" />
                        <texcoord u="4.87867" v="-3.69408" />
                    </vertex>
                    <vertex>
                        <position x="4.32771" y="2.74217e-005" z="43.772" />
                        <normal x="-0.965926" y="0.258819" z="-3.47241e-007" />
                        <colour_diffuse value="1 1 1 1" />
                        <texcoord u="4.9975" v="-3.9975" />
                    </vertex>
                    <vertex>
                        <position x="4.32774" y="2.74217e-005" z="-43.772" />
                        <normal x="-0.965926" y="0.258819" z="-3.42659e-007" />
                        <colour_diffuse value="1 1 1 1" />
                        <texcoord u="0.00249758" v="-3.9975" />
                    </vertex>
                    <vertex>
                        <position x="3.61107" y="-2.67461" z="-41.6893" />
                        <normal x="-0.965926" y="0.258819" z="-3.42493e-007" />
                        <colour_diffuse value="1 1 1 1" />
                        <texcoord u="0.121331" v="-3.69408" />
                    </vertex>
                    <vertex>
                        <position x="4.32771" y="2.74217e-005" z="43.772" />
                        <normal x="0.258819" y="0.965926" z="9.03676e-008" />
                        <colour_diffuse value="1 1 1 1" />
                        <texcoord u="3.23106" v="0.997503" />
                    </vertex>
                    <vertex>
                        <position x="11.1273" y="-1.82191" z="43.772" />
                        <normal x="0.258819" y="0.965926" z="9.02236e-008" />
                        <colour_diffuse value="1 1 1 1" />
                        <texcoord u="4.37968" v="0.997503" />
                    </vertex>
                    <vertex>
                        <position x="11.1273" y="-1.82191" z="-43.772" />
                        <normal x="0.258819" y="0.965926" z="9.2899e-008" />
                        <colour_diffuse value="1 1 1 1" />
                        <texcoord u="4.37968" v="-3.9975" />
                    </vertex>
                    <vertex>
                        <position x="4.32774" y="2.74217e-005" z="-43.772" />
                        <normal x="0.258819" y="0.965926" z="9.30431e-008" />
                        <colour_diffuse value="1 1 1 1" />
                        <texcoord u="3.23106" v="-3.9975" />
                    </vertex>
                    <vertex>
                        <position x="3.61104" y="-2.67461" z="41.6893" />
                        <normal x="5.59856e-007" y="-4.34384e-009" z="-1" />
                        <colour_diffuse value="1 1 1 1" />
                        <texcoord u="1.89" v="-3.69408" />
                    </vertex>
                    <vertex>
                        <position x="10.4106" y="-4.49656" z="41.6893" />
                        <normal x="5.59856e-007" y="-4.34384e-009" z="-1" />
                        <colour_diffuse value="1 1 1 1" />
                        <texcoord u="0.741384" v="-3.48739" />
                    </vertex>
                    <vertex>
                        <position x="3.39372" y="-30.684" z="41.6893" />
                        <normal x="5.59856e-007" y="-4.34384e-009" z="-1" />
                        <colour_diffuse value="1 1 1 1" />
                        <texcoord u="1.92672" v="-0.516578" />
                    </vertex>
                    <vertex>
                        <position x="3.39372" y="-30.684" z="41.6893" />
                        <normal x="-0" y="0" z="-1" />
                        <colour_diffuse value="1 1 1 1" />
                        <texcoord u="1.92672" v="-0.516578" />
                    </vertex>
                    <vertex>
                        <position x="-3.40585" y="-28.862" z="41.6893" />
                        <normal x="-0" y="0" z="-1" />
                        <colour_diffuse value="1 1 1 1" />
                        <texcoord u="3.07534" v="-0.723266" />
                    </vertex>
                    <vertex>
                        <position x="3.61104" y="-2.67461" z="41.6893" />
                        <normal x="-0" y="0" z="-1" />
                        <colour_diffuse value="1 1 1 1" />
                        <texcoord u="1.89" v="-3.69408" />
                    </vertex>
                    <vertex>
                        <position x="10.4106" y="-4.49656" z="-41.6893" />
                        <normal x="-5.23439e-007" y="1.40255e-007" z="1" />
                        <colour_diffuse value="1 1 1 1" />
                        <texcoord u="4.25862" v="-3.48739" />
                    </vertex>
                    <vertex>
                        <position x="3.61107" y="-2.67461" z="-41.6893" />
                        <normal x="-5.23439e-007" y="1.40255e-007" z="1" />
                        <colour_diffuse value="1 1 1 1" />
                        <texcoord u="3.11" v="-3.69408" />
                    </vertex>
                    <vertex>
                        <position x="-3.40582" y="-28.862" z="-41.6893" />
                        <normal x="-5.23439e-007" y="1.40255e-007" z="1" />
                        <colour_diffuse value="1 1 1 1" />
                        <texcoord u="1.92467" v="-0.723266" />
                    </vertex>
                    <vertex>
                        <position x="-3.40582" y="-28.862" z="-41.6893" />
                        <normal x="-3.64173e-008" y="-1.35911e-007" z="1" />
                        <colour_diffuse value="1 1 1 1" />
                        <texcoord u="1.92467" v="-0.723266" />
                    </vertex>
                    <vertex>
                        <position x="3.39375" y="-30.684" z="-41.6893" />
                        <normal x="-3.64173e-008" y="-1.35911e-007" z="1" />
                        <colour_diffuse value="1 1 1 1" />
                        <texcoord u="3.07329" v="-0.516578" />
                    </vertex>
                    <vertex>
                        <position x="10.4106" y="-4.49656" z="-41.6893" />
                        <normal x="-3.64173e-008" y="-1.35911e-007" z="1" />
                        <colour_diffuse value="1 1 1 1" />
                        <texcoord u="4.25862" v="-3.48739" />
                    </vertex>
                </vertexbuffer>
            </geometry>
        </submesh>
        <submesh material="spot_couleur/lumiere" usesharedvertices="false" use32bitindexes="false" operationtype="triangle_list">
            <faces count="2">
                <face v1="0" v2="1" v3="2" />
                <face v1="2" v2="3" v3="0" />
            </faces>
            <geometry vertexcount="4">
                <vertexbuffer positions="true" normals="true" colours_diffuse="true" texture_coord_dimensions_0="float2" texture_coords="1">
                    <vertex>
                        <position x="-0.730527" y="-44.0304" z="-41.6893" />
                        <normal x="-0.737277" y="-0.67559" z="-2.68868e-007" />
                        <colour_diffuse value="1 1 1 1" />
                        <texcoord u="0" v="1" />
                    </vertex>
                    <vertex>
                        <position x="-0.730557" y="-44.0304" z="41.6893" />
                        <normal x="-0.737277" y="-0.67559" z="-2.63528e-007" />
                        <colour_diffuse value="1 1 1 1" />
                        <texcoord u="1" v="1" />
                    </vertex>
                    <vertex>
                        <position x="-14.7847" y="-28.6931" z="41.6893" />
                        <normal x="-0.737277" y="-0.67559" z="-2.64512e-007" />
                        <colour_diffuse value="1 1 1 1" />
                        <texcoord u="1" v="0" />
                    </vertex>
                    <vertex>
                        <position x="-14.7846" y="-28.6931" z="-41.6893" />
                        <normal x="-0.737277" y="-0.67559" z="-2.69853e-007" />
                        <colour_diffuse value="1 1 1 1" />
                        <texcoord u="0" v="0" />
                    </vertex>
                </vertexbuffer>
            </geometry>
        </submesh>
        <submesh material="spot_couleur/light_rouge" usesharedvertices="false" use32bitindexes="false" operationtype="triangle_list">
            <faces count="28">
                <face v1="0" v2="1" v3="2" />
                <face v1="2" v2="3" v3="0" />
                <face v1="1" v2="4" v3="5" />
                <face v1="5" v2="2" v3="1" />
                <face v1="4" v2="6" v3="7" />
                <face v1="7" v2="5" v3="4" />
                <face v1="6" v2="8" v3="9" />
                <face v1="9" v2="7" v3="6" />
                <face v1="8" v2="10" v3="11" />
                <face v1="11" v2="9" v3="8" />
                <face v1="10" v2="12" v3="13" />
                <face v1="13" v2="11" v3="10" />
                <face v1="14" v2="0" v3="3" />
                <face v1="3" v2="15" v3="14" />
                <face v1="16" v2="17" v3="18" />
                <face v1="18" v2="19" v3="16" />
                <face v1="17" v2="20" v3="21" />
                <face v1="21" v2="18" v3="17" />
                <face v1="20" v2="22" v3="23" />
                <face v1="23" v2="21" v3="20" />
                <face v1="22" v2="24" v3="25" />
                <face v1="25" v2="23" v3="22" />
                <face v1="24" v2="26" v3="27" />
                <face v1="27" v2="25" v3="24" />
                <face v1="26" v2="28" v3="29" />
                <face v1="29" v2="27" v3="26" />
                <face v1="30" v2="16" v3="19" />
                <face v1="19" v2="31" v3="30" />
            </faces>
            <geometry vertexcount="32">
                <vertexbuffer positions="true" normals="true" colours_diffuse="true" texture_coord_dimensions_0="float2" texture_coords="1">
                    <vertex>
                        <position x="0.704978" y="-42.8189" z="-31.519" />
                        <normal x="0.733127" y="-0.680081" z="0.00390651" />
                        <colour_diffuse value="1 1 1 1" />
                        <texcoord u="0.750826" v="0.962032" />
                    </vertex>
                    <vertex>
                        <position x="-1.76217" y="-39.7506" z="-23.3841" />
                        <normal x="0.48972" y="-0.393079" z="0.778244" />
                        <colour_diffuse value="1 1 1 1" />
                        <texcoord u="0.620874" v="0.961387" />
                    </vertex>
                    <vertex>
                        <position x="-145.439" y="-181.37" z="-4.50342" />
                        <normal x="0.491961" y="-0.39572" z="0.775487" />
                        <colour_diffuse value="1 1 1 1" />
                        <texcoord u="0.399616" v="0.0409468" />
                    </vertex>
                    <vertex>
                        <position x="-137.259" y="-191.544" z="-31.4759" />
                        <normal x="0.733128" y="-0.680084" z="-0.00304668" />
                        <colour_diffuse value="1 1 1 1" />
                        <texcoord u="0.250335" v="0.0435597" />
                    </vertex>
                    <vertex>
                        <position x="-7.44512" y="-33.0125" z="-21.389" />
                        <normal x="-0.0530307" y="0.246465" z="0.9677" />
                        <colour_diffuse value="1 1 1 1" />
                        <texcoord u="0.663779" v="0.95872" />
                    </vertex>
                    <vertex>
                        <position x="-164.282" y="-159.029" z="2.11164" />
                        <normal x="-0.0539442" y="0.247541" z="0.967374" />
                        <colour_diffuse value="1 1 1 1" />
                        <texcoord u="0.543503" v="0.0301366" />
                    </vertex>
                    <vertex>
                        <position x="-12.0645" y="-27.6786" z="-27.0361" />
                        <normal x="-0.488117" y="0.758966" z="0.430943" />
                        <colour_diffuse value="1 1 1 1" />
                        <texcoord u="0.722004" v="0.95604" />
                    </vertex>
                    <vertex>
                        <position x="-179.598" y="-141.344" z="-16.6119" />
                        <normal x="-0.489855" y="0.761013" z="0.425325" />
                        <colour_diffuse value="1 1 1 1" />
                        <texcoord u="0.681932" v="0.0192698" />
                    </vertex>
                    <vertex>
                        <position x="-12.1417" y="-27.7654" z="-36.0729" />
                        <normal x="-0.488325" y="0.758973" z="-0.430696" />
                        <colour_diffuse value="1 1 1 1" />
                        <texcoord u="0.782822" v="0.955364" />
                    </vertex>
                    <vertex>
                        <position x="-179.854" y="-141.632" z="-46.5749" />
                        <normal x="-0.486545" y="0.756874" z="-0.436366" />
                        <colour_diffuse value="1 1 1 1" />
                        <texcoord u="0.818477" v="0.0165291" />
                    </vertex>
                    <vertex>
                        <position x="-7.61878" y="-33.2075" z="-41.6946" />
                        <normal x="-0.0516564" y="0.244308" z="-0.968321" />
                        <colour_diffuse value="1 1 1 1" />
                        <texcoord u="0.841061" v="0.957201" />
                    </vertex>
                    <vertex>
                        <position x="-164.858" y="-159.676" z="-65.2146" />
                        <normal x="-0.0506176" y="0.243084" z="-0.968684" />
                        <colour_diffuse value="1 1 1 1" />
                        <texcoord u="0.957164" v="0.0239784" />
                    </vertex>
                    <vertex>
                        <position x="-1.90145" y="-39.907" z="-39.6679" />
                        <normal x="0.492663" y="-0.396978" z="-0.774397" />
                        <colour_diffuse value="1 1 1 1" />
                        <texcoord u="0.883796" v="0.960169" />
                    </vertex>
                    <vertex>
                        <position x="-145.901" y="-181.889" z="-58.4948" />
                        <normal x="0.490518" y="-0.394451" z="-0.777046" />
                        <colour_diffuse value="1 1 1 1" />
                        <texcoord u="1.10113" v="0.0360085" />
                    </vertex>
                    <vertex>
                        <position x="-1.90145" y="-39.907" z="-39.6679" />
                        <normal x="0.492663" y="-0.396978" z="-0.774397" />
                        <colour_diffuse value="1 1 1 1" />
                        <texcoord u="-0.116204" v="0.960169" />
                    </vertex>
                    <vertex>
                        <position x="-145.901" y="-181.889" z="-58.4948" />
                        <normal x="0.490518" y="-0.394451" z="-0.777046" />
                        <colour_diffuse value="1 1 1 1" />
                        <texcoord u="0.101126" v="0.0360085" />
                    </vertex>
                    <vertex>
                        <position x="-0.117768" y="-43.4809" z="-31.519" />
                        <normal x="0.693777" y="-0.720175" z="0.00456568" />
                        <colour_diffuse value="1 1 1 1" />
                        <texcoord u="0.750826" v="0.962032" />
                    </vertex>
                    <vertex>
                        <position x="-2.58494" y="-40.4125" z="-23.3841" />
                        <normal x="0.44822" y="-0.431705" z="0.782771" />
                        <colour_diffuse value="1 1 1 1" />
                        <texcoord u="0.620874" v="0.961387" />
                    </vertex>
                    <vertex>
                        <position x="-157.759" y="-183.147" z="-13.2615" />
                        <normal x="0.452398" y="-0.436698" z="0.77758" />
                        <colour_diffuse value="1 1 1 1" />
                        <texcoord u="0.404694" v="0.0895121" />
                    </vertex>
                    <vertex>
                        <position x="-152.292" y="-190.069" z="-31.4959" />
                        <normal x="0.693781" y="-0.720184" z="-0.00169868" />
                        <colour_diffuse value="1 1 1 1" />
                        <texcoord u="0.250372" v="0.0908594" />
                    </vertex>
                    <vertex>
                        <position x="-8.26786" y="-33.6745" z="-21.389" />
                        <normal x="-0.0983407" y="0.21002" z="0.972739" />
                        <colour_diffuse value="1 1 1 1" />
                        <texcoord u="0.663779" v="0.95872" />
                    </vertex>
                    <vertex>
                        <position x="-170.3" y="-167.902" z="-8.78945" />
                        <normal x="-0.096114" y="0.207373" z="0.973529" />
                        <colour_diffuse value="1 1 1 1" />
                        <texcoord u="0.549046" v="0.0833169" />
                    </vertex>
                    <vertex>
                        <position x="-12.8872" y="-28.3406" z="-27.0361" />
                        <normal x="-0.536346" y="0.724105" z="0.433594" />
                        <colour_diffuse value="1 1 1 1" />
                        <texcoord u="0.722004" v="0.95604" />
                    </vertex>
                    <vertex>
                        <position x="-180.47" y="-155.815" z="-21.4473" />
                        <normal x="-0.537415" y="0.725364" z="0.430155" />
                        <colour_diffuse value="1 1 1 1" />
                        <texcoord u="0.684166" v="0.0769392" />
                    </vertex>
                    <vertex>
                        <position x="-12.9645" y="-28.4274" z="-36.0729" />
                        <normal x="-0.536811" y="0.724587" z="-0.432213" />
                        <colour_diffuse value="1 1 1 1" />
                        <texcoord u="0.782822" v="0.955364" />
                    </vertex>
                    <vertex>
                        <position x="-180.612" y="-155.988" z="-41.7034" />
                        <normal x="-0.534567" y="0.721956" z="-0.439339" />
                        <colour_diffuse value="1 1 1 1" />
                        <texcoord u="0.816194" v="0.0751816" />
                    </vertex>
                    <vertex>
                        <position x="-8.44153" y="-33.8695" z="-41.6946" />
                        <normal x="-0.0969587" y="0.208208" z="-0.973267" />
                        <colour_diffuse value="1 1 1 1" />
                        <texcoord u="0.841061" v="0.957201" />
                    </vertex>
                    <vertex>
                        <position x="-170.619" y="-168.289" z="-54.3046" />
                        <normal x="-0.0928208" y="0.203423" z="-0.974681" />
                        <colour_diffuse value="1 1 1 1" />
                        <texcoord u="0.95161" v="0.0793674" />
                    </vertex>
                    <vertex>
                        <position x="-2.72422" y="-40.569" z="-39.6679" />
                        <normal x="0.451705" y="-0.435998" z="-0.778376" />
                        <colour_diffuse value="1 1 1 1" />
                        <texcoord u="0.883796" v="0.960169" />
                    </vertex>
                    <vertex>
                        <position x="-158.015" y="-183.457" z="-49.7618" />
                        <normal x="0.45201" y="-0.436248" z="-0.778058" />
                        <colour_diffuse value="1 1 1 1" />
                        <texcoord u="1.0961" v="0.086345" />
                    </vertex>
                    <vertex>
                        <position x="-2.72422" y="-40.569" z="-39.6679" />
                        <normal x="0.451705" y="-0.435998" z="-0.778376" />
                        <colour_diffuse value="1 1 1 1" />
                        <texcoord u="-0.116204" v="0.960169" />
                    </vertex>
                    <vertex>
                        <position x="-158.015" y="-183.457" z="-49.7618" />
                        <normal x="0.45201" y="-0.436248" z="-0.778058" />
                        <colour_diffuse value="1 1 1 1" />
                        <texcoord u="0.0961021" v="0.086345" />
                    </vertex>
                </vertexbuffer>
            </geometry>
        </submesh>
        <submesh material="spot_couleur/light_bleu" usesharedvertices="false" use32bitindexes="false" operationtype="triangle_list">
            <faces count="28">
                <face v1="0" v2="1" v3="2" />
                <face v1="2" v2="3" v3="0" />
                <face v1="1" v2="4" v3="5" />
                <face v1="5" v2="2" v3="1" />
                <face v1="4" v2="6" v3="7" />
                <face v1="7" v2="5" v3="4" />
                <face v1="6" v2="8" v3="9" />
                <face v1="9" v2="7" v3="6" />
                <face v1="8" v2="10" v3="11" />
                <face v1="11" v2="9" v3="8" />
                <face v1="10" v2="12" v3="13" />
                <face v1="13" v2="11" v3="10" />
                <face v1="14" v2="0" v3="3" />
                <face v1="3" v2="15" v3="14" />
                <face v1="16" v2="17" v3="18" />
                <face v1="18" v2="19" v3="16" />
                <face v1="17" v2="20" v3="21" />
                <face v1="21" v2="18" v3="17" />
                <face v1="20" v2="22" v3="23" />
                <face v1="23" v2="21" v3="20" />
                <face v1="22" v2="24" v3="25" />
                <face v1="25" v2="23" v3="22" />
                <face v1="24" v2="26" v3="27" />
                <face v1="27" v2="25" v3="24" />
                <face v1="26" v2="28" v3="29" />
                <face v1="29" v2="27" v3="26" />
                <face v1="30" v2="16" v3="19" />
                <face v1="19" v2="31" v3="30" />
            </faces>
            <geometry vertexcount="32">
                <vertexbuffer positions="true" normals="true" colours_diffuse="true" texture_coord_dimensions_0="float2" texture_coords="1">
                    <vertex>
                        <position x="0.704971" y="-42.8189" z="-10.2171" />
                        <normal x="0.733127" y="-0.680081" z="0.00390651" />
                        <colour_diffuse value="1 1 1 1" />
                        <texcoord u="0.750826" v="0.962032" />
                    </vertex>
                    <vertex>
                        <position x="-1.76218" y="-39.7506" z="-2.08225" />
                        <normal x="0.48972" y="-0.393079" z="0.778244" />
                        <colour_diffuse value="1 1 1 1" />
                        <texcoord u="0.620874" v="0.961387" />
                    </vertex>
                    <vertex>
                        <position x="-145.439" y="-181.37" z="16.7985" />
                        <normal x="0.491961" y="-0.39572" z="0.775487" />
                        <colour_diffuse value="1 1 1 1" />
                        <texcoord u="0.399616" v="0.0409468" />
                    </vertex>
                    <vertex>
                        <position x="-137.259" y="-191.544" z="-10.174" />
                        <normal x="0.733128" y="-0.680084" z="-0.00304707" />
                        <colour_diffuse value="1 1 1 1" />
                        <texcoord u="0.250335" v="0.0435597" />
                    </vertex>
                    <vertex>
                        <position x="-7.44512" y="-33.0125" z="-0.0871647" />
                        <normal x="-0.0530308" y="0.246465" z="0.9677" />
                        <colour_diffuse value="1 1 1 1" />
                        <texcoord u="0.663779" v="0.95872" />
                    </vertex>
                    <vertex>
                        <position x="-164.282" y="-159.029" z="23.4135" />
                        <normal x="-0.0539442" y="0.247541" z="0.967374" />
                        <colour_diffuse value="1 1 1 1" />
                        <texcoord u="0.543503" v="0.0301366" />
                    </vertex>
                    <vertex>
                        <position x="-12.0645" y="-27.6786" z="-5.73418" />
                        <normal x="-0.488117" y="0.758966" z="0.430943" />
                        <colour_diffuse value="1 1 1 1" />
                        <texcoord u="0.722004" v="0.95604" />
                    </vertex>
                    <vertex>
                        <position x="-179.598" y="-141.344" z="4.68995" />
                        <normal x="-0.489855" y="0.761013" z="0.425325" />
                        <colour_diffuse value="1 1 1 1" />
                        <texcoord u="0.681932" v="0.0192698" />
                    </vertex>
                    <vertex>
                        <position x="-12.1417" y="-27.7654" z="-14.771" />
                        <normal x="-0.488326" y="0.758973" z="-0.430695" />
                        <colour_diffuse value="1 1 1 1" />
                        <texcoord u="0.782822" v="0.955364" />
                    </vertex>
                    <vertex>
                        <position x="-179.854" y="-141.632" z="-25.273" />
                        <normal x="-0.486545" y="0.756874" z="-0.436366" />
                        <colour_diffuse value="1 1 1 1" />
                        <texcoord u="0.818477" v="0.0165291" />
                    </vertex>
                    <vertex>
                        <position x="-7.61879" y="-33.2075" z="-20.3927" />
                        <normal x="-0.0516565" y="0.244308" z="-0.968321" />
                        <colour_diffuse value="1 1 1 1" />
                        <texcoord u="0.841061" v="0.957201" />
                    </vertex>
                    <vertex>
                        <position x="-164.858" y="-159.676" z="-43.9127" />
                        <normal x="-0.0506176" y="0.243084" z="-0.968684" />
                        <colour_diffuse value="1 1 1 1" />
                        <texcoord u="0.957164" v="0.0239784" />
                    </vertex>
                    <vertex>
                        <position x="-1.90146" y="-39.907" z="-18.3661" />
                        <normal x="0.492663" y="-0.396979" z="-0.774397" />
                        <colour_diffuse value="1 1 1 1" />
                        <texcoord u="0.883796" v="0.960169" />
                    </vertex>
                    <vertex>
                        <position x="-145.901" y="-181.889" z="-37.193" />
                        <normal x="0.490517" y="-0.394451" z="-0.777046" />
                        <colour_diffuse value="1 1 1 1" />
                        <texcoord u="1.10113" v="0.0360085" />
                    </vertex>
                    <vertex>
                        <position x="-1.90146" y="-39.907" z="-18.3661" />
                        <normal x="0.492663" y="-0.396979" z="-0.774397" />
                        <colour_diffuse value="1 1 1 1" />
                        <texcoord u="-0.116204" v="0.960169" />
                    </vertex>
                    <vertex>
                        <position x="-145.901" y="-181.889" z="-37.193" />
                        <normal x="0.490517" y="-0.394451" z="-0.777046" />
                        <colour_diffuse value="1 1 1 1" />
                        <texcoord u="0.101126" v="0.0360085" />
                    </vertex>
                    <vertex>
                        <position x="-0.117775" y="-43.4809" z="-10.2171" />
                        <normal x="0.693777" y="-0.720175" z="0.00456566" />
                        <colour_diffuse value="1 1 1 1" />
                        <texcoord u="0.750826" v="0.962032" />
                    </vertex>
                    <vertex>
                        <position x="-2.58495" y="-40.4125" z="-2.08226" />
                        <normal x="0.44822" y="-0.431705" z="0.782771" />
                        <colour_diffuse value="1 1 1 1" />
                        <texcoord u="0.620874" v="0.961387" />
                    </vertex>
                    <vertex>
                        <position x="-157.759" y="-183.147" z="8.0404" />
                        <normal x="0.452398" y="-0.436698" z="0.77758" />
                        <colour_diffuse value="1 1 1 1" />
                        <texcoord u="0.404694" v="0.0895121" />
                    </vertex>
                    <vertex>
                        <position x="-152.292" y="-190.069" z="-10.194" />
                        <normal x="0.693781" y="-0.720184" z="-0.00169926" />
                        <colour_diffuse value="1 1 1 1" />
                        <texcoord u="0.250372" v="0.0908594" />
                    </vertex>
                    <vertex>
                        <position x="-8.26787" y="-33.6745" z="-0.0871669" />
                        <normal x="-0.0983407" y="0.21002" z="0.972739" />
                        <colour_diffuse value="1 1 1 1" />
                        <texcoord u="0.663779" v="0.95872" />
                    </vertex>
                    <vertex>
                        <position x="-170.3" y="-167.902" z="12.5124" />
                        <normal x="-0.096114" y="0.207373" z="0.973529" />
                        <colour_diffuse value="1 1 1 1" />
                        <texcoord u="0.549046" v="0.0833169" />
                    </vertex>
                    <vertex>
                        <position x="-12.8872" y="-28.3406" z="-5.73418" />
                        <normal x="-0.536346" y="0.724105" z="0.433594" />
                        <colour_diffuse value="1 1 1 1" />
                        <texcoord u="0.722004" v="0.95604" />
                    </vertex>
                    <vertex>
                        <position x="-180.47" y="-155.815" z="-0.145427" />
                        <normal x="-0.537415" y="0.725364" z="0.430155" />
                        <colour_diffuse value="1 1 1 1" />
                        <texcoord u="0.684166" v="0.0769392" />
                    </vertex>
                    <vertex>
                        <position x="-12.9645" y="-28.4274" z="-14.771" />
                        <normal x="-0.536811" y="0.724587" z="-0.432213" />
                        <colour_diffuse value="1 1 1 1" />
                        <texcoord u="0.782822" v="0.955364" />
                    </vertex>
                    <vertex>
                        <position x="-180.612" y="-155.988" z="-20.4016" />
                        <normal x="-0.534567" y="0.721956" z="-0.439338" />
                        <colour_diffuse value="1 1 1 1" />
                        <texcoord u="0.816194" v="0.0751816" />
                    </vertex>
                    <vertex>
                        <position x="-8.44153" y="-33.8695" z="-20.3927" />
                        <normal x="-0.0969587" y="0.208208" z="-0.973267" />
                        <colour_diffuse value="1 1 1 1" />
                        <texcoord u="0.841061" v="0.957201" />
                    </vertex>
                    <vertex>
                        <position x="-170.619" y="-168.289" z="-33.0027" />
                        <normal x="-0.0928207" y="0.203423" z="-0.974681" />
                        <colour_diffuse value="1 1 1 1" />
                        <texcoord u="0.95161" v="0.0793674" />
                    </vertex>
                    <vertex>
                        <position x="-2.72423" y="-40.569" z="-18.3661" />
                        <normal x="0.451705" y="-0.435998" z="-0.778375" />
                        <colour_diffuse value="1 1 1 1" />
                        <texcoord u="0.883796" v="0.960169" />
                    </vertex>
                    <vertex>
                        <position x="-158.015" y="-183.457" z="-28.4599" />
                        <normal x="0.45201" y="-0.436248" z="-0.778059" />
                        <colour_diffuse value="1 1 1 1" />
                        <texcoord u="1.0961" v="0.086345" />
                    </vertex>
                    <vertex>
                        <position x="-2.72423" y="-40.569" z="-18.3661" />
                        <normal x="0.451705" y="-0.435998" z="-0.778375" />
                        <colour_diffuse value="1 1 1 1" />
                        <texcoord u="-0.116204" v="0.960169" />
                    </vertex>
                    <vertex>
                        <position x="-158.015" y="-183.457" z="-28.4599" />
                        <normal x="0.45201" y="-0.436248" z="-0.778059" />
                        <colour_diffuse value="1 1 1 1" />
                        <texcoord u="0.0961021" v="0.086345" />
                    </vertex>
                </vertexbuffer>
            </geometry>
        </submesh>
        <submesh material="spot_couleur/light" usesharedvertices="false" use32bitindexes="false" operationtype="triangle_list">
            <faces count="28">
                <face v1="0" v2="1" v3="2" />
                <face v1="2" v2="3" v3="0" />
                <face v1="1" v2="4" v3="5" />
                <face v1="5" v2="2" v3="1" />
                <face v1="4" v2="6" v3="7" />
                <face v1="7" v2="5" v3="4" />
                <face v1="6" v2="8" v3="9" />
                <face v1="9" v2="7" v3="6" />
                <face v1="8" v2="10" v3="11" />
                <face v1="11" v2="9" v3="8" />
                <face v1="10" v2="12" v3="13" />
                <face v1="13" v2="11" v3="10" />
                <face v1="14" v2="0" v3="3" />
                <face v1="3" v2="15" v3="14" />
                <face v1="16" v2="17" v3="18" />
                <face v1="18" v2="19" v3="16" />
                <face v1="17" v2="20" v3="21" />
                <face v1="21" v2="18" v3="17" />
                <face v1="20" v2="22" v3="23" />
                <face v1="23" v2="21" v3="20" />
                <face v1="22" v2="24" v3="25" />
                <face v1="25" v2="23" v3="22" />
                <face v1="24" v2="26" v3="27" />
                <face v1="27" v2="25" v3="24" />
                <face v1="26" v2="28" v3="29" />
                <face v1="29" v2="27" v3="26" />
                <face v1="30" v2="16" v3="19" />
                <face v1="19" v2="31" v3="30" />
            </faces>
            <geometry vertexcount="32">
                <vertexbuffer positions="true" normals="true" colours_diffuse="true" texture_coord_dimensions_0="float2" texture_coords="1">
                    <vertex>
                        <position x="0.704971" y="-42.8189" z="10.349" />
                        <normal x="0.733127" y="-0.680081" z="0.00390666" />
                        <colour_diffuse value="1 1 1 1" />
                        <texcoord u="0.750826" v="0.962032" />
                    </vertex>
                    <vertex>
                        <position x="-1.76218" y="-39.7506" z="18.4839" />
                        <normal x="0.48972" y="-0.393079" z="0.778244" />
                        <colour_diffuse value="1 1 1 1" />
                        <texcoord u="0.620874" v="0.961387" />
                    </vertex>
                    <vertex>
                        <position x="-145.439" y="-181.37" z="37.3646" />
                        <normal x="0.491961" y="-0.39572" z="0.775487" />
                        <colour_diffuse value="1 1 1 1" />
                        <texcoord u="0.399616" v="0.0409468" />
                    </vertex>
                    <vertex>
                        <position x="-137.259" y="-191.544" z="10.3922" />
                        <normal x="0.733128" y="-0.680084" z="-0.00304707" />
                        <colour_diffuse value="1 1 1 1" />
                        <texcoord u="0.250335" v="0.0435597" />
                    </vertex>
                    <vertex>
                        <position x="-7.44512" y="-33.0125" z="20.479" />
                        <normal x="-0.0530308" y="0.246465" z="0.9677" />
                        <colour_diffuse value="1 1 1 1" />
                        <texcoord u="0.663779" v="0.95872" />
                    </vertex>
                    <vertex>
                        <position x="-164.282" y="-159.029" z="43.9797" />
                        <normal x="-0.0539443" y="0.247542" z="0.967374" />
                        <colour_diffuse value="1 1 1 1" />
                        <texcoord u="0.543503" v="0.0301366" />
                    </vertex>
                    <vertex>
                        <position x="-12.0645" y="-27.6786" z="14.832" />
                        <normal x="-0.488117" y="0.758966" z="0.430943" />
                        <colour_diffuse value="1 1 1 1" />
                        <texcoord u="0.722004" v="0.95604" />
                    </vertex>
                    <vertex>
                        <position x="-179.598" y="-141.344" z="25.2561" />
                        <normal x="-0.489855" y="0.761013" z="0.425325" />
                        <colour_diffuse value="1 1 1 1" />
                        <texcoord u="0.681932" v="0.0192698" />
                    </vertex>
                    <vertex>
                        <position x="-12.1417" y="-27.7654" z="5.79514" />
                        <normal x="-0.488325" y="0.758973" z="-0.430695" />
                        <colour_diffuse value="1 1 1 1" />
                        <texcoord u="0.782822" v="0.955364" />
                    </vertex>
                    <vertex>
                        <position x="-179.854" y="-141.632" z="-4.70688" />
                        <normal x="-0.486545" y="0.756874" z="-0.436366" />
                        <colour_diffuse value="1 1 1 1" />
                        <texcoord u="0.818477" v="0.0165291" />
                    </vertex>
                    <vertex>
                        <position x="-7.61879" y="-33.2075" z="0.173432" />
                        <normal x="-0.0516565" y="0.244308" z="-0.968321" />
                        <colour_diffuse value="1 1 1 1" />
                        <texcoord u="0.841061" v="0.957201" />
                    </vertex>
                    <vertex>
                        <position x="-164.858" y="-159.676" z="-23.3465" />
                        <normal x="-0.0506178" y="0.243084" z="-0.968684" />
                        <colour_diffuse value="1 1 1 1" />
                        <texcoord u="0.957164" v="0.0239784" />
                    </vertex>
                    <vertex>
                        <position x="-1.90146" y="-39.907" z="2.2001" />
                        <normal x="0.492663" y="-0.396979" z="-0.774397" />
                        <colour_diffuse value="1 1 1 1" />
                        <texcoord u="0.883796" v="0.960169" />
                    </vertex>
                    <vertex>
                        <position x="-145.901" y="-181.889" z="-16.6268" />
                        <normal x="0.490517" y="-0.394451" z="-0.777047" />
                        <colour_diffuse value="1 1 1 1" />
                        <texcoord u="1.10113" v="0.0360085" />
                    </vertex>
                    <vertex>
                        <position x="-1.90146" y="-39.907" z="2.2001" />
                        <normal x="0.492663" y="-0.396979" z="-0.774397" />
                        <colour_diffuse value="1 1 1 1" />
                        <texcoord u="-0.116204" v="0.960169" />
                    </vertex>
                    <vertex>
                        <position x="-145.901" y="-181.889" z="-16.6268" />
                        <normal x="0.490517" y="-0.394451" z="-0.777047" />
                        <colour_diffuse value="1 1 1 1" />
                        <texcoord u="0.101126" v="0.0360085" />
                    </vertex>
                    <vertex>
                        <position x="-0.117775" y="-43.4809" z="10.349" />
                        <normal x="0.693777" y="-0.720175" z="0.0045657" />
                        <colour_diffuse value="1 1 1 1" />
                        <texcoord u="0.750826" v="0.962032" />
                    </vertex>
                    <vertex>
                        <position x="-2.58495" y="-40.4125" z="18.4839" />
                        <normal x="0.44822" y="-0.431705" z="0.782771" />
                        <colour_diffuse value="1 1 1 1" />
                        <texcoord u="0.620874" v="0.961387" />
                    </vertex>
                    <vertex>
                        <position x="-157.759" y="-183.147" z="28.6066" />
                        <normal x="0.452398" y="-0.436699" z="0.77758" />
                        <colour_diffuse value="1 1 1 1" />
                        <texcoord u="0.404694" v="0.0895121" />
                    </vertex>
                    <vertex>
                        <position x="-152.292" y="-190.069" z="10.3721" />
                        <normal x="0.693781" y="-0.720184" z="-0.00169954" />
                        <colour_diffuse value="1 1 1 1" />
                        <texcoord u="0.250372" v="0.0908594" />
                    </vertex>
                    <vertex>
                        <position x="-8.26787" y="-33.6745" z="20.479" />
                        <normal x="-0.0983408" y="0.21002" z="0.972739" />
                        <colour_diffuse value="1 1 1 1" />
                        <texcoord u="0.663779" v="0.95872" />
                    </vertex>
                    <vertex>
                        <position x="-170.3" y="-167.902" z="33.0786" />
                        <normal x="-0.0961141" y="0.207373" z="0.973529" />
                        <colour_diffuse value="1 1 1 1" />
                        <texcoord u="0.549046" v="0.0833169" />
                    </vertex>
                    <vertex>
                        <position x="-12.8872" y="-28.3406" z="14.832" />
                        <normal x="-0.536346" y="0.724105" z="0.433594" />
                        <colour_diffuse value="1 1 1 1" />
                        <texcoord u="0.722004" v="0.95604" />
                    </vertex>
                    <vertex>
                        <position x="-180.47" y="-155.815" z="20.4207" />
                        <normal x="-0.537415" y="0.725364" z="0.430155" />
                        <colour_diffuse value="1 1 1 1" />
                        <texcoord u="0.684166" v="0.0769392" />
                    </vertex>
                    <vertex>
                        <position x="-12.9645" y="-28.4274" z="5.79514" />
                        <normal x="-0.536811" y="0.724587" z="-0.432213" />
                        <colour_diffuse value="1 1 1 1" />
                        <texcoord u="0.782822" v="0.955364" />
                    </vertex>
                    <vertex>
                        <position x="-180.612" y="-155.988" z="0.164593" />
                        <normal x="-0.534567" y="0.721956" z="-0.439338" />
                        <colour_diffuse value="1 1 1 1" />
                        <texcoord u="0.816194" v="0.0751816" />
                    </vertex>
                    <vertex>
                        <position x="-8.44153" y="-33.8695" z="0.173434" />
                        <normal x="-0.0969588" y="0.208208" z="-0.973267" />
                        <colour_diffuse value="1 1 1 1" />
                        <texcoord u="0.841061" v="0.957201" />
                    </vertex>
                    <vertex>
                        <position x="-170.619" y="-168.289" z="-12.4365" />
                        <normal x="-0.0928207" y="0.203423" z="-0.974681" />
                        <colour_diffuse value="1 1 1 1" />
                        <texcoord u="0.95161" v="0.0793674" />
                    </vertex>
                    <vertex>
                        <position x="-2.72423" y="-40.569" z="2.2001" />
                        <normal x="0.451705" y="-0.435998" z="-0.778376" />
                        <colour_diffuse value="1 1 1 1" />
                        <texcoord u="0.883796" v="0.960169" />
                    </vertex>
                    <vertex>
                        <position x="-158.015" y="-183.457" z="-7.89373" />
                        <normal x="0.45201" y="-0.436248" z="-0.778059" />
                        <colour_diffuse value="1 1 1 1" />
                        <texcoord u="1.0961" v="0.086345" />
                    </vertex>
                    <vertex>
                        <position x="-2.72423" y="-40.569" z="2.2001" />
                        <normal x="0.451705" y="-0.435998" z="-0.778376" />
                        <colour_diffuse value="1 1 1 1" />
                        <texcoord u="-0.116204" v="0.960169" />
                    </vertex>
                    <vertex>
                        <position x="-158.015" y="-183.457" z="-7.89373" />
                        <normal x="0.45201" y="-0.436248" z="-0.778059" />
                        <colour_diffuse value="1 1 1 1" />
                        <texcoord u="0.0961021" v="0.086345" />
                    </vertex>
                </vertexbuffer>
            </geometry>
        </submesh>
        <submesh material="spot_couleur/light_vert" usesharedvertices="false" use32bitindexes="false" operationtype="triangle_list">
            <faces count="28">
                <face v1="0" v2="1" v3="2" />
                <face v1="2" v2="3" v3="0" />
                <face v1="1" v2="4" v3="5" />
                <face v1="5" v2="2" v3="1" />
                <face v1="4" v2="6" v3="7" />
                <face v1="7" v2="5" v3="4" />
                <face v1="6" v2="8" v3="9" />
                <face v1="9" v2="7" v3="6" />
                <face v1="8" v2="10" v3="11" />
                <face v1="11" v2="9" v3="8" />
                <face v1="10" v2="12" v3="13" />
                <face v1="13" v2="11" v3="10" />
                <face v1="14" v2="0" v3="3" />
                <face v1="3" v2="15" v3="14" />
                <face v1="16" v2="17" v3="18" />
                <face v1="18" v2="19" v3="16" />
                <face v1="17" v2="20" v3="21" />
                <face v1="21" v2="18" v3="17" />
                <face v1="20" v2="22" v3="23" />
                <face v1="23" v2="21" v3="20" />
                <face v1="22" v2="24" v3="25" />
                <face v1="25" v2="23" v3="22" />
                <face v1="24" v2="26" v3="27" />
                <face v1="27" v2="25" v3="24" />
                <face v1="26" v2="28" v3="29" />
                <face v1="29" v2="27" v3="26" />
                <face v1="30" v2="16" v3="19" />
                <face v1="19" v2="31" v3="30" />
            </faces>
            <geometry vertexcount="32">
                <vertexbuffer positions="true" normals="true" colours_diffuse="true" texture_coord_dimensions_0="float2" texture_coords="1">
                    <vertex>
                        <position x="0.704963" y="-42.8189" z="31.1139" />
                        <normal x="0.733127" y="-0.680081" z="0.00390676" />
                        <colour_diffuse value="1 1 1 1" />
                        <texcoord u="0.750826" v="0.962032" />
                    </vertex>
                    <vertex>
                        <position x="-1.76218" y="-39.7506" z="39.2488" />
                        <normal x="0.48972" y="-0.393079" z="0.778244" />
                        <colour_diffuse value="1 1 1 1" />
                        <texcoord u="0.620874" v="0.961387" />
                    </vertex>
                    <vertex>
                        <position x="-145.439" y="-181.37" z="58.1295" />
                        <normal x="0.491961" y="-0.39572" z="0.775487" />
                        <colour_diffuse value="1 1 1 1" />
                        <texcoord u="0.399616" v="0.0409468" />
                    </vertex>
                    <vertex>
                        <position x="-137.259" y="-191.544" z="31.1571" />
                        <normal x="0.733128" y="-0.680084" z="-0.00304657" />
                        <colour_diffuse value="1 1 1 1" />
                        <texcoord u="0.250335" v="0.0435597" />
                    </vertex>
                    <vertex>
                        <position x="-7.44513" y="-33.0125" z="41.2439" />
                        <normal x="-0.0530309" y="0.246465" z="0.9677" />
                        <colour_diffuse value="1 1 1 1" />
                        <texcoord u="0.663779" v="0.95872" />
                    </vertex>
                    <vertex>
                        <position x="-164.282" y="-159.029" z="64.7446" />
                        <normal x="-0.0539443" y="0.247542" z="0.967374" />
                        <colour_diffuse value="1 1 1 1" />
                        <texcoord u="0.543503" v="0.0301366" />
                    </vertex>
                    <vertex>
                        <position x="-12.0645" y="-27.6786" z="35.5969" />
                        <normal x="-0.488117" y="0.758967" z="0.430943" />
                        <colour_diffuse value="1 1 1 1" />
                        <texcoord u="0.722004" v="0.95604" />
                    </vertex>
                    <vertex>
                        <position x="-179.598" y="-141.344" z="46.021" />
                        <normal x="-0.489855" y="0.761013" z="0.425325" />
                        <colour_diffuse value="1 1 1 1" />
                        <texcoord u="0.681932" v="0.0192698" />
                    </vertex>
                    <vertex>
                        <position x="-12.1418" y="-27.7654" z="26.56" />
                        <normal x="-0.488326" y="0.758973" z="-0.430695" />
                        <colour_diffuse value="1 1 1 1" />
                        <texcoord u="0.782822" v="0.955364" />
                    </vertex>
                    <vertex>
                        <position x="-179.854" y="-141.632" z="16.058" />
                        <normal x="-0.486545" y="0.756874" z="-0.436366" />
                        <colour_diffuse value="1 1 1 1" />
                        <texcoord u="0.818477" v="0.0165291" />
                    </vertex>
                    <vertex>
                        <position x="-7.6188" y="-33.2075" z="20.9383" />
                        <normal x="-0.0516565" y="0.244308" z="-0.968321" />
                        <colour_diffuse value="1 1 1 1" />
                        <texcoord u="0.841061" v="0.957201" />
                    </vertex>
                    <vertex>
                        <position x="-164.858" y="-159.676" z="-2.58164" />
                        <normal x="-0.0506178" y="0.243084" z="-0.968684" />
                        <colour_diffuse value="1 1 1 1" />
                        <texcoord u="0.957164" v="0.0239784" />
                    </vertex>
                    <vertex>
                        <position x="-1.90146" y="-39.907" z="22.965" />
                        <normal x="0.492663" y="-0.396979" z="-0.774397" />
                        <colour_diffuse value="1 1 1 1" />
                        <texcoord u="0.883796" v="0.960169" />
                    </vertex>
                    <vertex>
                        <position x="-145.901" y="-181.889" z="4.13809" />
                        <normal x="0.490517" y="-0.394451" z="-0.777047" />
                        <colour_diffuse value="1 1 1 1" />
                        <texcoord u="1.10113" v="0.0360085" />
                    </vertex>
                    <vertex>
                        <position x="-1.90146" y="-39.907" z="22.965" />
                        <normal x="0.492663" y="-0.396979" z="-0.774397" />
                        <colour_diffuse value="1 1 1 1" />
                        <texcoord u="-0.116204" v="0.960169" />
                    </vertex>
                    <vertex>
                        <position x="-145.901" y="-181.889" z="4.13809" />
                        <normal x="0.490517" y="-0.394451" z="-0.777047" />
                        <colour_diffuse value="1 1 1 1" />
                        <texcoord u="0.101126" v="0.0360085" />
                    </vertex>
                    <vertex>
                        <position x="-0.117783" y="-43.4809" z="31.1139" />
                        <normal x="0.693777" y="-0.720175" z="0.00456576" />
                        <colour_diffuse value="1 1 1 1" />
                        <texcoord u="0.750826" v="0.962032" />
                    </vertex>
                    <vertex>
                        <position x="-2.58495" y="-40.4125" z="39.2488" />
                        <normal x="0.44822" y="-0.431705" z="0.78277" />
                        <colour_diffuse value="1 1 1 1" />
                        <texcoord u="0.620874" v="0.961387" />
                    </vertex>
                    <vertex>
                        <position x="-157.759" y="-183.147" z="49.3714" />
                        <normal x="0.452398" y="-0.436698" z="0.77758" />
                        <colour_diffuse value="1 1 1 1" />
                        <texcoord u="0.404694" v="0.0895121" />
                    </vertex>
                    <vertex>
                        <position x="-152.292" y="-190.069" z="31.137" />
                        <normal x="0.693781" y="-0.720184" z="-0.0016988" />
                        <colour_diffuse value="1 1 1 1" />
                        <texcoord u="0.250372" v="0.0908594" />
                    </vertex>
                    <vertex>
                        <position x="-8.26787" y="-33.6745" z="41.2439" />
                        <normal x="-0.0983409" y="0.210021" z="0.972739" />
                        <colour_diffuse value="1 1 1 1" />
                        <texcoord u="0.663779" v="0.95872" />
                    </vertex>
                    <vertex>
                        <position x="-170.3" y="-167.902" z="53.8435" />
                        <normal x="-0.0961141" y="0.207373" z="0.973529" />
                        <colour_diffuse value="1 1 1 1" />
                        <texcoord u="0.549046" v="0.0833169" />
                    </vertex>
                    <vertex>
                        <position x="-12.8872" y="-28.3406" z="35.5969" />
                        <normal x="-0.536346" y="0.724105" z="0.433594" />
                        <colour_diffuse value="1 1 1 1" />
                        <texcoord u="0.722004" v="0.95604" />
                    </vertex>
                    <vertex>
                        <position x="-180.47" y="-155.815" z="41.1856" />
                        <normal x="-0.537415" y="0.725364" z="0.430155" />
                        <colour_diffuse value="1 1 1 1" />
                        <texcoord u="0.684166" v="0.0769392" />
                    </vertex>
                    <vertex>
                        <position x="-12.9645" y="-28.4274" z="26.56" />
                        <normal x="-0.536811" y="0.724587" z="-0.432213" />
                        <colour_diffuse value="1 1 1 1" />
                        <texcoord u="0.782822" v="0.955364" />
                    </vertex>
                    <vertex>
                        <position x="-180.612" y="-155.988" z="20.9295" />
                        <normal x="-0.534567" y="0.721956" z="-0.439338" />
                        <colour_diffuse value="1 1 1 1" />
                        <texcoord u="0.816194" v="0.0751816" />
                    </vertex>
                    <vertex>
                        <position x="-8.44154" y="-33.8695" z="20.9383" />
                        <normal x="-0.0969587" y="0.208208" z="-0.973267" />
                        <colour_diffuse value="1 1 1 1" />
                        <texcoord u="0.841061" v="0.957201" />
                    </vertex>
                    <vertex>
                        <position x="-170.619" y="-168.289" z="8.32837" />
                        <normal x="-0.0928206" y="0.203423" z="-0.974681" />
                        <colour_diffuse value="1 1 1 1" />
                        <texcoord u="0.95161" v="0.0793674" />
                    </vertex>
                    <vertex>
                        <position x="-2.72423" y="-40.569" z="22.965" />
                        <normal x="0.451705" y="-0.435998" z="-0.778375" />
                        <colour_diffuse value="1 1 1 1" />
                        <texcoord u="0.883796" v="0.960169" />
                    </vertex>
                    <vertex>
                        <position x="-158.015" y="-183.457" z="12.8712" />
                        <normal x="0.45201" y="-0.436248" z="-0.778058" />
                        <colour_diffuse value="1 1 1 1" />
                        <texcoord u="1.0961" v="0.086345" />
                    </vertex>
                    <vertex>
                        <position x="-2.72423" y="-40.569" z="22.965" />
                        <normal x="0.451705" y="-0.435998" z="-0.778375" />
                        <colour_diffuse value="1 1 1 1" />
                        <texcoord u="-0.116204" v="0.960169" />
                    </vertex>
                    <vertex>
                        <position x="-158.015" y="-183.457" z="12.8712" />
                        <normal x="0.45201" y="-0.436248" z="-0.778058" />
                        <colour_diffuse value="1 1 1 1" />
                        <texcoord u="0.0961021" v="0.086345" />
                    </vertex>
                </vertexbuffer>
            </geometry>
        </submesh>
    </submeshes>
    <submeshnames>
        <submeshname name="spot_couleur/metal" index="0" />
        <submeshname name="spot_couleur/lumiere" index="1" />
        <submeshname name="spot_couleur/light_bleu" index="3" />
        <submeshname name="spot_couleur/light_rouge" index="2" />
        <submeshname name="spot_couleur/light" index="4" />
        <submeshname name="spot_couleur/light_vert" index="5" />
    </submeshnames>
</mesh>
