<mesh>
    <submeshes>
        <submesh material="table_basse_verre/table_bar_fer_forge" usesharedvertices="false" use32bitindexes="false" operationtype="triangle_list">
            <faces count="72">
                <face v1="0" v2="1" v3="2" />
                <face v1="2" v2="3" v3="0" />
                <face v1="4" v2="5" v3="6" />
                <face v1="6" v2="7" v3="4" />
                <face v1="8" v2="9" v3="10" />
                <face v1="10" v2="11" v3="8" />
                <face v1="12" v2="13" v3="14" />
                <face v1="14" v2="15" v3="12" />
                <face v1="16" v2="17" v3="18" />
                <face v1="18" v2="19" v3="16" />
                <face v1="20" v2="21" v3="22" />
                <face v1="22" v2="23" v3="20" />
                <face v1="24" v2="25" v3="26" />
                <face v1="26" v2="27" v3="24" />
                <face v1="28" v2="29" v3="30" />
                <face v1="30" v2="31" v3="28" />
                <face v1="32" v2="33" v3="34" />
                <face v1="34" v2="35" v3="32" />
                <face v1="33" v2="36" v3="37" />
                <face v1="37" v2="34" v3="33" />
                <face v1="36" v2="38" v3="39" />
                <face v1="39" v2="37" v3="36" />
                <face v1="38" v2="32" v3="35" />
                <face v1="35" v2="39" v3="38" />
                <face v1="40" v2="41" v3="42" />
                <face v1="42" v2="43" v3="40" />
                <face v1="41" v2="44" v3="45" />
                <face v1="45" v2="42" v3="41" />
                <face v1="44" v2="46" v3="47" />
                <face v1="47" v2="45" v3="44" />
                <face v1="46" v2="40" v3="43" />
                <face v1="43" v2="47" v3="46" />
                <face v1="48" v2="49" v3="50" />
                <face v1="50" v2="51" v3="48" />
                <face v1="52" v2="53" v3="54" />
                <face v1="54" v2="55" v3="52" />
                <face v1="56" v2="57" v3="58" />
                <face v1="58" v2="59" v3="56" />
                <face v1="60" v2="61" v3="62" />
                <face v1="62" v2="63" v3="60" />
                <face v1="64" v2="65" v3="66" />
                <face v1="66" v2="67" v3="64" />
                <face v1="68" v2="69" v3="70" />
                <face v1="70" v2="71" v3="68" />
                <face v1="72" v2="73" v3="74" />
                <face v1="74" v2="75" v3="72" />
                <face v1="76" v2="77" v3="78" />
                <face v1="78" v2="79" v3="76" />
                <face v1="80" v2="81" v3="82" />
                <face v1="82" v2="83" v3="80" />
                <face v1="84" v2="85" v3="86" />
                <face v1="86" v2="87" v3="84" />
                <face v1="88" v2="89" v3="90" />
                <face v1="90" v2="91" v3="88" />
                <face v1="92" v2="93" v3="94" />
                <face v1="94" v2="95" v3="92" />
                <face v1="96" v2="97" v3="98" />
                <face v1="98" v2="99" v3="96" />
                <face v1="100" v2="101" v3="102" />
                <face v1="102" v2="103" v3="100" />
                <face v1="104" v2="105" v3="106" />
                <face v1="106" v2="107" v3="104" />
                <face v1="108" v2="109" v3="110" />
                <face v1="110" v2="111" v3="108" />
                <face v1="112" v2="113" v3="114" />
                <face v1="114" v2="115" v3="112" />
                <face v1="116" v2="117" v3="118" />
                <face v1="118" v2="119" v3="116" />
                <face v1="120" v2="121" v3="122" />
                <face v1="122" v2="123" v3="120" />
                <face v1="124" v2="125" v3="126" />
                <face v1="126" v2="127" v3="124" />
            </faces>
            <geometry vertexcount="128">
                <vertexbuffer positions="true" normals="true" colours_diffuse="true" texture_coord_dimensions_0="float2" texture_coords="1">
                    <vertex>
                        <position x="56.1547" y="43.6613" z="82.8626" />
                        <normal x="1" y="0" z="-6.90546e-008" />
                        <colour_diffuse value="1 1 1 1" />
                        <texcoord u="0.000499547" v="0.9995" />
                    </vertex>
                    <vertex>
                        <position x="56.1547" y="43.6613" z="-82.8626" />
                        <normal x="1" y="-0" z="-6.90546e-008" />
                        <colour_diffuse value="1 1 1 1" />
                        <texcoord u="0.9995" v="0.9995" />
                    </vertex>
                    <vertex>
                        <position x="56.1547" y="47.8455" z="-82.8626" />
                        <normal x="1" y="0" z="-6.90546e-008" />
                        <colour_diffuse value="1 1 1 1" />
                        <texcoord u="0.9995" v="0.000499368" />
                    </vertex>
                    <vertex>
                        <position x="56.1547" y="47.8455" z="82.8626" />
                        <normal x="1" y="0" z="-6.90546e-008" />
                        <colour_diffuse value="1 1 1 1" />
                        <texcoord u="0.000499547" v="0.000499368" />
                    </vertex>
                    <vertex>
                        <position x="56.1547" y="43.6613" z="-82.8626" />
                        <normal x="0" y="0" z="-1" />
                        <colour_diffuse value="1 1 1 1" />
                        <texcoord u="0.000499517" v="0.9995" />
                    </vertex>
                    <vertex>
                        <position x="-56.1547" y="43.6613" z="-82.8626" />
                        <normal x="0" y="0" z="-1" />
                        <colour_diffuse value="1 1 1 1" />
                        <texcoord u="0.9995" v="0.9995" />
                    </vertex>
                    <vertex>
                        <position x="-56.1547" y="47.8455" z="-82.8626" />
                        <normal x="0" y="0" z="-1" />
                        <colour_diffuse value="1 1 1 1" />
                        <texcoord u="0.9995" v="0.000499368" />
                    </vertex>
                    <vertex>
                        <position x="56.1547" y="47.8455" z="-82.8626" />
                        <normal x="0" y="0" z="-1" />
                        <colour_diffuse value="1 1 1 1" />
                        <texcoord u="0.000499517" v="0.000499368" />
                    </vertex>
                    <vertex>
                        <position x="-56.1547" y="43.6613" z="-82.8626" />
                        <normal x="-1" y="0" z="6.90546e-008" />
                        <colour_diffuse value="1 1 1 1" />
                        <texcoord u="0.000499547" v="0.9995" />
                    </vertex>
                    <vertex>
                        <position x="-56.1547" y="43.6613" z="82.8626" />
                        <normal x="-1" y="0" z="6.90546e-008" />
                        <colour_diffuse value="1 1 1 1" />
                        <texcoord u="0.9995" v="0.9995" />
                    </vertex>
                    <vertex>
                        <position x="-56.1547" y="47.8455" z="82.8626" />
                        <normal x="-1" y="0" z="6.90546e-008" />
                        <colour_diffuse value="1 1 1 1" />
                        <texcoord u="0.9995" v="0.000499368" />
                    </vertex>
                    <vertex>
                        <position x="-56.1547" y="47.8455" z="-82.8626" />
                        <normal x="-1" y="-0" z="6.90546e-008" />
                        <colour_diffuse value="1 1 1 1" />
                        <texcoord u="0.000499547" v="0.000499368" />
                    </vertex>
                    <vertex>
                        <position x="-56.1547" y="43.6613" z="82.8626" />
                        <normal x="0" y="0" z="1" />
                        <colour_diffuse value="1 1 1 1" />
                        <texcoord u="0.000499517" v="0.9995" />
                    </vertex>
                    <vertex>
                        <position x="56.1547" y="43.6613" z="82.8626" />
                        <normal x="0" y="0" z="1" />
                        <colour_diffuse value="1 1 1 1" />
                        <texcoord u="0.9995" v="0.9995" />
                    </vertex>
                    <vertex>
                        <position x="56.1547" y="47.8455" z="82.8626" />
                        <normal x="0" y="0" z="1" />
                        <colour_diffuse value="1 1 1 1" />
                        <texcoord u="0.9995" v="0.000499368" />
                    </vertex>
                    <vertex>
                        <position x="-56.1547" y="47.8455" z="82.8626" />
                        <normal x="0" y="0" z="1" />
                        <colour_diffuse value="1 1 1 1" />
                        <texcoord u="0.000499517" v="0.000499368" />
                    </vertex>
                    <vertex>
                        <position x="28.6356" y="-0.000141095" z="-49.5057" />
                        <normal x="0.528662" y="0.848832" z="-2.65637e-007" />
                        <colour_diffuse value="1 1 1 1" />
                        <texcoord u="0" v="1" />
                    </vertex>
                    <vertex>
                        <position x="28.6356" y="-0.000141095" z="-56.6679" />
                        <normal x="0.528662" y="0.848832" z="-2.81575e-007" />
                        <colour_diffuse value="1 1 1 1" />
                        <texcoord u="1" v="1" />
                    </vertex>
                    <vertex>
                        <position x="-45.969" y="46.4644" z="-78.2216" />
                        <normal x="0.528662" y="0.848832" z="-1.59385e-008" />
                        <colour_diffuse value="1 1 1 1" />
                        <texcoord u="1" v="0" />
                    </vertex>
                    <vertex>
                        <position x="-45.969" y="46.4644" z="-71.0595" />
                        <normal x="0.528662" y="0.848832" z="0" />
                        <colour_diffuse value="1 1 1 1" />
                        <texcoord u="0" v="0" />
                    </vertex>
                    <vertex>
                        <position x="28.6356" y="-0.000141095" z="-56.6679" />
                        <normal x="0" y="-0.420804" z="-0.907152" />
                        <colour_diffuse value="1 1 1 1" />
                        <texcoord u="0" v="1" />
                    </vertex>
                    <vertex>
                        <position x="23.2423" y="-0.000141095" z="-56.6679" />
                        <normal x="0" y="-0.420804" z="-0.907152" />
                        <colour_diffuse value="1 1 1 1" />
                        <texcoord u="1" v="1" />
                    </vertex>
                    <vertex>
                        <position x="-51.3624" y="46.4644" z="-78.2216" />
                        <normal x="0" y="-0.420804" z="-0.907152" />
                        <colour_diffuse value="1 1 1 1" />
                        <texcoord u="1" v="0" />
                    </vertex>
                    <vertex>
                        <position x="-45.969" y="46.4644" z="-78.2216" />
                        <normal x="0" y="-0.420804" z="-0.907152" />
                        <colour_diffuse value="1 1 1 1" />
                        <texcoord u="0" v="0" />
                    </vertex>
                    <vertex>
                        <position x="23.2423" y="-0.000141095" z="-56.6679" />
                        <normal x="-0.528662" y="-0.848833" z="-5.50996e-007" />
                        <colour_diffuse value="1 1 1 1" />
                        <texcoord u="0" v="1" />
                    </vertex>
                    <vertex>
                        <position x="23.2423" y="-0.000141095" z="-49.5057" />
                        <normal x="-0.528662" y="-0.848833" z="-5.6315e-007" />
                        <colour_diffuse value="1 1 1 1" />
                        <texcoord u="1" v="1" />
                    </vertex>
                    <vertex>
                        <position x="-51.3624" y="46.4644" z="-71.0595" />
                        <normal x="-0.528662" y="-0.848832" z="-2.9373e-007" />
                        <colour_diffuse value="1 1 1 1" />
                        <texcoord u="1" v="0" />
                    </vertex>
                    <vertex>
                        <position x="-51.3624" y="46.4644" z="-78.2216" />
                        <normal x="-0.528662" y="-0.848832" z="-2.81575e-007" />
                        <colour_diffuse value="1 1 1 1" />
                        <texcoord u="0" v="0" />
                    </vertex>
                    <vertex>
                        <position x="23.2423" y="-0.000141095" z="-49.5057" />
                        <normal x="0" y="0.420804" z="0.907151" />
                        <colour_diffuse value="1 1 1 1" />
                        <texcoord u="0" v="1" />
                    </vertex>
                    <vertex>
                        <position x="28.6356" y="-0.000141095" z="-49.5057" />
                        <normal x="0" y="0.420804" z="0.907151" />
                        <colour_diffuse value="1 1 1 1" />
                        <texcoord u="1" v="1" />
                    </vertex>
                    <vertex>
                        <position x="-45.969" y="46.4644" z="-71.0595" />
                        <normal x="0" y="0.420804" z="0.907151" />
                        <colour_diffuse value="1 1 1 1" />
                        <texcoord u="1" v="0" />
                    </vertex>
                    <vertex>
                        <position x="-51.3624" y="46.4644" z="-71.0595" />
                        <normal x="0" y="0.420804" z="0.907151" />
                        <colour_diffuse value="1 1 1 1" />
                        <texcoord u="0" v="0" />
                    </vertex>
                    <vertex>
                        <position x="-51.2726" y="43.6613" z="78.1947" />
                        <normal x="0" y="-1" z="0" />
                        <colour_diffuse value="1 1 1 1" />
                        <texcoord u="0.956074" v="0.971362" />
                    </vertex>
                    <vertex>
                        <position x="51.2726" y="43.6613" z="78.1947" />
                        <normal x="0" y="-1" z="0" />
                        <colour_diffuse value="1 1 1 1" />
                        <texcoord u="0.0439259" v="0.971362" />
                    </vertex>
                    <vertex>
                        <position x="56.1547" y="43.6613" z="82.8626" />
                        <normal x="0" y="-1" z="0" />
                        <colour_diffuse value="1 1 1 1" />
                        <texcoord u="0.000499964" v="0.9995" />
                    </vertex>
                    <vertex>
                        <position x="-56.1547" y="43.6613" z="82.8626" />
                        <normal x="0" y="-1" z="-0" />
                        <colour_diffuse value="1 1 1 1" />
                        <texcoord u="0.999501" v="0.9995" />
                    </vertex>
                    <vertex>
                        <position x="51.2726" y="43.6613" z="-78.1947" />
                        <normal x="0" y="-1" z="-0" />
                        <colour_diffuse value="1 1 1 1" />
                        <texcoord u="0.0439255" v="0.0286379" />
                    </vertex>
                    <vertex>
                        <position x="56.1547" y="43.6613" z="-82.8626" />
                        <normal x="0" y="-1" z="-0" />
                        <colour_diffuse value="1 1 1 1" />
                        <texcoord u="0.000499517" v="0.000499666" />
                    </vertex>
                    <vertex>
                        <position x="-51.2726" y="43.6613" z="-78.1947" />
                        <normal x="0" y="-1" z="-0" />
                        <colour_diffuse value="1 1 1 1" />
                        <texcoord u="0.956074" v="0.0286378" />
                    </vertex>
                    <vertex>
                        <position x="-56.1547" y="43.6613" z="-82.8626" />
                        <normal x="0" y="-1" z="-0" />
                        <colour_diffuse value="1 1 1 1" />
                        <texcoord u="0.9995" v="0.000499547" />
                    </vertex>
                    <vertex>
                        <position x="51.2726" y="47.8455" z="-78.1947" />
                        <normal x="-0" y="1" z="0" />
                        <colour_diffuse value="1 1 1 1" />
                        <texcoord u="0.956074" v="0.0286379" />
                    </vertex>
                    <vertex>
                        <position x="51.2726" y="47.8455" z="78.1947" />
                        <normal x="-0" y="1" z="0" />
                        <colour_diffuse value="1 1 1 1" />
                        <texcoord u="0.956074" v="0.971362" />
                    </vertex>
                    <vertex>
                        <position x="56.1547" y="47.8455" z="82.8626" />
                        <normal x="-0" y="1" z="0" />
                        <colour_diffuse value="1 1 1 1" />
                        <texcoord u="0.9995" v="0.9995" />
                    </vertex>
                    <vertex>
                        <position x="56.1547" y="47.8455" z="-82.8626" />
                        <normal x="0" y="1" z="-0" />
                        <colour_diffuse value="1 1 1 1" />
                        <texcoord u="0.999501" v="0.000499666" />
                    </vertex>
                    <vertex>
                        <position x="-51.2726" y="47.8455" z="78.1947" />
                        <normal x="-0" y="1" z="-0" />
                        <colour_diffuse value="1 1 1 1" />
                        <texcoord u="0.0439255" v="0.971362" />
                    </vertex>
                    <vertex>
                        <position x="-56.1547" y="47.8455" z="82.8626" />
                        <normal x="-0" y="1" z="-0" />
                        <colour_diffuse value="1 1 1 1" />
                        <texcoord u="0.000499517" v="0.9995" />
                    </vertex>
                    <vertex>
                        <position x="-51.2726" y="47.8455" z="-78.1947" />
                        <normal x="0" y="1" z="-0" />
                        <colour_diffuse value="1 1 1 1" />
                        <texcoord u="0.0439259" v="0.0286378" />
                    </vertex>
                    <vertex>
                        <position x="-56.1547" y="47.8455" z="-82.8626" />
                        <normal x="0" y="1" z="-0" />
                        <colour_diffuse value="1 1 1 1" />
                        <texcoord u="0.000499964" v="0.000499547" />
                    </vertex>
                    <vertex>
                        <position x="51.2726" y="47.8455" z="-78.1947" />
                        <normal x="-1" y="0" z="7.31769e-008" />
                        <colour_diffuse value="1 1 1 1" />
                        <texcoord u="0.0286379" v="0.000499368" />
                    </vertex>
                    <vertex>
                        <position x="51.2726" y="43.6613" z="-78.1947" />
                        <normal x="-1" y="0" z="7.31769e-008" />
                        <colour_diffuse value="1 1 1 1" />
                        <texcoord u="0.0286379" v="0.9995" />
                    </vertex>
                    <vertex>
                        <position x="51.2726" y="43.6613" z="78.1947" />
                        <normal x="-1" y="0" z="7.31769e-008" />
                        <colour_diffuse value="1 1 1 1" />
                        <texcoord u="0.971362" v="0.9995" />
                    </vertex>
                    <vertex>
                        <position x="51.2726" y="47.8455" z="78.1947" />
                        <normal x="-1" y="-0" z="7.31769e-008" />
                        <colour_diffuse value="1 1 1 1" />
                        <texcoord u="0.971362" v="0.000499368" />
                    </vertex>
                    <vertex>
                        <position x="51.2726" y="47.8455" z="78.1947" />
                        <normal x="-7.44003e-008" y="0" z="-1" />
                        <colour_diffuse value="1 1 1 1" />
                        <texcoord u="0.0439259" v="0.000499368" />
                    </vertex>
                    <vertex>
                        <position x="51.2726" y="43.6613" z="78.1947" />
                        <normal x="-7.44003e-008" y="0" z="-1" />
                        <colour_diffuse value="1 1 1 1" />
                        <texcoord u="0.0439259" v="0.9995" />
                    </vertex>
                    <vertex>
                        <position x="-51.2726" y="43.6613" z="78.1947" />
                        <normal x="-7.44003e-008" y="0" z="-1" />
                        <colour_diffuse value="1 1 1 1" />
                        <texcoord u="0.956074" v="0.9995" />
                    </vertex>
                    <vertex>
                        <position x="-51.2726" y="47.8455" z="78.1947" />
                        <normal x="-7.44003e-008" y="0" z="-1" />
                        <colour_diffuse value="1 1 1 1" />
                        <texcoord u="0.956074" v="0.000499368" />
                    </vertex>
                    <vertex>
                        <position x="-51.2726" y="47.8455" z="78.1947" />
                        <normal x="1" y="0" z="-7.31769e-008" />
                        <colour_diffuse value="1 1 1 1" />
                        <texcoord u="0.0286379" v="0.000499368" />
                    </vertex>
                    <vertex>
                        <position x="-51.2726" y="43.6613" z="78.1947" />
                        <normal x="1" y="-0" z="-7.31769e-008" />
                        <colour_diffuse value="1 1 1 1" />
                        <texcoord u="0.0286379" v="0.9995" />
                    </vertex>
                    <vertex>
                        <position x="-51.2726" y="43.6613" z="-78.1947" />
                        <normal x="1" y="0" z="-7.31769e-008" />
                        <colour_diffuse value="1 1 1 1" />
                        <texcoord u="0.971362" v="0.9995" />
                    </vertex>
                    <vertex>
                        <position x="-51.2726" y="47.8455" z="-78.1947" />
                        <normal x="1" y="0" z="-7.31769e-008" />
                        <colour_diffuse value="1 1 1 1" />
                        <texcoord u="0.971362" v="0.000499368" />
                    </vertex>
                    <vertex>
                        <position x="-51.2726" y="47.8455" z="-78.1947" />
                        <normal x="7.44003e-008" y="0" z="1" />
                        <colour_diffuse value="1 1 1 1" />
                        <texcoord u="0.0439259" v="0.000499368" />
                    </vertex>
                    <vertex>
                        <position x="-51.2726" y="43.6613" z="-78.1947" />
                        <normal x="7.44003e-008" y="0" z="1" />
                        <colour_diffuse value="1 1 1 1" />
                        <texcoord u="0.0439259" v="0.9995" />
                    </vertex>
                    <vertex>
                        <position x="51.2726" y="43.6613" z="-78.1947" />
                        <normal x="7.44003e-008" y="0" z="1" />
                        <colour_diffuse value="1 1 1 1" />
                        <texcoord u="0.956074" v="0.9995" />
                    </vertex>
                    <vertex>
                        <position x="51.2726" y="47.8455" z="-78.1947" />
                        <normal x="7.44003e-008" y="0" z="1" />
                        <colour_diffuse value="1 1 1 1" />
                        <texcoord u="0.956074" v="0.000499368" />
                    </vertex>
                    <vertex>
                        <position x="-51.3624" y="46.4644" z="-78.2216" />
                        <normal x="0" y="1" z="-0" />
                        <colour_diffuse value="1 1 1 1" />
                        <texcoord u="1" v="0" />
                    </vertex>
                    <vertex>
                        <position x="-51.3624" y="46.4644" z="-71.0595" />
                        <normal x="0" y="1" z="-0" />
                        <colour_diffuse value="1 1 1 1" />
                        <texcoord u="1" v="0" />
                    </vertex>
                    <vertex>
                        <position x="-45.969" y="46.4644" z="-71.0595" />
                        <normal x="0" y="1" z="-0" />
                        <colour_diffuse value="1 1 1 1" />
                        <texcoord u="1" v="0" />
                    </vertex>
                    <vertex>
                        <position x="-45.969" y="46.4644" z="-78.2216" />
                        <normal x="0" y="1" z="-0" />
                        <colour_diffuse value="1 1 1 1" />
                        <texcoord u="1" v="0" />
                    </vertex>
                    <vertex>
                        <position x="-28.5939" y="-0.000141095" z="49.5211" />
                        <normal x="-0.528662" y="0.848832" z="-0" />
                        <colour_diffuse value="1 1 1 1" />
                        <texcoord u="0" v="1" />
                    </vertex>
                    <vertex>
                        <position x="-28.5939" y="-0.000141095" z="56.6833" />
                        <normal x="-0.528662" y="0.848832" z="-0" />
                        <colour_diffuse value="1 1 1 1" />
                        <texcoord u="1" v="1" />
                    </vertex>
                    <vertex>
                        <position x="46.0107" y="46.4644" z="78.237" />
                        <normal x="-0.528662" y="0.848832" z="-0" />
                        <colour_diffuse value="1 1 1 1" />
                        <texcoord u="1" v="0" />
                    </vertex>
                    <vertex>
                        <position x="46.0107" y="46.4644" z="71.0749" />
                        <normal x="-0.528662" y="0.848832" z="-0" />
                        <colour_diffuse value="1 1 1 1" />
                        <texcoord u="0" v="0" />
                    </vertex>
                    <vertex>
                        <position x="-28.5939" y="-0.000141095" z="56.6833" />
                        <normal x="6.85555e-008" y="-0.420804" z="0.907151" />
                        <colour_diffuse value="1 1 1 1" />
                        <texcoord u="0" v="1" />
                    </vertex>
                    <vertex>
                        <position x="-23.2006" y="-0.000141095" z="56.6833" />
                        <normal x="-0" y="-0.420804" z="0.907152" />
                        <colour_diffuse value="1 1 1 1" />
                        <texcoord u="1" v="1" />
                    </vertex>
                    <vertex>
                        <position x="51.404" y="46.4644" z="78.237" />
                        <normal x="1.2147e-006" y="-0.420806" z="0.907151" />
                        <colour_diffuse value="1 1 1 1" />
                        <texcoord u="1" v="0" />
                    </vertex>
                    <vertex>
                        <position x="46.0107" y="46.4644" z="78.237" />
                        <normal x="1.28325e-006" y="-0.420806" z="0.907151" />
                        <colour_diffuse value="1 1 1 1" />
                        <texcoord u="0" v="0" />
                    </vertex>
                    <vertex>
                        <position x="-23.2006" y="-0.000141095" z="56.6833" />
                        <normal x="0.528662" y="-0.848832" z="-3.64624e-008" />
                        <colour_diffuse value="1 1 1 1" />
                        <texcoord u="0" v="1" />
                    </vertex>
                    <vertex>
                        <position x="-23.2006" y="-0.000141095" z="49.5211" />
                        <normal x="0.528662" y="-0.848832" z="-0" />
                        <colour_diffuse value="1 1 1 1" />
                        <texcoord u="1" v="1" />
                    </vertex>
                    <vertex>
                        <position x="51.404" y="46.4644" z="71.0749" />
                        <normal x="0.528662" y="-0.848832" z="-8.08263e-007" />
                        <colour_diffuse value="1 1 1 1" />
                        <texcoord u="1" v="0" />
                    </vertex>
                    <vertex>
                        <position x="51.404" y="46.4644" z="78.237" />
                        <normal x="0.528662" y="-0.848832" z="-8.44726e-007" />
                        <colour_diffuse value="1 1 1 1" />
                        <texcoord u="0" v="0" />
                    </vertex>
                    <vertex>
                        <position x="-23.2006" y="-0.000141095" z="49.5211" />
                        <normal x="0" y="0.420804" z="-0.907151" />
                        <colour_diffuse value="1 1 1 1" />
                        <texcoord u="0" v="1" />
                    </vertex>
                    <vertex>
                        <position x="-28.5939" y="-0.000141095" z="49.5211" />
                        <normal x="-0" y="0.420804" z="-0.907151" />
                        <colour_diffuse value="1 1 1 1" />
                        <texcoord u="1" v="1" />
                    </vertex>
                    <vertex>
                        <position x="46.0107" y="46.4644" z="71.0749" />
                        <normal x="0" y="0.420804" z="-0.907151" />
                        <colour_diffuse value="1 1 1 1" />
                        <texcoord u="1" v="0" />
                    </vertex>
                    <vertex>
                        <position x="51.404" y="46.4644" z="71.0749" />
                        <normal x="0" y="0.420804" z="-0.907151" />
                        <colour_diffuse value="1 1 1 1" />
                        <texcoord u="0" v="0" />
                    </vertex>
                    <vertex>
                        <position x="51.404" y="46.4644" z="78.237" />
                        <normal x="0" y="1" z="-0" />
                        <colour_diffuse value="1 1 1 1" />
                        <texcoord u="1" v="0" />
                    </vertex>
                    <vertex>
                        <position x="51.404" y="46.4644" z="71.0749" />
                        <normal x="0" y="1" z="-0" />
                        <colour_diffuse value="1 1 1 1" />
                        <texcoord u="1" v="0" />
                    </vertex>
                    <vertex>
                        <position x="46.0107" y="46.4644" z="71.0749" />
                        <normal x="0" y="1" z="-0" />
                        <colour_diffuse value="1 1 1 1" />
                        <texcoord u="1" v="0" />
                    </vertex>
                    <vertex>
                        <position x="46.0107" y="46.4644" z="78.237" />
                        <normal x="0" y="1" z="-0" />
                        <colour_diffuse value="1 1 1 1" />
                        <texcoord u="1" v="0" />
                    </vertex>
                    <vertex>
                        <position x="28.279" y="-0.000141095" z="49.6339" />
                        <normal x="0.528662" y="0.848832" z="-1.32818e-007" />
                        <colour_diffuse value="1 1 1 1" />
                        <texcoord u="0" v="1" />
                    </vertex>
                    <vertex>
                        <position x="-46.3256" y="46.4644" z="71.1877" />
                        <normal x="0.528662" y="0.848832" z="-0" />
                        <colour_diffuse value="1 1 1 1" />
                        <texcoord u="0" v="0" />
                    </vertex>
                    <vertex>
                        <position x="-46.3256" y="46.4644" z="78.3498" />
                        <normal x="0.528662" y="0.848832" z="-7.96933e-009" />
                        <colour_diffuse value="1 1 1 1" />
                        <texcoord u="1" v="0" />
                    </vertex>
                    <vertex>
                        <position x="28.279" y="-0.000141095" z="56.7961" />
                        <normal x="0.528662" y="0.848832" z="-1.40788e-007" />
                        <colour_diffuse value="1 1 1 1" />
                        <texcoord u="1" v="1" />
                    </vertex>
                    <vertex>
                        <position x="28.279" y="-0.000141095" z="56.7961" />
                        <normal x="-6.85492e-008" y="-0.420804" z="0.907151" />
                        <colour_diffuse value="1 1 1 1" />
                        <texcoord u="0" v="1" />
                    </vertex>
                    <vertex>
                        <position x="-46.3256" y="46.4644" z="78.3498" />
                        <normal x="-1.28325e-006" y="-0.420806" z="0.907151" />
                        <colour_diffuse value="1 1 1 1" />
                        <texcoord u="0" v="0" />
                    </vertex>
                    <vertex>
                        <position x="-51.7189" y="46.4644" z="78.3498" />
                        <normal x="-1.21471e-006" y="-0.420806" z="0.907151" />
                        <colour_diffuse value="1 1 1 1" />
                        <texcoord u="1" v="0" />
                    </vertex>
                    <vertex>
                        <position x="22.8857" y="-0.000141095" z="56.7961" />
                        <normal x="0" y="-0.420804" z="0.907151" />
                        <colour_diffuse value="1 1 1 1" />
                        <texcoord u="1" v="1" />
                    </vertex>
                    <vertex>
                        <position x="22.8857" y="-0.000141095" z="56.7961" />
                        <normal x="-0.528662" y="-0.848832" z="-1.11415e-006" />
                        <colour_diffuse value="1 1 1 1" />
                        <texcoord u="0" v="1" />
                    </vertex>
                    <vertex>
                        <position x="-51.7189" y="46.4644" z="78.3498" />
                        <normal x="-0.528662" y="-0.848832" z="-8.44726e-007" />
                        <colour_diffuse value="1 1 1 1" />
                        <texcoord u="0" v="0" />
                    </vertex>
                    <vertex>
                        <position x="-51.7189" y="46.4644" z="71.1877" />
                        <normal x="-0.528662" y="-0.848832" z="-8.5688e-007" />
                        <colour_diffuse value="1 1 1 1" />
                        <texcoord u="1" v="0" />
                    </vertex>
                    <vertex>
                        <position x="22.8857" y="-0.000141095" z="49.6339" />
                        <normal x="-0.528662" y="-0.848832" z="-1.1263e-006" />
                        <colour_diffuse value="1 1 1 1" />
                        <texcoord u="1" v="1" />
                    </vertex>
                    <vertex>
                        <position x="22.8857" y="-0.000141095" z="49.6339" />
                        <normal x="-6.32669e-007" y="0.420804" z="-0.907152" />
                        <colour_diffuse value="1 1 1 1" />
                        <texcoord u="0" v="1" />
                    </vertex>
                    <vertex>
                        <position x="-51.7189" y="46.4644" z="71.1877" />
                        <normal x="-0" y="0.420804" z="-0.907151" />
                        <colour_diffuse value="1 1 1 1" />
                        <texcoord u="0" v="0" />
                    </vertex>
                    <vertex>
                        <position x="-46.3256" y="46.4644" z="71.1877" />
                        <normal x="-8.95821e-009" y="0.420804" z="-0.907151" />
                        <colour_diffuse value="1 1 1 1" />
                        <texcoord u="1" v="0" />
                    </vertex>
                    <vertex>
                        <position x="28.279" y="-0.000141095" z="49.6339" />
                        <normal x="-6.41628e-007" y="0.420804" z="-0.907152" />
                        <colour_diffuse value="1 1 1 1" />
                        <texcoord u="1" v="1" />
                    </vertex>
                    <vertex>
                        <position x="-51.7189" y="46.4644" z="78.3498" />
                        <normal x="0" y="1" z="0" />
                        <colour_diffuse value="1 1 1 1" />
                        <texcoord u="1" v="0" />
                    </vertex>
                    <vertex>
                        <position x="-46.3256" y="46.4644" z="78.3498" />
                        <normal x="0" y="1" z="0" />
                        <colour_diffuse value="1 1 1 1" />
                        <texcoord u="1" v="0" />
                    </vertex>
                    <vertex>
                        <position x="-46.3256" y="46.4644" z="71.1877" />
                        <normal x="0" y="1" z="0" />
                        <colour_diffuse value="1 1 1 1" />
                        <texcoord u="1" v="0" />
                    </vertex>
                    <vertex>
                        <position x="-51.7189" y="46.4644" z="71.1877" />
                        <normal x="-0" y="1" z="-0" />
                        <colour_diffuse value="1 1 1 1" />
                        <texcoord u="1" v="0" />
                    </vertex>
                    <vertex>
                        <position x="-28.525" y="-0.000141095" z="-49.5523" />
                        <normal x="-0.528662" y="0.848832" z="-1.32818e-007" />
                        <colour_diffuse value="1 1 1 1" />
                        <texcoord u="0" v="1" />
                    </vertex>
                    <vertex>
                        <position x="46.0797" y="46.4644" z="-71.106" />
                        <normal x="-0.528662" y="0.848832" z="-0" />
                        <colour_diffuse value="1 1 1 1" />
                        <texcoord u="0" v="0" />
                    </vertex>
                    <vertex>
                        <position x="46.0797" y="46.4644" z="-78.2682" />
                        <normal x="-0.528662" y="0.848832" z="-7.96924e-009" />
                        <colour_diffuse value="1 1 1 1" />
                        <texcoord u="1" v="0" />
                    </vertex>
                    <vertex>
                        <position x="-28.525" y="-0.000141095" z="-56.7145" />
                        <normal x="-0.528662" y="0.848832" z="-1.40787e-007" />
                        <colour_diffuse value="1 1 1 1" />
                        <texcoord u="1" v="1" />
                    </vertex>
                    <vertex>
                        <position x="-28.525" y="-0.000141095" z="-56.7145" />
                        <normal x="1.37106e-007" y="-0.420804" z="-0.907151" />
                        <colour_diffuse value="1 1 1 1" />
                        <texcoord u="0" v="1" />
                    </vertex>
                    <vertex>
                        <position x="46.0797" y="46.4644" z="-78.2682" />
                        <normal x="2.5665e-006" y="-0.420808" z="-0.90715" />
                        <colour_diffuse value="1 1 1 1" />
                        <texcoord u="0" v="0" />
                    </vertex>
                    <vertex>
                        <position x="51.473" y="46.4644" z="-78.2682" />
                        <normal x="2.4294e-006" y="-0.420808" z="-0.90715" />
                        <colour_diffuse value="1 1 1 1" />
                        <texcoord u="1" v="0" />
                    </vertex>
                    <vertex>
                        <position x="-23.1316" y="-0.000141095" z="-56.7145" />
                        <normal x="0" y="-0.420804" z="-0.907151" />
                        <colour_diffuse value="1 1 1 1" />
                        <texcoord u="1" v="1" />
                    </vertex>
                    <vertex>
                        <position x="-23.1316" y="-0.000141095" z="-56.7145" />
                        <normal x="0.528662" y="-0.848832" z="1.24886e-006" />
                        <colour_diffuse value="1 1 1 1" />
                        <texcoord u="0" v="1" />
                    </vertex>
                    <vertex>
                        <position x="51.473" y="46.4644" z="-78.2682" />
                        <normal x="0.528662" y="-0.848832" z="8.44726e-007" />
                        <colour_diffuse value="1 1 1 1" />
                        <texcoord u="0" v="0" />
                    </vertex>
                    <vertex>
                        <position x="51.473" y="46.4644" z="-71.106" />
                        <normal x="0.528662" y="-0.848832" z="8.62957e-007" />
                        <colour_diffuse value="1 1 1 1" />
                        <texcoord u="1" v="0" />
                    </vertex>
                    <vertex>
                        <position x="-23.1316" y="-0.000141095" z="-49.5523" />
                        <normal x="0.528662" y="-0.848832" z="1.26709e-006" />
                        <colour_diffuse value="1 1 1 1" />
                        <texcoord u="1" v="1" />
                    </vertex>
                    <vertex>
                        <position x="-23.1316" y="-0.000141095" z="-49.5523" />
                        <normal x="6.32669e-007" y="0.420804" z="0.907152" />
                        <colour_diffuse value="1 1 1 1" />
                        <texcoord u="0" v="1" />
                    </vertex>
                    <vertex>
                        <position x="51.473" y="46.4644" z="-71.106" />
                        <normal x="0" y="0.420804" z="0.907151" />
                        <colour_diffuse value="1 1 1 1" />
                        <texcoord u="0" v="0" />
                    </vertex>
                    <vertex>
                        <position x="46.0797" y="46.4644" z="-71.106" />
                        <normal x="8.95821e-009" y="0.420804" z="0.907151" />
                        <colour_diffuse value="1 1 1 1" />
                        <texcoord u="1" v="0" />
                    </vertex>
                    <vertex>
                        <position x="-28.525" y="-0.000141095" z="-49.5523" />
                        <normal x="6.41628e-007" y="0.420804" z="0.907152" />
                        <colour_diffuse value="1 1 1 1" />
                        <texcoord u="1" v="1" />
                    </vertex>
                    <vertex>
                        <position x="51.473" y="46.4644" z="-78.2682" />
                        <normal x="0" y="1" z="-0" />
                        <colour_diffuse value="1 1 1 1" />
                        <texcoord u="1" v="0" />
                    </vertex>
                    <vertex>
                        <position x="46.0797" y="46.4644" z="-78.2682" />
                        <normal x="0" y="1" z="-0" />
                        <colour_diffuse value="1 1 1 1" />
                        <texcoord u="1" v="0" />
                    </vertex>
                    <vertex>
                        <position x="46.0797" y="46.4644" z="-71.106" />
                        <normal x="0" y="1" z="-0" />
                        <colour_diffuse value="1 1 1 1" />
                        <texcoord u="1" v="0" />
                    </vertex>
                    <vertex>
                        <position x="51.473" y="46.4644" z="-71.106" />
                        <normal x="0" y="1" z="0" />
                        <colour_diffuse value="1 1 1 1" />
                        <texcoord u="1" v="0" />
                    </vertex>
                </vertexbuffer>
            </geometry>
        </submesh>
        <submesh material="table_basse_verre/table_bar_verre" usesharedvertices="false" use32bitindexes="false" operationtype="triangle_list">
            <faces count="4">
                <face v1="0" v2="1" v3="2" />
                <face v1="2" v2="3" v3="0" />
                <face v1="4" v2="5" v3="6" />
                <face v1="6" v2="7" v3="4" />
            </faces>
            <geometry vertexcount="8">
                <vertexbuffer positions="true" normals="true" colours_diffuse="true" texture_coord_dimensions_0="float2" texture_coords="1">
                    <vertex>
                        <position x="51.2727" y="46.4633" z="78.1947" />
                        <normal x="0" y="-1" z="-0" />
                        <colour_diffuse value="1 1 1 1" />
                        <texcoord u="0.000499964" v="0.999501" />
                    </vertex>
                    <vertex>
                        <position x="-51.2726" y="46.4633" z="78.1947" />
                        <normal x="0" y="-1" z="-0" />
                        <colour_diffuse value="1 1 1 1" />
                        <texcoord u="0.999501" v="0.9995" />
                    </vertex>
                    <vertex>
                        <position x="-51.2726" y="46.4633" z="-78.1948" />
                        <normal x="0" y="-1" z="-0" />
                        <colour_diffuse value="1 1 1 1" />
                        <texcoord u="0.9995" v="0.000499487" />
                    </vertex>
                    <vertex>
                        <position x="51.2727" y="46.4633" z="-78.1948" />
                        <normal x="-0" y="-1" z="0" />
                        <colour_diffuse value="1 1 1 1" />
                        <texcoord u="0.000499517" v="0.000499606" />
                    </vertex>
                    <vertex>
                        <position x="51.2727" y="47.5828" z="78.1947" />
                        <normal x="0" y="1" z="-0" />
                        <colour_diffuse value="1 1 1 1" />
                        <texcoord u="0.9995" v="0.999501" />
                    </vertex>
                    <vertex>
                        <position x="51.2727" y="47.5828" z="-78.1948" />
                        <normal x="0" y="1" z="-0" />
                        <colour_diffuse value="1 1 1 1" />
                        <texcoord u="0.9995" v="0.000499606" />
                    </vertex>
                    <vertex>
                        <position x="-51.2726" y="47.5828" z="-78.1948" />
                        <normal x="0" y="1" z="-0" />
                        <colour_diffuse value="1 1 1 1" />
                        <texcoord u="0.000499964" v="0.000499487" />
                    </vertex>
                    <vertex>
                        <position x="-51.2726" y="47.5828" z="78.1947" />
                        <normal x="0" y="1" z="0" />
                        <colour_diffuse value="1 1 1 1" />
                        <texcoord u="0.000499547" v="0.9995" />
                    </vertex>
                </vertexbuffer>
            </geometry>
        </submesh>
    </submeshes>
    <submeshnames>
        <submeshname name="table_basse_verre/table_bar_fer_forge" index="0" />
        <submeshname name="table_basse_verre/table_bar_verre" index="1" />
    </submeshnames>
</mesh>
