<mesh>
    <submeshes>
        <submesh material="Material_#149/metal" usesharedvertices="false" use32bitindexes="false" operationtype="triangle_list">
            <faces count="111">
                <face v1="0" v2="1" v3="2" />
                <face v1="2" v2="3" v3="0" />
                <face v1="4" v2="5" v3="6" />
                <face v1="6" v2="7" v3="4" />
                <face v1="8" v2="9" v3="10" />
                <face v1="10" v2="11" v3="8" />
                <face v1="9" v2="12" v3="13" />
                <face v1="13" v2="10" v3="9" />
                <face v1="14" v2="15" v3="16" />
                <face v1="16" v2="17" v3="14" />
                <face v1="18" v2="0" v3="3" />
                <face v1="3" v2="19" v3="18" />
                <face v1="20" v2="21" v3="22" />
                <face v1="22" v2="23" v3="24" />
                <face v1="20" v2="22" v3="24" />
                <face v1="24" v2="25" v3="26" />
                <face v1="26" v2="27" v3="28" />
                <face v1="24" v2="26" v3="28" />
                <face v1="28" v2="29" v3="30" />
                <face v1="30" v2="31" v3="32" />
                <face v1="28" v2="30" v3="32" />
                <face v1="24" v2="28" v3="32" />
                <face v1="20" v2="24" v3="32" />
                <face v1="20" v2="32" v3="33" />
                <face v1="34" v2="20" v3="33" />
                <face v1="35" v2="36" v3="37" />
                <face v1="37" v2="38" v3="35" />
                <face v1="36" v2="39" v3="40" />
                <face v1="40" v2="37" v3="36" />
                <face v1="41" v2="42" v3="43" />
                <face v1="43" v2="44" v3="41" />
                <face v1="42" v2="45" v3="46" />
                <face v1="46" v2="43" v3="42" />
                <face v1="45" v2="47" v3="48" />
                <face v1="48" v2="46" v3="45" />
                <face v1="47" v2="49" v3="50" />
                <face v1="50" v2="48" v3="47" />
                <face v1="51" v2="52" v3="53" />
                <face v1="53" v2="54" v3="51" />
                <face v1="52" v2="55" v3="56" />
                <face v1="56" v2="53" v3="52" />
                <face v1="55" v2="57" v3="58" />
                <face v1="58" v2="56" v3="55" />
                <face v1="59" v2="60" v3="61" />
                <face v1="61" v2="62" v3="59" />
                <face v1="60" v2="63" v3="64" />
                <face v1="64" v2="61" v3="60" />
                <face v1="63" v2="65" v3="66" />
                <face v1="66" v2="64" v3="63" />
                <face v1="65" v2="67" v3="68" />
                <face v1="68" v2="66" v3="65" />
                <face v1="69" v2="70" v3="71" />
                <face v1="71" v2="72" v3="69" />
                <face v1="70" v2="35" v3="38" />
                <face v1="38" v2="71" v3="70" />
                <face v1="73" v2="74" v3="75" />
                <face v1="75" v2="76" v3="77" />
                <face v1="73" v2="75" v3="77" />
                <face v1="77" v2="78" v3="79" />
                <face v1="79" v2="80" v3="81" />
                <face v1="77" v2="79" v3="81" />
                <face v1="81" v2="82" v3="83" />
                <face v1="83" v2="84" v3="85" />
                <face v1="81" v2="83" v3="85" />
                <face v1="77" v2="81" v3="85" />
                <face v1="73" v2="77" v3="85" />
                <face v1="73" v2="85" v3="86" />
                <face v1="87" v2="73" v3="86" />
                <face v1="88" v2="89" v3="90" />
                <face v1="90" v2="91" v3="88" />
                <face v1="89" v2="92" v3="93" />
                <face v1="93" v2="90" v3="89" />
                <face v1="94" v2="95" v3="96" />
                <face v1="96" v2="97" v3="94" />
                <face v1="95" v2="98" v3="99" />
                <face v1="99" v2="96" v3="95" />
                <face v1="98" v2="100" v3="101" />
                <face v1="101" v2="99" v3="98" />
                <face v1="100" v2="102" v3="103" />
                <face v1="103" v2="101" v3="100" />
                <face v1="104" v2="105" v3="106" />
                <face v1="106" v2="107" v3="104" />
                <face v1="105" v2="108" v3="109" />
                <face v1="109" v2="106" v3="105" />
                <face v1="108" v2="110" v3="111" />
                <face v1="111" v2="109" v3="108" />
                <face v1="112" v2="113" v3="114" />
                <face v1="114" v2="115" v3="112" />
                <face v1="113" v2="116" v3="117" />
                <face v1="117" v2="114" v3="113" />
                <face v1="116" v2="118" v3="119" />
                <face v1="119" v2="117" v3="116" />
                <face v1="118" v2="120" v3="121" />
                <face v1="121" v2="119" v3="118" />
                <face v1="122" v2="123" v3="124" />
                <face v1="124" v2="125" v3="122" />
                <face v1="123" v2="88" v3="91" />
                <face v1="91" v2="124" v3="123" />
                <face v1="126" v2="127" v3="128" />
                <face v1="128" v2="129" v3="130" />
                <face v1="126" v2="128" v3="130" />
                <face v1="130" v2="131" v3="132" />
                <face v1="132" v2="133" v3="134" />
                <face v1="130" v2="132" v3="134" />
                <face v1="134" v2="135" v3="136" />
                <face v1="136" v2="137" v3="138" />
                <face v1="134" v2="136" v3="138" />
                <face v1="130" v2="134" v3="138" />
                <face v1="126" v2="130" v3="138" />
                <face v1="126" v2="138" v3="139" />
                <face v1="140" v2="126" v3="139" />
            </faces>
            <geometry vertexcount="141">
                <vertexbuffer positions="true" normals="true" colours_diffuse="true" texture_coord_dimensions_0="float2" texture_coords="1">
                    <vertex>
                        <position x="0.390271" y="1.48477" z="1.61911" />
                        <normal x="0.35663" y="6.04367e-009" z="0.934246" />
                        <colour_diffuse value="1 1 1 1" />
                        <texcoord u="0.5" v="0.9995" />
                    </vertex>
                    <vertex>
                        <position x="2.06272" y="1.48477" z="0.215753" />
                        <normal x="0.987396" y="1.61091e-009" z="0.158272" />
                        <colour_diffuse value="1 1 1 1" />
                        <texcoord u="0.999501" v="0.9995" />
                    </vertex>
                    <vertex>
                        <position x="2.06272" y="72.4731" z="0.215752" />
                        <normal x="0.858124" y="3.62063e-009" z="0.513442" />
                        <colour_diffuse value="1 1 1 1" />
                        <texcoord u="0.999501" v="0.000499487" />
                    </vertex>
                    <vertex>
                        <position x="0.390271" y="72.4731" z="1.61911" />
                        <normal x="-0.0155933" y="6.5283e-009" z="0.999878" />
                        <colour_diffuse value="1 1 1 1" />
                        <texcoord u="0.5" v="0.000499487" />
                    </vertex>
                    <vertex>
                        <position x="2.06272" y="1.48477" z="0.215753" />
                        <normal x="0.987396" y="1.61091e-009" z="0.158272" />
                        <colour_diffuse value="1 1 1 1" />
                        <texcoord u="0.25025" v="0.9995" />
                    </vertex>
                    <vertex>
                        <position x="1.68361" y="1.48477" z="-1.9343" />
                        <normal x="0.630765" y="-5.91895e-009" z="-0.775974" />
                        <colour_diffuse value="1 1 1 1" />
                        <texcoord u="0.74975" v="0.9995" />
                    </vertex>
                    <vertex>
                        <position x="1.68361" y="72.4731" z="-1.93431" />
                        <normal x="0.873716" y="-4.16697e-009" z="-0.486436" />
                        <colour_diffuse value="1 1 1 1" />
                        <texcoord u="0.74975" v="0.000499487" />
                    </vertex>
                    <vertex>
                        <position x="2.06272" y="72.4731" z="0.215752" />
                        <normal x="0.858124" y="3.62063e-009" z="0.513442" />
                        <colour_diffuse value="1 1 1 1" />
                        <texcoord u="0.25025" v="0.000499487" />
                    </vertex>
                    <vertex>
                        <position x="1.68361" y="1.48477" z="-1.9343" />
                        <normal x="0.630765" y="-5.91895e-009" z="-0.775974" />
                        <colour_diffuse value="1 1 1 1" />
                        <texcoord u="0.00049901" v="0.9995" />
                    </vertex>
                    <vertex>
                        <position x="-0.367954" y="1.48477" z="-2.68101" />
                        <normal x="-0.356631" y="-6.76165e-009" z="-0.934245" />
                        <colour_diffuse value="1 1 1 1" />
                        <texcoord u="0.5" v="0.9995" />
                    </vertex>
                    <vertex>
                        <position x="-0.367954" y="72.4731" z="-2.68101" />
                        <normal x="0.0155915" y="-7.31273e-009" z="-0.999878" />
                        <colour_diffuse value="1 1 1 1" />
                        <texcoord u="0.5" v="0.000499487" />
                    </vertex>
                    <vertex>
                        <position x="1.68361" y="72.4731" z="-1.93431" />
                        <normal x="0.873716" y="-4.16697e-009" z="-0.486436" />
                        <colour_diffuse value="1 1 1 1" />
                        <texcoord u="0.00049901" v="0.000499487" />
                    </vertex>
                    <vertex>
                        <position x="-2.0404" y="1.48477" z="-1.27766" />
                        <normal x="-0.987396" y="-1.27381e-009" z="-0.158272" />
                        <colour_diffuse value="1 1 1 1" />
                        <texcoord u="0.9995" v="0.9995" />
                    </vertex>
                    <vertex>
                        <position x="-2.0404" y="72.4731" z="-1.27766" />
                        <normal x="-0.858124" y="-3.82485e-009" z="-0.513442" />
                        <colour_diffuse value="1 1 1 1" />
                        <texcoord u="0.9995" v="0.000499487" />
                    </vertex>
                    <vertex>
                        <position x="-2.0404" y="1.48477" z="-1.27766" />
                        <normal x="-0.987396" y="-1.27381e-009" z="-0.158272" />
                        <colour_diffuse value="1 1 1 1" />
                        <texcoord u="0.250249" v="0.9995" />
                    </vertex>
                    <vertex>
                        <position x="-1.66129" y="1.48477" z="0.872395" />
                        <normal x="-0.630766" y="5.67584e-009" z="0.775973" />
                        <colour_diffuse value="1 1 1 1" />
                        <texcoord u="0.74975" v="0.9995" />
                    </vertex>
                    <vertex>
                        <position x="-1.66129" y="72.4731" z="0.872395" />
                        <normal x="-0.873717" y="4.43763e-009" z="0.486435" />
                        <colour_diffuse value="1 1 1 1" />
                        <texcoord u="0.74975" v="0.000499487" />
                    </vertex>
                    <vertex>
                        <position x="-2.0404" y="72.4731" z="-1.27766" />
                        <normal x="-0.858124" y="-3.82485e-009" z="-0.513442" />
                        <colour_diffuse value="1 1 1 1" />
                        <texcoord u="0.250249" v="0.000499487" />
                    </vertex>
                    <vertex>
                        <position x="-1.66129" y="1.48477" z="0.872395" />
                        <normal x="-0.630766" y="5.67584e-009" z="0.775973" />
                        <colour_diffuse value="1 1 1 1" />
                        <texcoord u="0.000500113" v="0.9995" />
                    </vertex>
                    <vertex>
                        <position x="-1.66129" y="72.4731" z="0.872395" />
                        <normal x="-0.873717" y="4.43763e-009" z="0.486435" />
                        <colour_diffuse value="1 1 1 1" />
                        <texcoord u="0.000500113" v="0.000499487" />
                    </vertex>
                    <vertex>
                        <position x="-10.8199" y="71.5236" z="13.5852" />
                        <normal x="0" y="-1" z="-0" />
                        <colour_diffuse value="1 1 1 1" />
                        <texcoord u="0.167595" v="0.873246" />
                    </vertex>
                    <vertex>
                        <position x="-15.5008" y="71.5236" z="8.00667" />
                        <normal x="0" y="-1" z="-0" />
                        <colour_diffuse value="1 1 1 1" />
                        <texcoord u="0.349459" v="0.97767" />
                    </vertex>
                    <vertex>
                        <position x="-17.5081" y="71.5236" z="1.00653" />
                        <normal x="0" y="-1" z="-0" />
                        <colour_diffuse value="1 1 1 1" />
                        <texcoord u="0.558307" v="0.9995" />
                    </vertex>
                    <vertex>
                        <position x="-16.4946" y="71.5236" z="-6.20483" />
                        <normal x="0" y="-1" z="0" />
                        <colour_diffuse value="1 1 1 1" />
                        <texcoord u="0.758027" v="0.934963" />
                    </vertex>
                    <vertex>
                        <position x="-12.6356" y="71.5236" z="-12.3805" />
                        <normal x="0" y="-1" z="-0" />
                        <colour_diffuse value="1 1 1 1" />
                        <texcoord u="0.914086" v="0.795216" />
                    </vertex>
                    <vertex>
                        <position x="-6.59835" y="71.5236" z="-16.4527" />
                        <normal x="0" y="-1" z="0" />
                        <colour_diffuse value="1 1 1 1" />
                        <texcoord u="0.999501" v="0.604424" />
                    </vertex>
                    <vertex>
                        <position x="0.573262" y="71.5236" z="-17.7172" />
                        <normal x="0" y="-1" z="0" />
                        <colour_diffuse value="1 1 1 1" />
                        <texcoord u="0.999501" v="0.395576" />
                    </vertex>
                    <vertex>
                        <position x="7.63918" y="71.5236" z="-15.9555" />
                        <normal x="-0" y="-1" z="0" />
                        <colour_diffuse value="1 1 1 1" />
                        <texcoord u="0.914086" v="0.204784" />
                    </vertex>
                    <vertex>
                        <position x="13.3777" y="71.5236" z="-11.4721" />
                        <normal x="0" y="-1" z="-0" />
                        <colour_diffuse value="1 1 1 1" />
                        <texcoord u="0.758027" v="0.0650372" />
                    </vertex>
                    <vertex>
                        <position x="16.7965" y="71.5236" z="-5.04228" />
                        <normal x="-0" y="-1" z="0" />
                        <colour_diffuse value="1 1 1 1" />
                        <texcoord u="0.558307" v="0.000499487" />
                    </vertex>
                    <vertex>
                        <position x="17.3044" y="71.5236" z="2.22222" />
                        <normal x="-0" y="-1" z="-0" />
                        <colour_diffuse value="1 1 1 1" />
                        <texcoord u="0.349459" v="0.0223302" />
                    </vertex>
                    <vertex>
                        <position x="14.8138" y="71.5236" z="9.06529" />
                        <normal x="-0" y="-1" z="-0" />
                        <colour_diffuse value="1 1 1 1" />
                        <texcoord u="0.167595" v="0.126754" />
                    </vertex>
                    <vertex>
                        <position x="9.7551" y="71.5236" z="14.3037" />
                        <normal x="0" y="-1" z="-0" />
                        <colour_diffuse value="1 1 1 1" />
                        <texcoord u="0.0441607" v="0.295716" />
                    </vertex>
                    <vertex>
                        <position x="3.00313" y="71.5236" z="17.0317" />
                        <normal x="0" y="-1" z="-0" />
                        <colour_diffuse value="1 1 1 1" />
                        <texcoord u="0.000499517" v="0.5" />
                    </vertex>
                    <vertex>
                        <position x="-4.27466" y="71.5236" z="16.7775" />
                        <normal x="0" y="-1" z="-0" />
                        <colour_diffuse value="1 1 1 1" />
                        <texcoord u="0.0441607" v="0.704284" />
                    </vertex>
                    <vertex>
                        <position x="3.00313" y="71.5236" z="17.0317" />
                        <normal x="0.242815" y="0" z="0.970073" />
                        <colour_diffuse value="1 1 1 1" />
                        <texcoord u="0.5" v="0.999503" />
                    </vertex>
                    <vertex>
                        <position x="9.7551" y="71.5236" z="14.3037" />
                        <normal x="0.616386" y="0" z="0.787444" />
                        <colour_diffuse value="1 1 1 1" />
                        <texcoord u="0.704284" v="0.999503" />
                    </vertex>
                    <vertex>
                        <position x="9.7551" y="74.5955" z="14.3037" />
                        <normal x="0.499202" y="0" z="0.866486" />
                        <colour_diffuse value="1 1 1 1" />
                        <texcoord u="0.704284" v="0.000501633" />
                    </vertex>
                    <vertex>
                        <position x="3.00313" y="74.5955" z="17.0317" />
                        <normal x="0.103613" y="0" z="0.994618" />
                        <colour_diffuse value="1 1 1 1" />
                        <texcoord u="0.5" v="0.000501633" />
                    </vertex>
                    <vertex>
                        <position x="14.8138" y="71.5236" z="9.06529" />
                        <normal x="0.883379" y="0" z="0.468659" />
                        <colour_diffuse value="1 1 1 1" />
                        <texcoord u="0.873246" v="0.999503" />
                    </vertex>
                    <vertex>
                        <position x="14.8138" y="74.5955" z="9.06529" />
                        <normal x="0.808475" y="0" z="0.58853" />
                        <colour_diffuse value="1 1 1 1" />
                        <texcoord u="0.873246" v="0.000501633" />
                    </vertex>
                    <vertex>
                        <position x="14.8138" y="71.5236" z="9.06529" />
                        <normal x="0.883379" y="0" z="0.468659" />
                        <colour_diffuse value="1 1 1 1" />
                        <texcoord u="0.167595" v="0.999503" />
                    </vertex>
                    <vertex>
                        <position x="17.3044" y="71.5236" z="2.22222" />
                        <normal x="0.997628" y="0" z="0.0688381" />
                        <colour_diffuse value="1 1 1 1" />
                        <texcoord u="0.349459" v="0.999503" />
                    </vertex>
                    <vertex>
                        <position x="17.3044" y="74.5955" z="2.22222" />
                        <normal x="0.977956" y="0" z="0.208812" />
                        <colour_diffuse value="1 1 1 1" />
                        <texcoord u="0.349459" v="0.000501633" />
                    </vertex>
                    <vertex>
                        <position x="14.8138" y="74.5955" z="9.06529" />
                        <normal x="0.808475" y="0" z="0.58853" />
                        <colour_diffuse value="1 1 1 1" />
                        <texcoord u="0.167595" v="0.000501633" />
                    </vertex>
                    <vertex>
                        <position x="16.7965" y="71.5236" z="-5.04228" />
                        <normal x="0.939377" y="0" z="-0.342885" />
                        <colour_diffuse value="1 1 1 1" />
                        <texcoord u="0.558307" v="0.999503" />
                    </vertex>
                    <vertex>
                        <position x="16.7965" y="74.5955" z="-5.04228" />
                        <normal x="0.978339" y="0" z="-0.207011" />
                        <colour_diffuse value="1 1 1 1" />
                        <texcoord u="0.558307" v="0.000501633" />
                    </vertex>
                    <vertex>
                        <position x="13.3777" y="71.5236" z="-11.4721" />
                        <normal x="0.7187" y="0" z="-0.69532" />
                        <colour_diffuse value="1 1 1 1" />
                        <texcoord u="0.758027" v="0.999503" />
                    </vertex>
                    <vertex>
                        <position x="13.3777" y="74.5955" z="-11.4721" />
                        <normal x="0.809558" y="0" z="-0.58704" />
                        <colour_diffuse value="1 1 1 1" />
                        <texcoord u="0.758027" v="0.000501633" />
                    </vertex>
                    <vertex>
                        <position x="7.63918" y="71.5236" z="-15.9555" />
                        <normal x="0.373753" y="0" z="-0.927528" />
                        <colour_diffuse value="1 1 1 1" />
                        <texcoord u="0.914086" v="0.999503" />
                    </vertex>
                    <vertex>
                        <position x="7.63918" y="74.5955" z="-15.9555" />
                        <normal x="0.500798" y="0" z="-0.865564" />
                        <colour_diffuse value="1 1 1 1" />
                        <texcoord u="0.914086" v="0.000501633" />
                    </vertex>
                    <vertex>
                        <position x="7.63918" y="71.5236" z="-15.9555" />
                        <normal x="0.373753" y="0" z="-0.927528" />
                        <colour_diffuse value="1 1 1 1" />
                        <texcoord u="0.204784" v="0.999503" />
                    </vertex>
                    <vertex>
                        <position x="0.573262" y="71.5236" z="-17.7172" />
                        <normal x="-0.0358196" y="0" z="-0.999358" />
                        <colour_diffuse value="1 1 1 1" />
                        <texcoord u="0.395576" v="0.999503" />
                    </vertex>
                    <vertex>
                        <position x="0.573262" y="74.5955" z="-17.7172" />
                        <normal x="0.105444" y="0" z="-0.994425" />
                        <colour_diffuse value="1 1 1 1" />
                        <texcoord u="0.395576" v="0.000501633" />
                    </vertex>
                    <vertex>
                        <position x="7.63918" y="74.5955" z="-15.9555" />
                        <normal x="0.500798" y="0" z="-0.865564" />
                        <colour_diffuse value="1 1 1 1" />
                        <texcoord u="0.204784" v="0.000501633" />
                    </vertex>
                    <vertex>
                        <position x="-6.59835" y="71.5236" z="-16.4527" />
                        <normal x="-0.439199" y="0" z="-0.89839" />
                        <colour_diffuse value="1 1 1 1" />
                        <texcoord u="0.604424" v="0.999503" />
                    </vertex>
                    <vertex>
                        <position x="-6.59835" y="74.5955" z="-16.4527" />
                        <normal x="-0.308141" y="0" z="-0.951341" />
                        <colour_diffuse value="1 1 1 1" />
                        <texcoord u="0.604424" v="0.000501633" />
                    </vertex>
                    <vertex>
                        <position x="-12.6356" y="71.5236" z="-12.3805" />
                        <normal x="-0.766636" y="0" z="-0.642082" />
                        <colour_diffuse value="1 1 1 1" />
                        <texcoord u="0.795216" v="0.999503" />
                    </vertex>
                    <vertex>
                        <position x="-12.6356" y="74.5955" z="-12.3805" />
                        <normal x="-0.668446" y="0" z="-0.74376" />
                        <colour_diffuse value="1 1 1 1" />
                        <texcoord u="0.795216" v="0.000501633" />
                    </vertex>
                    <vertex>
                        <position x="-12.6356" y="71.5236" z="-12.3805" />
                        <normal x="-0.766636" y="0" z="-0.642082" />
                        <colour_diffuse value="1 1 1 1" />
                        <texcoord u="0.0859135" v="0.999503" />
                    </vertex>
                    <vertex>
                        <position x="-16.4946" y="71.5236" z="-6.20483" />
                        <normal x="-0.961515" y="-1.83586e-009" z="-0.274752" />
                        <colour_diffuse value="1 1 1 1" />
                        <texcoord u="0.241973" v="0.999503" />
                    </vertex>
                    <vertex>
                        <position x="-16.4946" y="74.5955" z="-6.20483" />
                        <normal x="-0.91317" y="0" z="-0.407578" />
                        <colour_diffuse value="1 1 1 1" />
                        <texcoord u="0.241973" v="0.000501633" />
                    </vertex>
                    <vertex>
                        <position x="-12.6356" y="74.5955" z="-12.3805" />
                        <normal x="-0.668446" y="0" z="-0.74376" />
                        <colour_diffuse value="1 1 1 1" />
                        <texcoord u="0.0859135" v="0.000501633" />
                    </vertex>
                    <vertex>
                        <position x="-17.5081" y="71.5236" z="1.00653" />
                        <normal x="-0.99014" y="1.80012e-009" z="0.140085" />
                        <colour_diffuse value="1 1 1 1" />
                        <texcoord u="0.441693" v="0.999503" />
                    </vertex>
                    <vertex>
                        <position x="-17.5081" y="74.5955" z="1.00653" />
                        <normal x="-1" y="1.80012e-009" z="-0.000920967" />
                        <colour_diffuse value="1 1 1 1" />
                        <texcoord u="0.441693" v="0.000501633" />
                    </vertex>
                    <vertex>
                        <position x="-15.5008" y="71.5236" z="8.00667" />
                        <normal x="-0.84756" y="0" z="0.5307" />
                        <colour_diffuse value="1 1 1 1" />
                        <texcoord u="0.650541" v="0.999503" />
                    </vertex>
                    <vertex>
                        <position x="-15.5008" y="74.5955" z="8.00667" />
                        <normal x="-0.91392" y="3.63597e-009" z="0.405895" />
                        <colour_diffuse value="1 1 1 1" />
                        <texcoord u="0.650541" v="0.000501633" />
                    </vertex>
                    <vertex>
                        <position x="-10.8199" y="71.5236" z="13.5852" />
                        <normal x="-0.558429" y="0" z="0.829552" />
                        <colour_diffuse value="1 1 1 1" />
                        <texcoord u="0.832405" v="0.999503" />
                    </vertex>
                    <vertex>
                        <position x="-10.8199" y="74.5955" z="13.5852" />
                        <normal x="-0.669814" y="0" z="0.742528" />
                        <colour_diffuse value="1 1 1 1" />
                        <texcoord u="0.832405" v="0.000501633" />
                    </vertex>
                    <vertex>
                        <position x="-10.8199" y="71.5236" z="13.5852" />
                        <normal x="-0.558429" y="0" z="0.829552" />
                        <colour_diffuse value="1 1 1 1" />
                        <texcoord u="0.126754" v="0.999503" />
                    </vertex>
                    <vertex>
                        <position x="-4.27466" y="71.5236" z="16.7775" />
                        <normal x="-0.172741" y="0" z="0.984967" />
                        <colour_diffuse value="1 1 1 1" />
                        <texcoord u="0.295716" v="0.999503" />
                    </vertex>
                    <vertex>
                        <position x="-4.27466" y="74.5955" z="16.7775" />
                        <normal x="-0.309893" y="0" z="0.950772" />
                        <colour_diffuse value="1 1 1 1" />
                        <texcoord u="0.295716" v="0.000501633" />
                    </vertex>
                    <vertex>
                        <position x="-10.8199" y="74.5955" z="13.5852" />
                        <normal x="-0.669814" y="0" z="0.742528" />
                        <colour_diffuse value="1 1 1 1" />
                        <texcoord u="0.126754" v="0.000501633" />
                    </vertex>
                    <vertex>
                        <position x="3.00313" y="74.5955" z="17.0317" />
                        <normal x="0" y="1" z="-0" />
                        <colour_diffuse value="1 1 1 1" />
                        <texcoord u="0.999501" v="0.5" />
                    </vertex>
                    <vertex>
                        <position x="9.7551" y="74.5955" z="14.3037" />
                        <normal x="0" y="1" z="0" />
                        <colour_diffuse value="1 1 1 1" />
                        <texcoord u="0.955839" v="0.295716" />
                    </vertex>
                    <vertex>
                        <position x="14.8138" y="74.5955" z="9.06529" />
                        <normal x="0" y="1" z="-0" />
                        <colour_diffuse value="1 1 1 1" />
                        <texcoord u="0.832405" v="0.126754" />
                    </vertex>
                    <vertex>
                        <position x="17.3044" y="74.5955" z="2.22222" />
                        <normal x="0" y="1" z="-0" />
                        <colour_diffuse value="1 1 1 1" />
                        <texcoord u="0.650541" v="0.0223302" />
                    </vertex>
                    <vertex>
                        <position x="16.7965" y="74.5955" z="-5.04228" />
                        <normal x="0" y="1" z="-0" />
                        <colour_diffuse value="1 1 1 1" />
                        <texcoord u="0.441693" v="0.000499487" />
                    </vertex>
                    <vertex>
                        <position x="13.3777" y="74.5955" z="-11.4721" />
                        <normal x="0" y="1" z="-0" />
                        <colour_diffuse value="1 1 1 1" />
                        <texcoord u="0.241973" v="0.0650372" />
                    </vertex>
                    <vertex>
                        <position x="7.63918" y="74.5955" z="-15.9555" />
                        <normal x="0" y="1" z="-0" />
                        <colour_diffuse value="1 1 1 1" />
                        <texcoord u="0.0859136" v="0.204784" />
                    </vertex>
                    <vertex>
                        <position x="0.573262" y="74.5955" z="-17.7172" />
                        <normal x="0" y="1" z="-0" />
                        <colour_diffuse value="1 1 1 1" />
                        <texcoord u="0.000499517" v="0.395576" />
                    </vertex>
                    <vertex>
                        <position x="-6.59835" y="74.5955" z="-16.4527" />
                        <normal x="0" y="1" z="-0" />
                        <colour_diffuse value="1 1 1 1" />
                        <texcoord u="0.000499457" v="0.604424" />
                    </vertex>
                    <vertex>
                        <position x="-12.6356" y="74.5955" z="-12.3805" />
                        <normal x="-0" y="1" z="-0" />
                        <colour_diffuse value="1 1 1 1" />
                        <texcoord u="0.0859135" v="0.795216" />
                    </vertex>
                    <vertex>
                        <position x="-16.4946" y="74.5955" z="-6.20483" />
                        <normal x="-0" y="1" z="-0" />
                        <colour_diffuse value="1 1 1 1" />
                        <texcoord u="0.241973" v="0.934963" />
                    </vertex>
                    <vertex>
                        <position x="-17.5081" y="74.5955" z="1.00653" />
                        <normal x="-0" y="1" z="-0" />
                        <colour_diffuse value="1 1 1 1" />
                        <texcoord u="0.441693" v="0.9995" />
                    </vertex>
                    <vertex>
                        <position x="-15.5008" y="74.5955" z="8.00667" />
                        <normal x="0" y="1" z="-0" />
                        <colour_diffuse value="1 1 1 1" />
                        <texcoord u="0.650541" v="0.97767" />
                    </vertex>
                    <vertex>
                        <position x="-10.8199" y="74.5955" z="13.5852" />
                        <normal x="0" y="1" z="-0" />
                        <colour_diffuse value="1 1 1 1" />
                        <texcoord u="0.832405" v="0.873246" />
                    </vertex>
                    <vertex>
                        <position x="-4.27466" y="74.5955" z="16.7775" />
                        <normal x="0" y="1" z="-0" />
                        <colour_diffuse value="1 1 1 1" />
                        <texcoord u="0.955839" v="0.704284" />
                    </vertex>
                    <vertex>
                        <position x="2.96527" y="-6.41303e-006" z="16.8169" />
                        <normal x="0.242816" y="0" z="0.970073" />
                        <colour_diffuse value="1 1 1 1" />
                        <texcoord u="0.5" v="0.9995" />
                    </vertex>
                    <vertex>
                        <position x="9.63318" y="-6.41303e-006" z="14.1229" />
                        <normal x="0.616387" y="0" z="0.787444" />
                        <colour_diffuse value="1 1 1 1" />
                        <texcoord u="0.704284" v="0.9995" />
                    </vertex>
                    <vertex>
                        <position x="9.63318" y="1.57731" z="14.1229" />
                        <normal x="0.499202" y="0" z="0.866485" />
                        <colour_diffuse value="1 1 1 1" />
                        <texcoord u="0.704284" v="0.000499487" />
                    </vertex>
                    <vertex>
                        <position x="2.96527" y="1.57731" z="16.8169" />
                        <normal x="0.103613" y="0" z="0.994618" />
                        <colour_diffuse value="1 1 1 1" />
                        <texcoord u="0.5" v="0.000499487" />
                    </vertex>
                    <vertex>
                        <position x="14.6289" y="-6.41303e-006" z="8.94974" />
                        <normal x="0.88338" y="0" z="0.468658" />
                        <colour_diffuse value="1 1 1 1" />
                        <texcoord u="0.873246" v="0.9995" />
                    </vertex>
                    <vertex>
                        <position x="14.6289" y="1.57731" z="8.94974" />
                        <normal x="0.808475" y="0" z="0.58853" />
                        <colour_diffuse value="1 1 1 1" />
                        <texcoord u="0.873246" v="0.000499487" />
                    </vertex>
                    <vertex>
                        <position x="14.6289" y="-6.41303e-006" z="8.94974" />
                        <normal x="0.88338" y="0" z="0.468658" />
                        <colour_diffuse value="1 1 1 1" />
                        <texcoord u="0.167595" v="0.9995" />
                    </vertex>
                    <vertex>
                        <position x="17.0885" y="-6.41303e-006" z="2.19187" />
                        <normal x="0.997628" y="0" z="0.0688379" />
                        <colour_diffuse value="1 1 1 1" />
                        <texcoord u="0.349459" v="0.9995" />
                    </vertex>
                    <vertex>
                        <position x="17.0885" y="1.57731" z="2.19187" />
                        <normal x="0.977956" y="0" z="0.208812" />
                        <colour_diffuse value="1 1 1 1" />
                        <texcoord u="0.349459" v="0.000499487" />
                    </vertex>
                    <vertex>
                        <position x="14.6289" y="1.57731" z="8.94974" />
                        <normal x="0.808475" y="0" z="0.58853" />
                        <colour_diffuse value="1 1 1 1" />
                        <texcoord u="0.167595" v="0.000499487" />
                    </vertex>
                    <vertex>
                        <position x="16.5869" y="-6.41303e-006" z="-4.98218" />
                        <normal x="0.939377" y="0" z="-0.342885" />
                        <colour_diffuse value="1 1 1 1" />
                        <texcoord u="0.558307" v="0.9995" />
                    </vertex>
                    <vertex>
                        <position x="16.5869" y="1.57731" z="-4.98218" />
                        <normal x="0.978339" y="0" z="-0.207011" />
                        <colour_diffuse value="1 1 1 1" />
                        <texcoord u="0.558307" v="0.000499487" />
                    </vertex>
                    <vertex>
                        <position x="13.2106" y="-6.41303e-006" z="-11.332" />
                        <normal x="0.7187" y="0" z="-0.69532" />
                        <colour_diffuse value="1 1 1 1" />
                        <texcoord u="0.758027" v="0.9995" />
                    </vertex>
                    <vertex>
                        <position x="13.2106" y="1.57731" z="-11.332" />
                        <normal x="0.809558" y="0" z="-0.58704" />
                        <colour_diffuse value="1 1 1 1" />
                        <texcoord u="0.758027" v="0.000499487" />
                    </vertex>
                    <vertex>
                        <position x="7.5436" y="-6.41303e-006" z="-15.7595" />
                        <normal x="0.373753" y="-9.32278e-009" z="-0.927528" />
                        <colour_diffuse value="1 1 1 1" />
                        <texcoord u="0.914086" v="0.9995" />
                    </vertex>
                    <vertex>
                        <position x="7.5436" y="1.57731" z="-15.7595" />
                        <normal x="0.500797" y="0" z="-0.865565" />
                        <colour_diffuse value="1 1 1 1" />
                        <texcoord u="0.914086" v="0.000499487" />
                    </vertex>
                    <vertex>
                        <position x="7.5436" y="-6.41303e-006" z="-15.7595" />
                        <normal x="0.373753" y="-9.32278e-009" z="-0.927528" />
                        <colour_diffuse value="1 1 1 1" />
                        <texcoord u="0.204784" v="0.9995" />
                    </vertex>
                    <vertex>
                        <position x="0.565654" y="-6.41303e-006" z="-17.4993" />
                        <normal x="-0.0358196" y="5.0903e-008" z="-0.999358" />
                        <colour_diffuse value="1 1 1 1" />
                        <texcoord u="0.395576" v="0.9995" />
                    </vertex>
                    <vertex>
                        <position x="0.565654" y="1.57731" z="-17.4993" />
                        <normal x="0.105444" y="-2.63103e-009" z="-0.994425" />
                        <colour_diffuse value="1 1 1 1" />
                        <texcoord u="0.395576" v="0.000499487" />
                    </vertex>
                    <vertex>
                        <position x="7.5436" y="1.57731" z="-15.7595" />
                        <normal x="0.500797" y="0" z="-0.865565" />
                        <colour_diffuse value="1 1 1 1" />
                        <texcoord u="0.204784" v="0.000499487" />
                    </vertex>
                    <vertex>
                        <position x="-6.51666" y="-6.41303e-006" z="-16.2505" />
                        <normal x="-0.439198" y="3.96317e-007" z="-0.89839" />
                        <colour_diffuse value="1 1 1 1" />
                        <texcoord u="0.604424" v="0.9995" />
                    </vertex>
                    <vertex>
                        <position x="-6.51666" y="1.57731" z="-16.2505" />
                        <normal x="-0.308141" y="2.32619e-007" z="-0.951341" />
                        <colour_diffuse value="1 1 1 1" />
                        <texcoord u="0.604424" v="0.000499487" />
                    </vertex>
                    <vertex>
                        <position x="-12.4787" y="-6.41303e-006" z="-12.2291" />
                        <normal x="-0.766636" y="2.79302e-007" z="-0.642082" />
                        <colour_diffuse value="1 1 1 1" />
                        <texcoord u="0.795216" v="0.9995" />
                    </vertex>
                    <vertex>
                        <position x="-12.4787" y="1.57731" z="-12.2291" />
                        <normal x="-0.668446" y="4.51696e-007" z="-0.743761" />
                        <colour_diffuse value="1 1 1 1" />
                        <texcoord u="0.795216" v="0.000499487" />
                    </vertex>
                    <vertex>
                        <position x="-12.4787" y="-6.41303e-006" z="-12.2291" />
                        <normal x="-0.766636" y="2.79302e-007" z="-0.642082" />
                        <colour_diffuse value="1 1 1 1" />
                        <texcoord u="0.0859136" v="0.9995" />
                    </vertex>
                    <vertex>
                        <position x="-16.2897" y="-6.41303e-006" z="-6.13026" />
                        <normal x="-0.961515" y="0" z="-0.274752" />
                        <colour_diffuse value="1 1 1 1" />
                        <texcoord u="0.241973" v="0.9995" />
                    </vertex>
                    <vertex>
                        <position x="-16.2897" y="1.57731" z="-6.13026" />
                        <normal x="-0.913171" y="1.08913e-007" z="-0.407578" />
                        <colour_diffuse value="1 1 1 1" />
                        <texcoord u="0.241973" v="0.000499487" />
                    </vertex>
                    <vertex>
                        <position x="-12.4787" y="1.57731" z="-12.2291" />
                        <normal x="-0.668446" y="4.51696e-007" z="-0.743761" />
                        <colour_diffuse value="1 1 1 1" />
                        <texcoord u="0.0859136" v="0.000499487" />
                    </vertex>
                    <vertex>
                        <position x="-17.2906" y="-6.41303e-006" z="0.991324" />
                        <normal x="-0.99014" y="0" z="0.140084" />
                        <colour_diffuse value="1 1 1 1" />
                        <texcoord u="0.441693" v="0.9995" />
                    </vertex>
                    <vertex>
                        <position x="-17.2906" y="1.57731" z="0.991324" />
                        <normal x="-1" y="0" z="-0.00092118" />
                        <colour_diffuse value="1 1 1 1" />
                        <texcoord u="0.441693" v="0.000499487" />
                    </vertex>
                    <vertex>
                        <position x="-15.3083" y="-6.41303e-006" z="7.90431" />
                        <normal x="-0.84756" y="0" z="0.5307" />
                        <colour_diffuse value="1 1 1 1" />
                        <texcoord u="0.650541" v="0.9995" />
                    </vertex>
                    <vertex>
                        <position x="-15.3083" y="1.57731" z="7.90431" />
                        <normal x="-0.91392" y="0" z="0.405895" />
                        <colour_diffuse value="1 1 1 1" />
                        <texcoord u="0.650541" v="0.000499487" />
                    </vertex>
                    <vertex>
                        <position x="-10.6857" y="-6.41303e-006" z="13.4134" />
                        <normal x="-0.55843" y="0" z="0.829552" />
                        <colour_diffuse value="1 1 1 1" />
                        <texcoord u="0.832405" v="0.9995" />
                    </vertex>
                    <vertex>
                        <position x="-10.6857" y="1.57731" z="13.4134" />
                        <normal x="-0.669814" y="0" z="0.742529" />
                        <colour_diffuse value="1 1 1 1" />
                        <texcoord u="0.832405" v="0.000499487" />
                    </vertex>
                    <vertex>
                        <position x="-10.6857" y="-6.41303e-006" z="13.4134" />
                        <normal x="-0.55843" y="0" z="0.829552" />
                        <colour_diffuse value="1 1 1 1" />
                        <texcoord u="0.126754" v="0.9995" />
                    </vertex>
                    <vertex>
                        <position x="-4.22191" y="-6.41303e-006" z="16.566" />
                        <normal x="-0.172742" y="0" z="0.984967" />
                        <colour_diffuse value="1 1 1 1" />
                        <texcoord u="0.295716" v="0.9995" />
                    </vertex>
                    <vertex>
                        <position x="-4.22191" y="1.57731" z="16.566" />
                        <normal x="-0.309893" y="0" z="0.950771" />
                        <colour_diffuse value="1 1 1 1" />
                        <texcoord u="0.295716" v="0.000499487" />
                    </vertex>
                    <vertex>
                        <position x="-10.6857" y="1.57731" z="13.4134" />
                        <normal x="-0.669814" y="0" z="0.742529" />
                        <colour_diffuse value="1 1 1 1" />
                        <texcoord u="0.126754" v="0.000499487" />
                    </vertex>
                    <vertex>
                        <position x="2.96527" y="1.57731" z="16.8169" />
                        <normal x="0" y="1" z="-0" />
                        <colour_diffuse value="1 1 1 1" />
                        <texcoord u="0.999501" v="0.5" />
                    </vertex>
                    <vertex>
                        <position x="9.63318" y="1.57731" z="14.1229" />
                        <normal x="0" y="1" z="0" />
                        <colour_diffuse value="1 1 1 1" />
                        <texcoord u="0.955839" v="0.295716" />
                    </vertex>
                    <vertex>
                        <position x="14.6289" y="1.57731" z="8.94974" />
                        <normal x="0" y="1" z="-0" />
                        <colour_diffuse value="1 1 1 1" />
                        <texcoord u="0.832405" v="0.126754" />
                    </vertex>
                    <vertex>
                        <position x="17.0885" y="1.57731" z="2.19187" />
                        <normal x="0" y="1" z="-0" />
                        <colour_diffuse value="1 1 1 1" />
                        <texcoord u="0.650541" v="0.02233" />
                    </vertex>
                    <vertex>
                        <position x="16.5869" y="1.57731" z="-4.98218" />
                        <normal x="0" y="1" z="-0" />
                        <colour_diffuse value="1 1 1 1" />
                        <texcoord u="0.441693" v="0.000499368" />
                    </vertex>
                    <vertex>
                        <position x="13.2106" y="1.57731" z="-11.332" />
                        <normal x="0" y="1" z="-0" />
                        <colour_diffuse value="1 1 1 1" />
                        <texcoord u="0.241973" v="0.065037" />
                    </vertex>
                    <vertex>
                        <position x="7.5436" y="1.57731" z="-15.7595" />
                        <normal x="0" y="1" z="-0" />
                        <colour_diffuse value="1 1 1 1" />
                        <texcoord u="0.0859137" v="0.204784" />
                    </vertex>
                    <vertex>
                        <position x="0.565654" y="1.57731" z="-17.4993" />
                        <normal x="0" y="1" z="-0" />
                        <colour_diffuse value="1 1 1 1" />
                        <texcoord u="0.000499636" v="0.395576" />
                    </vertex>
                    <vertex>
                        <position x="-6.51666" y="1.57731" z="-16.2505" />
                        <normal x="0" y="1" z="-0" />
                        <colour_diffuse value="1 1 1 1" />
                        <texcoord u="0.000499576" v="0.604424" />
                    </vertex>
                    <vertex>
                        <position x="-12.4787" y="1.57731" z="-12.2291" />
                        <normal x="-0" y="1" z="-0" />
                        <colour_diffuse value="1 1 1 1" />
                        <texcoord u="0.0859136" v="0.795216" />
                    </vertex>
                    <vertex>
                        <position x="-16.2897" y="1.57731" z="-6.13026" />
                        <normal x="-0" y="1" z="-0" />
                        <colour_diffuse value="1 1 1 1" />
                        <texcoord u="0.241973" v="0.934963" />
                    </vertex>
                    <vertex>
                        <position x="-17.2906" y="1.57731" z="0.991324" />
                        <normal x="-0" y="1" z="-0" />
                        <colour_diffuse value="1 1 1 1" />
                        <texcoord u="0.441693" v="0.9995" />
                    </vertex>
                    <vertex>
                        <position x="-15.3083" y="1.57731" z="7.90431" />
                        <normal x="0" y="1" z="-0" />
                        <colour_diffuse value="1 1 1 1" />
                        <texcoord u="0.650541" v="0.97767" />
                    </vertex>
                    <vertex>
                        <position x="-10.6857" y="1.57731" z="13.4134" />
                        <normal x="0" y="1" z="-0" />
                        <colour_diffuse value="1 1 1 1" />
                        <texcoord u="0.832405" v="0.873246" />
                    </vertex>
                    <vertex>
                        <position x="-4.22191" y="1.57731" z="16.566" />
                        <normal x="0" y="1" z="-0" />
                        <colour_diffuse value="1 1 1 1" />
                        <texcoord u="0.955839" v="0.704284" />
                    </vertex>
                </vertexbuffer>
            </geometry>
        </submesh>
        <submesh material="Material_#149/cuir" usesharedvertices="false" use32bitindexes="false" operationtype="triangle_list">
            <faces count="73">
                <face v1="0" v2="1" v3="2" />
                <face v1="2" v2="3" v3="0" />
                <face v1="1" v2="4" v3="5" />
                <face v1="5" v2="2" v3="1" />
                <face v1="4" v2="6" v3="7" />
                <face v1="7" v2="5" v3="4" />
                <face v1="6" v2="8" v3="9" />
                <face v1="9" v2="7" v3="6" />
                <face v1="8" v2="10" v3="11" />
                <face v1="11" v2="9" v3="8" />
                <face v1="10" v2="12" v3="13" />
                <face v1="13" v2="11" v3="10" />
                <face v1="12" v2="14" v3="15" />
                <face v1="15" v2="13" v3="12" />
                <face v1="14" v2="16" v3="17" />
                <face v1="17" v2="15" v3="14" />
                <face v1="16" v2="18" v3="19" />
                <face v1="19" v2="17" v3="16" />
                <face v1="18" v2="20" v3="21" />
                <face v1="21" v2="19" v3="18" />
                <face v1="20" v2="22" v3="23" />
                <face v1="23" v2="21" v3="20" />
                <face v1="22" v2="24" v3="25" />
                <face v1="25" v2="23" v3="22" />
                <face v1="24" v2="26" v3="27" />
                <face v1="27" v2="25" v3="24" />
                <face v1="26" v2="28" v3="29" />
                <face v1="29" v2="27" v3="26" />
                <face v1="28" v2="0" v3="3" />
                <face v1="3" v2="29" v3="28" />
                <face v1="30" v2="31" v3="32" />
                <face v1="32" v2="33" v3="34" />
                <face v1="30" v2="32" v3="34" />
                <face v1="34" v2="35" v3="36" />
                <face v1="36" v2="37" v3="38" />
                <face v1="34" v2="36" v3="38" />
                <face v1="38" v2="39" v3="40" />
                <face v1="40" v2="41" v3="42" />
                <face v1="38" v2="40" v3="42" />
                <face v1="34" v2="38" v3="42" />
                <face v1="30" v2="34" v3="42" />
                <face v1="30" v2="42" v3="43" />
                <face v1="44" v2="30" v3="43" />
                <face v1="2" v2="31" v3="30" />
                <face v1="30" v2="3" v3="2" />
                <face v1="5" v2="32" v3="31" />
                <face v1="31" v2="2" v3="5" />
                <face v1="7" v2="33" v3="32" />
                <face v1="32" v2="5" v3="7" />
                <face v1="9" v2="34" v3="33" />
                <face v1="33" v2="7" v3="9" />
                <face v1="11" v2="35" v3="34" />
                <face v1="34" v2="9" v3="11" />
                <face v1="13" v2="36" v3="35" />
                <face v1="35" v2="11" v3="13" />
                <face v1="15" v2="37" v3="36" />
                <face v1="36" v2="13" v3="15" />
                <face v1="17" v2="38" v3="37" />
                <face v1="37" v2="15" v3="17" />
                <face v1="19" v2="39" v3="38" />
                <face v1="38" v2="17" v3="19" />
                <face v1="21" v2="40" v3="39" />
                <face v1="39" v2="19" v3="21" />
                <face v1="23" v2="41" v3="40" />
                <face v1="40" v2="21" v3="23" />
                <face v1="25" v2="42" v3="41" />
                <face v1="41" v2="23" v3="25" />
                <face v1="27" v2="43" v3="42" />
                <face v1="42" v2="25" v3="27" />
                <face v1="29" v2="44" v3="43" />
                <face v1="43" v2="27" v3="29" />
                <face v1="3" v2="30" v3="44" />
                <face v1="44" v2="29" v3="3" />
            </faces>
            <geometry vertexcount="45">
                <vertexbuffer positions="true" normals="true" colours_diffuse="true" texture_coord_dimensions_0="float2" texture_coords="1">
                    <vertex>
                        <position x="2.76517" y="73.27" z="15.6821" />
                        <normal x="0.240411" y="0.140368" z="0.960468" />
                        <colour_diffuse value="1 1 1 1" />
                        <texcoord u="0.589102" v="0.999501" />
                    </vertex>
                    <vertex>
                        <position x="8.9888" y="73.27" z="13.1676" />
                        <normal x="0.610284" y="0.140368" z="0.779648" />
                        <colour_diffuse value="1 1 1 1" />
                        <texcoord u="0.78286" v="0.921074" />
                    </vertex>
                    <vertex>
                        <position x="8.73869" y="76.4169" z="12.7968" />
                        <normal x="0.440247" y="0.471435" z="0.764154" />
                        <colour_diffuse value="1 1 1 1" />
                        <texcoord u="0.75153" v="0.874541" />
                    </vertex>
                    <vertex>
                        <position x="2.68751" y="76.4169" z="15.2416" />
                        <normal x="0.0913761" y="0.471435" z="0.877154" />
                        <colour_diffuse value="1 1 1 1" />
                        <texcoord u="0.579373" v="0.944224" />
                    </vertex>
                    <vertex>
                        <position x="13.6516" y="73.27" z="8.3391" />
                        <normal x="0.874634" y="0.140368" z="0.464018" />
                        <colour_diffuse value="1 1 1 1" />
                        <texcoord u="0.928027" v="0.770474" />
                    </vertex>
                    <vertex>
                        <position x="13.2723" y="76.4169" z="8.10209" />
                        <normal x="0.712995" y="0.471435" z="0.519025" />
                        <colour_diffuse value="1 1 1 1" />
                        <texcoord u="0.880514" v="0.74073" />
                    </vertex>
                    <vertex>
                        <position x="15.9474" y="73.27" z="2.0315" />
                        <normal x="0.987751" y="0.140368" z="0.0681568" />
                        <colour_diffuse value="1 1 1 1" />
                        <texcoord u="0.999501" v="0.573742" />
                    </vertex>
                    <vertex>
                        <position x="15.5045" y="76.4169" z="1.96926" />
                        <normal x="0.86246" y="0.471434" z="0.184152" />
                        <colour_diffuse value="1 1 1 1" />
                        <texcoord u="0.944019" v="0.56593" />
                    </vertex>
                    <vertex>
                        <position x="15.4792" y="73.27" z="-4.66455" />
                        <normal x="0.930077" y="0.140368" z="-0.33949" />
                        <colour_diffuse value="1 1 1 1" />
                        <texcoord u="0.984923" v="0.364894" />
                    </vertex>
                    <vertex>
                        <position x="15.0492" y="76.4169" z="-4.54127" />
                        <normal x="0.862798" y="0.471435" z="-0.182562" />
                        <colour_diffuse value="1 1 1 1" />
                        <texcoord u="0.931067" v="0.380365" />
                    </vertex>
                    <vertex>
                        <position x="12.3279" y="73.27" z="-10.5913" />
                        <normal x="0.711584" y="0.140368" z="-0.688436" />
                        <colour_diffuse value="1 1 1 1" />
                        <texcoord u="0.886815" v="0.180042" />
                    </vertex>
                    <vertex>
                        <position x="11.9853" y="76.4169" z="-10.3038" />
                        <normal x="0.71395" y="0.471436" z="-0.517711" />
                        <colour_diffuse value="1 1 1 1" />
                        <texcoord u="0.843897" v="0.216121" />
                    </vertex>
                    <vertex>
                        <position x="7.03845" y="73.27" z="-14.7238" />
                        <normal x="0.370052" y="0.140368" z="-0.918345" />
                        <colour_diffuse value="1 1 1 1" />
                        <texcoord u="0.722141" v="0.0511478" />
                    </vertex>
                    <vertex>
                        <position x="6.84238" y="76.4169" z="-14.3218" />
                        <normal x="0.441653" y="0.471436" z="-0.763342" />
                        <colour_diffuse value="1 1 1 1" />
                        <texcoord u="0.69758" v="0.101596" />
                    </vertex>
                    <vertex>
                        <position x="0.525436" y="73.27" z="-16.3477" />
                        <normal x="-0.0354649" y="0.140368" z="-0.989464" />
                        <colour_diffuse value="1 1 1 1" />
                        <texcoord u="0.519373" v="0.000499487" />
                    </vertex>
                    <vertex>
                        <position x="0.509827" y="76.4169" z="-15.9007" />
                        <normal x="0.0929914" y="0.471436" z="-0.876984" />
                        <colour_diffuse value="1 1 1 1" />
                        <texcoord u="0.517417" v="0.0565944" />
                    </vertex>
                    <vertex>
                        <position x="-6.085" y="73.27" z="-15.1821" />
                        <normal x="-0.43485" y="0.140368" z="-0.889495" />
                        <colour_diffuse value="1 1 1 1" />
                        <texcoord u="0.313572" v="0.0368541" />
                    </vertex>
                    <vertex>
                        <position x="-5.91745" y="76.4169" z="-14.7674" />
                        <normal x="-0.27175" y="0.471436" z="-0.838988" />
                        <colour_diffuse value="1 1 1 1" />
                        <texcoord u="0.33456" v="0.0888962" />
                    </vertex>
                    <vertex>
                        <position x="-11.6498" y="73.27" z="-11.4286" />
                        <normal x="-0.759046" y="0.140369" z="-0.635725" />
                        <colour_diffuse value="1 1 1 1" />
                        <texcoord u="0.140324" v="0.153926" />
                    </vertex>
                    <vertex>
                        <position x="-11.3281" y="76.4169" z="-11.1179" />
                        <normal x="-0.589503" y="0.471435" z="-0.655923" />
                        <colour_diffuse value="1 1 1 1" />
                        <texcoord u="0.180626" v="0.192916" />
                    </vertex>
                    <vertex>
                        <position x="-15.2069" y="73.27" z="-5.73614" />
                        <normal x="-0.951995" y="0.140369" z="-0.272032" />
                        <colour_diffuse value="1 1 1 1" />
                        <texcoord u="0.0295834" v="0.331471" />
                    </vertex>
                    <vertex>
                        <position x="-14.7866" y="76.4169" z="-5.58316" />
                        <normal x="-0.805325" y="0.471436" z="-0.359443" />
                        <colour_diffuse value="1 1 1 1" />
                        <texcoord u="0.082231" v="0.350668" />
                    </vertex>
                    <vertex>
                        <position x="-16.1411" y="73.27" z="0.910946" />
                        <normal x="-0.980336" y="0.140369" z="0.138698" />
                        <colour_diffuse value="1 1 1 1" />
                        <texcoord u="0.000499517" v="0.538792" />
                    </vertex>
                    <vertex>
                        <position x="-15.6949" y="76.4169" z="0.879746" />
                        <normal x="-0.8819" y="0.471436" z="-0.00081214" />
                        <colour_diffuse value="1 1 1 1" />
                        <texcoord u="0.0563896" v="0.534876" />
                    </vertex>
                    <vertex>
                        <position x="-14.2909" y="73.27" z="7.36332" />
                        <normal x="-0.839168" y="0.140368" z="0.525446" />
                        <colour_diffuse value="1 1 1 1" />
                        <texcoord u="0.058101" v="0.74004" />
                    </vertex>
                    <vertex>
                        <position x="-13.896" y="76.4169" z="7.15334" />
                        <normal x="-0.805986" y="0.471435" z="0.35796" />
                        <colour_diffuse value="1 1 1 1" />
                        <texcoord u="0.107569" v="0.713689" />
                    </vertex>
                    <vertex>
                        <position x="-9.97621" y="73.27" z="12.5053" />
                        <normal x="-0.552901" y="0.140368" z="0.821339" />
                        <colour_diffuse value="1 1 1 1" />
                        <texcoord u="0.192428" v="0.900417" />
                    </vertex>
                    <vertex>
                        <position x="-9.70085" y="76.4169" z="12.1529" />
                        <normal x="-0.59071" y="0.471436" z="0.654836" />
                        <colour_diffuse value="1 1 1 1" />
                        <texcoord u="0.226921" v="0.856187" />
                    </vertex>
                    <vertex>
                        <position x="-3.94315" y="73.27" z="15.4478" />
                        <normal x="-0.171031" y="0.140368" z="0.975215" />
                        <colour_diffuse value="1 1 1 1" />
                        <texcoord u="0.380253" v="0.992194" />
                    </vertex>
                    <vertex>
                        <position x="-3.83494" y="76.4169" z="15.0139" />
                        <normal x="-0.273295" y="0.471435" z="0.838486" />
                        <colour_diffuse value="1 1 1 1" />
                        <texcoord u="0.393808" v="0.937732" />
                    </vertex>
                    <vertex>
                        <position x="2.49879" y="77.394" z="14.1714" />
                        <normal x="0.0646368" y="0.963919" z="0.258231" />
                        <colour_diffuse value="1 1 1 1" />
                        <texcoord u="0.574004" v="0.913719" />
                    </vertex>
                    <vertex>
                        <position x="8.13097" y="77.394" z="11.8958" />
                        <normal x="0.32496" y="0.84974" z="0.415142" />
                        <colour_diffuse value="1 1 1 1" />
                        <texcoord u="0.734241" v="0.84886" />
                    </vertex>
                    <vertex>
                        <position x="12.3507" y="77.394" z="7.52617" />
                        <normal x="0.315378" y="0.934099" z="0.167317" />
                        <colour_diffuse value="1 1 1 1" />
                        <texcoord u="0.854293" v="0.724315" />
                    </vertex>
                    <vertex>
                        <position x="14.4283" y="77.394" z="1.818" />
                        <normal x="0.525952" y="0.84974" z="0.0362918" />
                        <colour_diffuse value="1 1 1 1" />
                        <texcoord u="0.913401" v="0.561619" />
                    </vertex>
                    <vertex>
                        <position x="14.0046" y="77.394" z="-4.24171" />
                        <normal x="0.221399" y="0.971829" z="-0.0808136" />
                        <colour_diffuse value="1 1 1 1" />
                        <texcoord u="0.901346" v="0.388903" />
                    </vertex>
                    <vertex>
                        <position x="11.1527" y="77.394" z="-9.60518" />
                        <normal x="0.378899" y="0.849741" z="-0.366573" />
                        <colour_diffuse value="1 1 1 1" />
                        <texcoord u="0.820211" v="0.236032" />
                    </vertex>
                    <vertex>
                        <position x="6.36597" y="77.394" z="-13.345" />
                        <normal x="0.133434" y="0.9341" z="-0.331139" />
                        <colour_diffuse value="1 1 1 1" />
                        <texcoord u="0.684026" v="0.129437" />
                    </vertex>
                    <vertex>
                        <position x="0.471893" y="77.394" z="-14.8146" />
                        <normal x="-0.0188841" y="0.849741" z="-0.526862" />
                        <colour_diffuse value="1 1 1 1" />
                        <texcoord u="0.516338" v="0.0875515" />
                    </vertex>
                    <vertex>
                        <position x="-5.51033" y="77.394" z="-13.7598" />
                        <normal x="-0.116913" y="0.963919" z="-0.239149" />
                        <colour_diffuse value="1 1 1 1" />
                        <texcoord u="0.346142" v="0.117617" />
                    </vertex>
                    <vertex>
                        <position x="-10.5463" y="77.394" z="-10.3629" />
                        <normal x="-0.404171" y="0.849741" z="-0.338506" />
                        <colour_diffuse value="1 1 1 1" />
                        <texcoord u="0.202867" v="0.214434" />
                    </vertex>
                    <vertex>
                        <position x="-13.7653" y="77.394" z="-5.21145" />
                        <normal x="-0.343273" y="0.9341" z="-0.0980899" />
                        <colour_diffuse value="1 1 1 1" />
                        <texcoord u="0.111286" v="0.361263" />
                    </vertex>
                    <vertex>
                        <position x="-14.6107" y="77.394" z="0.803936" />
                        <normal x="-0.522003" y="0.84974" z="0.0738529" />
                        <colour_diffuse value="1 1 1 1" />
                        <texcoord u="0.0872336" v="0.532716" />
                    </vertex>
                    <vertex>
                        <position x="-12.9364" y="77.394" z="6.64313" />
                        <normal x="-0.225619" y="0.963918" z="0.141271" />
                        <colour_diffuse value="1 1 1 1" />
                        <texcoord u="0.134869" v="0.699147" />
                    </vertex>
                    <vertex>
                        <position x="-9.03176" y="77.394" z="11.2965" />
                        <normal x="-0.238778" y="0.903973" z="0.354707" />
                        <colour_diffuse value="1 1 1 1" />
                        <texcoord u="0.245957" v="0.831778" />
                    </vertex>
                    <vertex>
                        <position x="-3.57202" y="77.394" z="13.9594" />
                        <normal x="-0.0910696" y="0.849741" z="0.519276" />
                        <colour_diffuse value="1 1 1 1" />
                        <texcoord u="0.401288" v="0.907676" />
                    </vertex>
                </vertexbuffer>
            </geometry>
        </submesh>
    </submeshes>
    <submeshnames>
        <submeshname name="Material_#149/metal" index="0" />
        <submeshname name="Material_#149/cuir" index="1" />
    </submeshnames>
</mesh>
