<mesh>
    <submeshes>
        <submesh material="trigger" usesharedvertices="false" use32bitindexes="false" operationtype="triangle_list">
            <faces count="196">
                <face v1="0" v2="1" v3="2" />
                <face v1="2" v2="3" v3="0" />
                <face v1="2" v2="4" v3="5" />
                <face v1="6" v2="3" v3="2" />
                <face v1="2" v2="5" v3="6" />
                <face v1="3" v2="6" v3="7" />
                <face v1="8" v2="0" v3="3" />
                <face v1="3" v2="7" v3="8" />
                <face v1="0" v2="8" v3="9" />
                <face v1="10" v2="1" v3="0" />
                <face v1="0" v2="9" v3="10" />
                <face v1="1" v2="10" v3="11" />
                <face v1="4" v2="2" v3="1" />
                <face v1="1" v2="11" v3="4" />
                <face v1="12" v2="13" v3="14" />
                <face v1="14" v2="15" v3="12" />
                <face v1="16" v2="17" v3="13" />
                <face v1="13" v2="12" v3="16" />
                <face v1="18" v2="19" v3="17" />
                <face v1="17" v2="16" v3="18" />
                <face v1="20" v2="21" v3="19" />
                <face v1="19" v2="18" v3="20" />
                <face v1="22" v2="23" v3="21" />
                <face v1="21" v2="20" v3="22" />
                <face v1="24" v2="25" v3="23" />
                <face v1="23" v2="22" v3="24" />
                <face v1="26" v2="27" v3="25" />
                <face v1="25" v2="24" v3="26" />
                <face v1="28" v2="29" v3="27" />
                <face v1="27" v2="26" v3="28" />
                <face v1="30" v2="31" v3="32" />
                <face v1="33" v2="34" v3="32" />
                <face v1="32" v2="31" v3="33" />
                <face v1="34" v2="33" v3="35" />
                <face v1="36" v2="37" v3="35" />
                <face v1="35" v2="33" v3="36" />
                <face v1="37" v2="36" v3="38" />
                <face v1="39" v2="40" v3="38" />
                <face v1="38" v2="36" v3="39" />
                <face v1="40" v2="39" v3="41" />
                <face v1="31" v2="30" v3="41" />
                <face v1="41" v2="39" v3="31" />
                <face v1="33" v2="31" v3="39" />
                <face v1="39" v2="36" v3="33" />
                <face v1="42" v2="43" v3="44" />
                <face v1="44" v2="45" v3="42" />
                <face v1="44" v2="46" v3="47" />
                <face v1="48" v2="45" v3="44" />
                <face v1="44" v2="47" v3="48" />
                <face v1="45" v2="48" v3="49" />
                <face v1="50" v2="42" v3="45" />
                <face v1="45" v2="49" v3="50" />
                <face v1="42" v2="50" v3="51" />
                <face v1="52" v2="43" v3="42" />
                <face v1="42" v2="51" v3="52" />
                <face v1="43" v2="52" v3="53" />
                <face v1="46" v2="44" v3="43" />
                <face v1="43" v2="53" v3="46" />
                <face v1="54" v2="55" v3="56" />
                <face v1="56" v2="57" v3="54" />
                <face v1="58" v2="59" v3="55" />
                <face v1="55" v2="54" v3="58" />
                <face v1="60" v2="61" v3="59" />
                <face v1="59" v2="58" v3="60" />
                <face v1="62" v2="63" v3="61" />
                <face v1="61" v2="60" v3="62" />
                <face v1="64" v2="65" v3="63" />
                <face v1="63" v2="62" v3="64" />
                <face v1="66" v2="67" v3="65" />
                <face v1="65" v2="64" v3="66" />
                <face v1="68" v2="69" v3="67" />
                <face v1="67" v2="66" v3="68" />
                <face v1="70" v2="71" v3="69" />
                <face v1="69" v2="68" v3="70" />
                <face v1="72" v2="73" v3="74" />
                <face v1="75" v2="76" v3="74" />
                <face v1="74" v2="73" v3="75" />
                <face v1="76" v2="75" v3="77" />
                <face v1="78" v2="79" v3="77" />
                <face v1="77" v2="75" v3="78" />
                <face v1="79" v2="78" v3="80" />
                <face v1="81" v2="82" v3="80" />
                <face v1="80" v2="78" v3="81" />
                <face v1="82" v2="81" v3="83" />
                <face v1="73" v2="72" v3="83" />
                <face v1="83" v2="81" v3="73" />
                <face v1="75" v2="73" v3="81" />
                <face v1="81" v2="78" v3="75" />
                <face v1="84" v2="85" v3="86" />
                <face v1="86" v2="87" v3="84" />
                <face v1="88" v2="89" v3="90" />
                <face v1="90" v2="91" v3="88" />
                <face v1="92" v2="93" v3="94" />
                <face v1="94" v2="95" v3="92" />
                <face v1="87" v2="86" v3="96" />
                <face v1="96" v2="97" v3="87" />
                <face v1="91" v2="90" v3="98" />
                <face v1="98" v2="99" v3="91" />
                <face v1="95" v2="94" v3="100" />
                <face v1="100" v2="101" v3="95" />
                <face v1="97" v2="96" v3="102" />
                <face v1="102" v2="103" v3="97" />
                <face v1="99" v2="98" v3="104" />
                <face v1="104" v2="105" v3="99" />
                <face v1="101" v2="100" v3="106" />
                <face v1="106" v2="107" v3="101" />
                <face v1="103" v2="102" v3="108" />
                <face v1="108" v2="109" v3="103" />
                <face v1="105" v2="104" v3="110" />
                <face v1="110" v2="111" v3="105" />
                <face v1="107" v2="106" v3="112" />
                <face v1="112" v2="113" v3="107" />
                <face v1="109" v2="108" v3="114" />
                <face v1="114" v2="115" v3="109" />
                <face v1="111" v2="110" v3="116" />
                <face v1="116" v2="117" v3="111" />
                <face v1="113" v2="112" v3="118" />
                <face v1="118" v2="119" v3="113" />
                <face v1="115" v2="114" v3="120" />
                <face v1="120" v2="121" v3="115" />
                <face v1="117" v2="116" v3="122" />
                <face v1="122" v2="123" v3="117" />
                <face v1="119" v2="118" v3="124" />
                <face v1="124" v2="125" v3="119" />
                <face v1="121" v2="120" v3="126" />
                <face v1="126" v2="127" v3="121" />
                <face v1="123" v2="122" v3="128" />
                <face v1="128" v2="129" v3="123" />
                <face v1="125" v2="124" v3="130" />
                <face v1="130" v2="131" v3="125" />
                <face v1="127" v2="126" v3="132" />
                <face v1="132" v2="133" v3="127" />
                <face v1="129" v2="128" v3="134" />
                <face v1="134" v2="135" v3="129" />
                <face v1="131" v2="130" v3="136" />
                <face v1="136" v2="137" v3="131" />
                <face v1="133" v2="132" v3="138" />
                <face v1="138" v2="139" v3="133" />
                <face v1="135" v2="134" v3="140" />
                <face v1="140" v2="141" v3="135" />
                <face v1="137" v2="136" v3="142" />
                <face v1="142" v2="143" v3="137" />
                <face v1="139" v2="138" v3="144" />
                <face v1="144" v2="145" v3="139" />
                <face v1="141" v2="140" v3="146" />
                <face v1="146" v2="147" v3="141" />
                <face v1="143" v2="142" v3="148" />
                <face v1="148" v2="149" v3="143" />
                <face v1="145" v2="144" v3="150" />
                <face v1="150" v2="151" v3="145" />
                <face v1="147" v2="146" v3="152" />
                <face v1="152" v2="153" v3="147" />
                <face v1="149" v2="148" v3="154" />
                <face v1="154" v2="155" v3="149" />
                <face v1="151" v2="150" v3="156" />
                <face v1="156" v2="157" v3="151" />
                <face v1="153" v2="152" v3="158" />
                <face v1="158" v2="159" v3="153" />
                <face v1="155" v2="154" v3="160" />
                <face v1="160" v2="161" v3="155" />
                <face v1="157" v2="156" v3="162" />
                <face v1="162" v2="163" v3="157" />
                <face v1="159" v2="158" v3="164" />
                <face v1="164" v2="165" v3="159" />
                <face v1="161" v2="160" v3="166" />
                <face v1="166" v2="167" v3="161" />
                <face v1="163" v2="162" v3="168" />
                <face v1="168" v2="169" v3="163" />
                <face v1="165" v2="164" v3="170" />
                <face v1="170" v2="171" v3="165" />
                <face v1="167" v2="166" v3="172" />
                <face v1="172" v2="173" v3="167" />
                <face v1="169" v2="168" v3="174" />
                <face v1="174" v2="175" v3="169" />
                <face v1="171" v2="170" v3="176" />
                <face v1="176" v2="177" v3="171" />
                <face v1="173" v2="172" v3="178" />
                <face v1="178" v2="179" v3="173" />
                <face v1="175" v2="174" v3="180" />
                <face v1="180" v2="181" v3="175" />
                <face v1="177" v2="176" v3="182" />
                <face v1="182" v2="183" v3="177" />
                <face v1="179" v2="178" v3="184" />
                <face v1="184" v2="185" v3="179" />
                <face v1="181" v2="180" v3="186" />
                <face v1="186" v2="187" v3="181" />
                <face v1="183" v2="182" v3="188" />
                <face v1="188" v2="189" v3="183" />
                <face v1="185" v2="184" v3="190" />
                <face v1="190" v2="191" v3="185" />
                <face v1="187" v2="186" v3="192" />
                <face v1="192" v2="193" v3="187" />
                <face v1="189" v2="188" v3="194" />
                <face v1="194" v2="195" v3="189" />
                <face v1="191" v2="190" v3="196" />
                <face v1="196" v2="197" v3="191" />
            </faces>
            <geometry vertexcount="198">
                <vertexbuffer positions="true">
                    <vertex>
                        <position x="-7.51079" y="49.1334" z="7.51079" />
                    </vertex>
                    <vertex>
                        <position x="-7.51079" y="49.1334" z="-7.51079" />
                    </vertex>
                    <vertex>
                        <position x="7.51079" y="49.1333" z="-7.51079" />
                    </vertex>
                    <vertex>
                        <position x="7.51079" y="49.1333" z="7.51079" />
                    </vertex>
                    <vertex>
                        <position x="7.51079" y="50.6718" z="-8.89488" />
                    </vertex>
                    <vertex>
                        <position x="8.89488" y="50.6718" z="-7.51079" />
                    </vertex>
                    <vertex>
                        <position x="8.89488" y="50.6718" z="7.51079" />
                    </vertex>
                    <vertex>
                        <position x="7.51079" y="50.6718" z="8.89488" />
                    </vertex>
                    <vertex>
                        <position x="-7.51079" y="50.6718" z="8.89488" />
                    </vertex>
                    <vertex>
                        <position x="-8.89488" y="50.6718" z="7.51079" />
                    </vertex>
                    <vertex>
                        <position x="-8.89488" y="50.6718" z="-7.51079" />
                    </vertex>
                    <vertex>
                        <position x="-7.51079" y="50.6718" z="-8.89488" />
                    </vertex>
                    <vertex>
                        <position x="12.4663" y="139.08" z="-10.5265" />
                    </vertex>
                    <vertex>
                        <position x="8.89488" y="50.6718" z="-7.51079" />
                    </vertex>
                    <vertex>
                        <position x="7.51079" y="50.6718" z="-8.89488" />
                    </vertex>
                    <vertex>
                        <position x="10.5265" y="139.08" z="-12.4663" />
                    </vertex>
                    <vertex>
                        <position x="12.4663" y="139.08" z="10.5265" />
                    </vertex>
                    <vertex>
                        <position x="8.89488" y="50.6718" z="7.51079" />
                    </vertex>
                    <vertex>
                        <position x="10.5265" y="139.08" z="12.4663" />
                    </vertex>
                    <vertex>
                        <position x="7.51079" y="50.6718" z="8.89488" />
                    </vertex>
                    <vertex>
                        <position x="-10.5265" y="139.08" z="12.4663" />
                    </vertex>
                    <vertex>
                        <position x="-7.51079" y="50.6718" z="8.89488" />
                    </vertex>
                    <vertex>
                        <position x="-12.4663" y="139.08" z="10.5265" />
                    </vertex>
                    <vertex>
                        <position x="-8.89488" y="50.6718" z="7.51079" />
                    </vertex>
                    <vertex>
                        <position x="-12.4663" y="139.08" z="-10.5265" />
                    </vertex>
                    <vertex>
                        <position x="-8.89488" y="50.6718" z="-7.51079" />
                    </vertex>
                    <vertex>
                        <position x="-10.5265" y="139.08" z="-12.4663" />
                    </vertex>
                    <vertex>
                        <position x="-7.51079" y="50.6718" z="-8.89488" />
                    </vertex>
                    <vertex>
                        <position x="10.5265" y="139.08" z="-12.4663" />
                    </vertex>
                    <vertex>
                        <position x="7.51079" y="50.6718" z="-8.89488" />
                    </vertex>
                    <vertex>
                        <position x="10.5265" y="139.08" z="-12.4663" />
                    </vertex>
                    <vertex>
                        <position x="10.5265" y="140.618" z="-10.5265" />
                    </vertex>
                    <vertex>
                        <position x="12.4663" y="139.08" z="-10.5265" />
                    </vertex>
                    <vertex>
                        <position x="10.5265" y="140.618" z="10.5265" />
                    </vertex>
                    <vertex>
                        <position x="12.4663" y="139.08" z="10.5265" />
                    </vertex>
                    <vertex>
                        <position x="10.5265" y="139.08" z="12.4663" />
                    </vertex>
                    <vertex>
                        <position x="-10.5265" y="140.618" z="10.5265" />
                    </vertex>
                    <vertex>
                        <position x="-10.5265" y="139.08" z="12.4663" />
                    </vertex>
                    <vertex>
                        <position x="-12.4663" y="139.08" z="10.5265" />
                    </vertex>
                    <vertex>
                        <position x="-10.5265" y="140.618" z="-10.5265" />
                    </vertex>
                    <vertex>
                        <position x="-12.4663" y="139.08" z="-10.5265" />
                    </vertex>
                    <vertex>
                        <position x="-10.5265" y="139.08" z="-12.4663" />
                    </vertex>
                    <vertex>
                        <position x="-7.51079" y="18.125" z="7.51078" />
                    </vertex>
                    <vertex>
                        <position x="-7.51079" y="18.125" z="-7.51079" />
                    </vertex>
                    <vertex>
                        <position x="7.51079" y="18.125" z="-7.51079" />
                    </vertex>
                    <vertex>
                        <position x="7.51079" y="18.125" z="7.51079" />
                    </vertex>
                    <vertex>
                        <position x="7.51079" y="19.6635" z="-8.89488" />
                    </vertex>
                    <vertex>
                        <position x="8.89488" y="19.6635" z="-7.51079" />
                    </vertex>
                    <vertex>
                        <position x="8.89488" y="19.6635" z="7.51079" />
                    </vertex>
                    <vertex>
                        <position x="7.51079" y="19.6635" z="8.89488" />
                    </vertex>
                    <vertex>
                        <position x="-7.51079" y="19.6635" z="8.89488" />
                    </vertex>
                    <vertex>
                        <position x="-8.89488" y="19.6635" z="7.51078" />
                    </vertex>
                    <vertex>
                        <position x="-8.89488" y="19.6635" z="-7.51079" />
                    </vertex>
                    <vertex>
                        <position x="-7.51079" y="19.6635" z="-8.89489" />
                    </vertex>
                    <vertex>
                        <position x="8.89489" y="36.3605" z="-7.51079" />
                    </vertex>
                    <vertex>
                        <position x="8.89488" y="19.6635" z="-7.51079" />
                    </vertex>
                    <vertex>
                        <position x="7.51079" y="19.6635" z="-8.89488" />
                    </vertex>
                    <vertex>
                        <position x="7.5108" y="36.3605" z="-8.89488" />
                    </vertex>
                    <vertex>
                        <position x="8.89488" y="36.3605" z="7.51079" />
                    </vertex>
                    <vertex>
                        <position x="8.89488" y="19.6635" z="7.51079" />
                    </vertex>
                    <vertex>
                        <position x="7.51079" y="36.3605" z="8.89488" />
                    </vertex>
                    <vertex>
                        <position x="7.51079" y="19.6635" z="8.89488" />
                    </vertex>
                    <vertex>
                        <position x="-7.51079" y="36.3606" z="8.89488" />
                    </vertex>
                    <vertex>
                        <position x="-7.51079" y="19.6635" z="8.89488" />
                    </vertex>
                    <vertex>
                        <position x="-8.89488" y="36.3606" z="7.51079" />
                    </vertex>
                    <vertex>
                        <position x="-8.89488" y="19.6635" z="7.51078" />
                    </vertex>
                    <vertex>
                        <position x="-8.89488" y="36.3606" z="-7.51079" />
                    </vertex>
                    <vertex>
                        <position x="-8.89488" y="19.6635" z="-7.51079" />
                    </vertex>
                    <vertex>
                        <position x="-7.51079" y="36.3606" z="-8.89488" />
                    </vertex>
                    <vertex>
                        <position x="-7.51079" y="19.6635" z="-8.89489" />
                    </vertex>
                    <vertex>
                        <position x="7.5108" y="36.3605" z="-8.89488" />
                    </vertex>
                    <vertex>
                        <position x="7.51079" y="19.6635" z="-8.89488" />
                    </vertex>
                    <vertex>
                        <position x="7.5108" y="36.3605" z="-8.89488" />
                    </vertex>
                    <vertex>
                        <position x="7.51079" y="37.899" z="-7.51079" />
                    </vertex>
                    <vertex>
                        <position x="8.89489" y="36.3605" z="-7.51079" />
                    </vertex>
                    <vertex>
                        <position x="7.51079" y="37.899" z="7.51079" />
                    </vertex>
                    <vertex>
                        <position x="8.89488" y="36.3605" z="7.51079" />
                    </vertex>
                    <vertex>
                        <position x="7.51079" y="36.3605" z="8.89488" />
                    </vertex>
                    <vertex>
                        <position x="-7.51079" y="37.899" z="7.51079" />
                    </vertex>
                    <vertex>
                        <position x="-7.51079" y="36.3606" z="8.89488" />
                    </vertex>
                    <vertex>
                        <position x="-8.89488" y="36.3606" z="7.51079" />
                    </vertex>
                    <vertex>
                        <position x="-7.51079" y="37.899" z="-7.51079" />
                    </vertex>
                    <vertex>
                        <position x="-8.89488" y="36.3606" z="-7.51079" />
                    </vertex>
                    <vertex>
                        <position x="-7.51079" y="36.3606" z="-8.89488" />
                    </vertex>
                    <vertex>
                        <position x="6.79179e-006" y="6.47253" z="-49.6539" />
                    </vertex>
                    <vertex>
                        <position x="6.97503e-006" y="-0.0039978" z="-49.6539" />
                    </vertex>
                    <vertex>
                        <position x="-16.9826" y="-0.0039978" z="-46.6594" />
                    </vertex>
                    <vertex>
                        <position x="-16.9826" y="6.47252" z="-46.6594" />
                    </vertex>
                    <vertex>
                        <position x="6.33881e-006" y="-0.0039978" z="-44.8022" />
                    </vertex>
                    <vertex>
                        <position x="6.15557e-006" y="6.47253" z="-44.8022" />
                    </vertex>
                    <vertex>
                        <position x="-15.3233" y="6.47251" z="-42.1003" />
                    </vertex>
                    <vertex>
                        <position x="-15.3233" y="-0.00400543" z="-42.1003" />
                    </vertex>
                    <vertex>
                        <position x="6.15557e-006" y="6.47253" z="-44.8022" />
                    </vertex>
                    <vertex>
                        <position x="6.79179e-006" y="6.47253" z="-49.6539" />
                    </vertex>
                    <vertex>
                        <position x="-16.9826" y="6.47252" z="-46.6594" />
                    </vertex>
                    <vertex>
                        <position x="-15.3233" y="6.47251" z="-42.1003" />
                    </vertex>
                    <vertex>
                        <position x="-31.9169" y="-0.00400543" z="-38.0371" />
                    </vertex>
                    <vertex>
                        <position x="-31.9169" y="6.47252" z="-38.0371" />
                    </vertex>
                    <vertex>
                        <position x="-28.7983" y="6.47252" z="-34.3205" />
                    </vertex>
                    <vertex>
                        <position x="-28.7983" y="-0.00400543" z="-34.3205" />
                    </vertex>
                    <vertex>
                        <position x="-31.9169" y="6.47252" z="-38.0371" />
                    </vertex>
                    <vertex>
                        <position x="-28.7983" y="6.47252" z="-34.3205" />
                    </vertex>
                    <vertex>
                        <position x="-43.0015" y="-0.00400543" z="-24.827" />
                    </vertex>
                    <vertex>
                        <position x="-43.0016" y="6.47252" z="-24.827" />
                    </vertex>
                    <vertex>
                        <position x="-38.7999" y="6.47252" z="-22.4011" />
                    </vertex>
                    <vertex>
                        <position x="-38.7999" y="-0.00400543" z="-22.4011" />
                    </vertex>
                    <vertex>
                        <position x="-43.0016" y="6.47252" z="-24.827" />
                    </vertex>
                    <vertex>
                        <position x="-38.7999" y="6.47252" z="-22.4011" />
                    </vertex>
                    <vertex>
                        <position x="-48.8996" y="-0.00400543" z="-8.62232" />
                    </vertex>
                    <vertex>
                        <position x="-48.8996" y="6.47252" z="-8.62232" />
                    </vertex>
                    <vertex>
                        <position x="-44.1216" y="6.47252" z="-7.77983" />
                    </vertex>
                    <vertex>
                        <position x="-44.1216" y="-0.00400543" z="-7.77983" />
                    </vertex>
                    <vertex>
                        <position x="-48.8996" y="6.47252" z="-8.62232" />
                    </vertex>
                    <vertex>
                        <position x="-44.1216" y="6.47252" z="-7.77983" />
                    </vertex>
                    <vertex>
                        <position x="-48.8996" y="-0.00400543" z="8.62231" />
                    </vertex>
                    <vertex>
                        <position x="-48.8996" y="6.47252" z="8.62231" />
                    </vertex>
                    <vertex>
                        <position x="-44.1216" y="6.47252" z="7.77982" />
                    </vertex>
                    <vertex>
                        <position x="-44.1216" y="-0.00400543" z="7.77982" />
                    </vertex>
                    <vertex>
                        <position x="-48.8996" y="6.47252" z="8.62231" />
                    </vertex>
                    <vertex>
                        <position x="-44.1216" y="6.47252" z="7.77982" />
                    </vertex>
                    <vertex>
                        <position x="-43.0015" y="-0.00400543" z="24.827" />
                    </vertex>
                    <vertex>
                        <position x="-43.0016" y="6.47252" z="24.827" />
                    </vertex>
                    <vertex>
                        <position x="-38.7999" y="6.47252" z="22.4011" />
                    </vertex>
                    <vertex>
                        <position x="-38.7999" y="-0.00400543" z="22.4011" />
                    </vertex>
                    <vertex>
                        <position x="-43.0016" y="6.47252" z="24.827" />
                    </vertex>
                    <vertex>
                        <position x="-38.7999" y="6.47252" z="22.4011" />
                    </vertex>
                    <vertex>
                        <position x="-31.9169" y="-7.62939e-006" z="38.0371" />
                    </vertex>
                    <vertex>
                        <position x="-31.9169" y="6.47252" z="38.0371" />
                    </vertex>
                    <vertex>
                        <position x="-28.7983" y="6.47252" z="34.3205" />
                    </vertex>
                    <vertex>
                        <position x="-28.7983" y="-0.00400543" z="34.3205" />
                    </vertex>
                    <vertex>
                        <position x="-31.9169" y="6.47252" z="38.0371" />
                    </vertex>
                    <vertex>
                        <position x="-28.7983" y="6.47252" z="34.3205" />
                    </vertex>
                    <vertex>
                        <position x="-16.9826" y="-0.00401306" z="46.6594" />
                    </vertex>
                    <vertex>
                        <position x="-16.9826" y="6.4725" z="46.6594" />
                    </vertex>
                    <vertex>
                        <position x="-15.3233" y="6.47251" z="42.1003" />
                    </vertex>
                    <vertex>
                        <position x="-15.3233" y="-0.00400543" z="42.1003" />
                    </vertex>
                    <vertex>
                        <position x="-16.9826" y="6.4725" z="46.6594" />
                    </vertex>
                    <vertex>
                        <position x="-15.3233" y="6.47251" z="42.1003" />
                    </vertex>
                    <vertex>
                        <position x="1.01317e-005" y="-0.00401306" z="49.6539" />
                    </vertex>
                    <vertex>
                        <position x="9.94844e-006" y="6.47251" z="49.6539" />
                    </vertex>
                    <vertex>
                        <position x="9.00378e-006" y="6.47251" z="44.8022" />
                    </vertex>
                    <vertex>
                        <position x="9.18702e-006" y="-0.00401306" z="44.8022" />
                    </vertex>
                    <vertex>
                        <position x="9.94844e-006" y="6.47251" z="49.6539" />
                    </vertex>
                    <vertex>
                        <position x="9.00378e-006" y="6.47251" z="44.8022" />
                    </vertex>
                    <vertex>
                        <position x="16.9826" y="-0.00401306" z="46.6594" />
                    </vertex>
                    <vertex>
                        <position x="16.9826" y="6.47251" z="46.6594" />
                    </vertex>
                    <vertex>
                        <position x="15.3233" y="6.47252" z="42.1003" />
                    </vertex>
                    <vertex>
                        <position x="15.3233" y="-0.00400543" z="42.1003" />
                    </vertex>
                    <vertex>
                        <position x="16.9826" y="6.47251" z="46.6594" />
                    </vertex>
                    <vertex>
                        <position x="15.3233" y="6.47252" z="42.1003" />
                    </vertex>
                    <vertex>
                        <position x="31.9169" y="-0.0039978" z="38.0371" />
                    </vertex>
                    <vertex>
                        <position x="31.9169" y="6.47251" z="38.0371" />
                    </vertex>
                    <vertex>
                        <position x="28.7983" y="6.47251" z="34.3205" />
                    </vertex>
                    <vertex>
                        <position x="28.7983" y="-0.0039978" z="34.3205" />
                    </vertex>
                    <vertex>
                        <position x="31.9169" y="6.47251" z="38.0371" />
                    </vertex>
                    <vertex>
                        <position x="28.7983" y="6.47251" z="34.3205" />
                    </vertex>
                    <vertex>
                        <position x="43.0016" y="-0.0039978" z="24.8269" />
                    </vertex>
                    <vertex>
                        <position x="43.0016" y="6.47252" z="24.8269" />
                    </vertex>
                    <vertex>
                        <position x="38.7999" y="6.47252" z="22.4011" />
                    </vertex>
                    <vertex>
                        <position x="38.7999" y="-0.0039978" z="22.4011" />
                    </vertex>
                    <vertex>
                        <position x="43.0016" y="6.47252" z="24.8269" />
                    </vertex>
                    <vertex>
                        <position x="38.7999" y="6.47252" z="22.4011" />
                    </vertex>
                    <vertex>
                        <position x="48.8996" y="-0.0039978" z="8.6223" />
                    </vertex>
                    <vertex>
                        <position x="48.8996" y="6.47252" z="8.6223" />
                    </vertex>
                    <vertex>
                        <position x="44.1216" y="6.47252" z="7.77982" />
                    </vertex>
                    <vertex>
                        <position x="44.1216" y="-0.0039978" z="7.77982" />
                    </vertex>
                    <vertex>
                        <position x="48.8996" y="6.47252" z="8.6223" />
                    </vertex>
                    <vertex>
                        <position x="44.1216" y="6.47252" z="7.77982" />
                    </vertex>
                    <vertex>
                        <position x="48.8996" y="-0.0039978" z="-8.62232" />
                    </vertex>
                    <vertex>
                        <position x="48.8996" y="6.47252" z="-8.62232" />
                    </vertex>
                    <vertex>
                        <position x="44.1216" y="6.47252" z="-7.77983" />
                    </vertex>
                    <vertex>
                        <position x="44.1216" y="-0.0039978" z="-7.77983" />
                    </vertex>
                    <vertex>
                        <position x="48.8996" y="6.47252" z="-8.62232" />
                    </vertex>
                    <vertex>
                        <position x="44.1216" y="6.47252" z="-7.77983" />
                    </vertex>
                    <vertex>
                        <position x="43.0016" y="-0.0039978" z="-24.827" />
                    </vertex>
                    <vertex>
                        <position x="43.0016" y="6.47252" z="-24.827" />
                    </vertex>
                    <vertex>
                        <position x="38.7999" y="6.47252" z="-22.4011" />
                    </vertex>
                    <vertex>
                        <position x="38.7999" y="-0.0039978" z="-22.4011" />
                    </vertex>
                    <vertex>
                        <position x="43.0016" y="6.47252" z="-24.827" />
                    </vertex>
                    <vertex>
                        <position x="38.7999" y="6.47252" z="-22.4011" />
                    </vertex>
                    <vertex>
                        <position x="31.9169" y="-0.0039978" z="-38.0371" />
                    </vertex>
                    <vertex>
                        <position x="31.9169" y="6.47251" z="-38.0371" />
                    </vertex>
                    <vertex>
                        <position x="28.7983" y="6.47251" z="-34.3205" />
                    </vertex>
                    <vertex>
                        <position x="28.7983" y="-0.0039978" z="-34.3205" />
                    </vertex>
                    <vertex>
                        <position x="31.9169" y="6.47251" z="-38.0371" />
                    </vertex>
                    <vertex>
                        <position x="28.7983" y="6.47251" z="-34.3205" />
                    </vertex>
                    <vertex>
                        <position x="16.9826" y="-0.0039978" z="-46.6594" />
                    </vertex>
                    <vertex>
                        <position x="16.9826" y="6.47253" z="-46.6594" />
                    </vertex>
                    <vertex>
                        <position x="15.3233" y="6.47252" z="-42.1003" />
                    </vertex>
                    <vertex>
                        <position x="15.3233" y="-0.00400543" z="-42.1003" />
                    </vertex>
                    <vertex>
                        <position x="16.9826" y="6.47253" z="-46.6594" />
                    </vertex>
                    <vertex>
                        <position x="15.3233" y="6.47252" z="-42.1003" />
                    </vertex>
                    <vertex>
                        <position x="6.97503e-006" y="-0.0039978" z="-49.6539" />
                    </vertex>
                    <vertex>
                        <position x="6.79179e-006" y="6.47253" z="-49.6539" />
                    </vertex>
                    <vertex>
                        <position x="6.15557e-006" y="6.47253" z="-44.8022" />
                    </vertex>
                    <vertex>
                        <position x="6.33881e-006" y="-0.0039978" z="-44.8022" />
                    </vertex>
                    <vertex>
                        <position x="6.79179e-006" y="6.47253" z="-49.6539" />
                    </vertex>
                    <vertex>
                        <position x="6.15557e-006" y="6.47253" z="-44.8022" />
                    </vertex>
                </vertexbuffer>
                <vertexbuffer normals="true" colours_diffuse="true" texture_coord_dimensions_0="float2" texture_coords="1">
                    <vertex>
                        <normal x="-0.402626" y="-0.877971" z="0.25896" />
                        <colour_diffuse value="1 1 1 1" />
                        <texcoord u="0.922197" v="0.922197" />
                    </vertex>
                    <vertex>
                        <normal x="-0.309958" y="-0.819564" z="-0.481913" />
                        <colour_diffuse value="1 1 1 1" />
                        <texcoord u="0.922197" v="0.0778026" />
                    </vertex>
                    <vertex>
                        <normal x="0.402625" y="-0.877971" z="-0.258961" />
                        <colour_diffuse value="1 1 1 1" />
                        <texcoord u="0.0778026" v="0.0778026" />
                    </vertex>
                    <vertex>
                        <normal x="0.309956" y="-0.819564" z="0.481914" />
                        <colour_diffuse value="1 1 1 1" />
                        <texcoord u="0.0778026" v="0.922197" />
                    </vertex>
                    <vertex>
                        <normal x="0.37749" y="-0.379579" z="-0.844643" />
                        <colour_diffuse value="1 1 1 1" />
                        <texcoord u="0.0778026" v="0" />
                    </vertex>
                    <vertex>
                        <normal x="0.90784" y="-0.300533" z="-0.292415" />
                        <colour_diffuse value="1 1 1 1" />
                        <texcoord u="0" v="0.0778026" />
                    </vertex>
                    <vertex>
                        <normal x="0.844643" y="-0.379578" z="0.37749" />
                        <colour_diffuse value="1 1 1 1" />
                        <texcoord u="0" v="0.922197" />
                    </vertex>
                    <vertex>
                        <normal x="0.292415" y="-0.300533" z="0.90784" />
                        <colour_diffuse value="1 1 1 1" />
                        <texcoord u="0.0778026" v="1" />
                    </vertex>
                    <vertex>
                        <normal x="-0.37749" y="-0.379579" z="0.844643" />
                        <colour_diffuse value="1 1 1 1" />
                        <texcoord u="0.922197" v="1" />
                    </vertex>
                    <vertex>
                        <normal x="-0.90784" y="-0.300535" z="0.292415" />
                        <colour_diffuse value="1 1 1 1" />
                        <texcoord u="1" v="0.922197" />
                    </vertex>
                    <vertex>
                        <normal x="-0.844642" y="-0.379579" z="-0.37749" />
                        <colour_diffuse value="1 1 1 1" />
                        <texcoord u="1" v="0.0778026" />
                    </vertex>
                    <vertex>
                        <normal x="-0.292415" y="-0.300535" z="-0.907839" />
                        <colour_diffuse value="1 1 1 1" />
                        <texcoord u="0.922197" v="0" />
                    </vertex>
                    <vertex>
                        <normal x="0.82641" y="0.412396" z="-0.383374" />
                        <colour_diffuse value="1 1 1 1" />
                        <texcoord u="0.0266486" v="1" />
                    </vertex>
                    <vertex>
                        <normal x="0.90784" y="-0.300533" z="-0.292415" />
                        <colour_diffuse value="1 1 1 1" />
                        <texcoord u="0.0266486" v="0" />
                    </vertex>
                    <vertex>
                        <normal x="0.37749" y="-0.379579" z="-0.844643" />
                        <colour_diffuse value="1 1 1 1" />
                        <texcoord u="0" v="0" />
                    </vertex>
                    <vertex>
                        <normal x="0.289998" y="0.309207" z="-0.9057" />
                        <colour_diffuse value="1 1 1 1" />
                        <texcoord u="0" v="1" />
                    </vertex>
                    <vertex>
                        <normal x="0.9057" y="0.309207" z="0.289998" />
                        <colour_diffuse value="1 1 1 1" />
                        <texcoord u="0.231157" v="1" />
                    </vertex>
                    <vertex>
                        <normal x="0.844643" y="-0.379578" z="0.37749" />
                        <colour_diffuse value="1 1 1 1" />
                        <texcoord u="0.231157" v="0" />
                    </vertex>
                    <vertex>
                        <normal x="0.383374" y="0.412394" z="0.826411" />
                        <colour_diffuse value="1 1 1 1" />
                        <texcoord u="0.257805" v="1" />
                    </vertex>
                    <vertex>
                        <normal x="0.292415" y="-0.300533" z="0.90784" />
                        <colour_diffuse value="1 1 1 1" />
                        <texcoord u="0.257805" v="0" />
                    </vertex>
                    <vertex>
                        <normal x="-0.29" y="0.309203" z="0.905701" />
                        <colour_diffuse value="1 1 1 1" />
                        <texcoord u="0.462313" v="1" />
                    </vertex>
                    <vertex>
                        <normal x="-0.37749" y="-0.379579" z="0.844643" />
                        <colour_diffuse value="1 1 1 1" />
                        <texcoord u="0.462313" v="0" />
                    </vertex>
                    <vertex>
                        <normal x="-0.826415" y="0.412387" z="0.383373" />
                        <colour_diffuse value="1 1 1 1" />
                        <texcoord u="0.488962" v="1" />
                    </vertex>
                    <vertex>
                        <normal x="-0.90784" y="-0.300535" z="0.292415" />
                        <colour_diffuse value="1 1 1 1" />
                        <texcoord u="0.488962" v="0" />
                    </vertex>
                    <vertex>
                        <normal x="-0.905702" y="0.309201" z="-0.289998" />
                        <colour_diffuse value="1 1 1 1" />
                        <texcoord u="0.69347" v="1" />
                    </vertex>
                    <vertex>
                        <normal x="-0.844642" y="-0.379579" z="-0.37749" />
                        <colour_diffuse value="1 1 1 1" />
                        <texcoord u="0.69347" v="0" />
                    </vertex>
                    <vertex>
                        <normal x="-0.383376" y="0.412392" z="-0.826411" />
                        <colour_diffuse value="1 1 1 1" />
                        <texcoord u="0.720118" v="1" />
                    </vertex>
                    <vertex>
                        <normal x="-0.292415" y="-0.300535" z="-0.907839" />
                        <colour_diffuse value="1 1 1 1" />
                        <texcoord u="0.720118" v="0" />
                    </vertex>
                    <vertex>
                        <normal x="0.289998" y="0.309207" z="-0.9057" />
                        <colour_diffuse value="1 1 1 1" />
                        <texcoord u="1" v="1" />
                    </vertex>
                    <vertex>
                        <normal x="0.37749" y="-0.379579" z="-0.844643" />
                        <colour_diffuse value="1 1 1 1" />
                        <texcoord u="1" v="0" />
                    </vertex>
                    <vertex>
                        <normal x="0.289998" y="0.309207" z="-0.9057" />
                        <colour_diffuse value="1 1 1 1" />
                        <texcoord u="0.0778026" v="1" />
                    </vertex>
                    <vertex>
                        <normal x="0.253294" y="0.885179" z="-0.390258" />
                        <colour_diffuse value="1 1 1 1" />
                        <texcoord u="0.0778026" v="0.922197" />
                    </vertex>
                    <vertex>
                        <normal x="0.82641" y="0.412396" z="-0.383374" />
                        <colour_diffuse value="1 1 1 1" />
                        <texcoord u="0" v="0.922197" />
                    </vertex>
                    <vertex>
                        <normal x="0.32535" y="0.921714" z="0.211167" />
                        <colour_diffuse value="1 1 1 1" />
                        <texcoord u="0.0778026" v="0.0778026" />
                    </vertex>
                    <vertex>
                        <normal x="0.9057" y="0.309207" z="0.289998" />
                        <colour_diffuse value="1 1 1 1" />
                        <texcoord u="0" v="0.0778026" />
                    </vertex>
                    <vertex>
                        <normal x="0.383374" y="0.412394" z="0.826411" />
                        <colour_diffuse value="1 1 1 1" />
                        <texcoord u="0.0778026" v="0" />
                    </vertex>
                    <vertex>
                        <normal x="-0.253301" y="0.885176" z="0.390259" />
                        <colour_diffuse value="1 1 1 1" />
                        <texcoord u="0.922197" v="0.0778026" />
                    </vertex>
                    <vertex>
                        <normal x="-0.29" y="0.309203" z="0.905701" />
                        <colour_diffuse value="1 1 1 1" />
                        <texcoord u="0.922197" v="0" />
                    </vertex>
                    <vertex>
                        <normal x="-0.826415" y="0.412387" z="0.383373" />
                        <colour_diffuse value="1 1 1 1" />
                        <texcoord u="1" v="0.0778026" />
                    </vertex>
                    <vertex>
                        <normal x="-0.325358" y="0.92171" z="-0.211169" />
                        <colour_diffuse value="1 1 1 1" />
                        <texcoord u="0.922197" v="0.922197" />
                    </vertex>
                    <vertex>
                        <normal x="-0.905702" y="0.309201" z="-0.289998" />
                        <colour_diffuse value="1 1 1 1" />
                        <texcoord u="1" v="0.922197" />
                    </vertex>
                    <vertex>
                        <normal x="-0.383376" y="0.412392" z="-0.826411" />
                        <colour_diffuse value="1 1 1 1" />
                        <texcoord u="0.922197" v="1" />
                    </vertex>
                    <vertex>
                        <normal x="-0.402628" y="-0.877969" z="0.258962" />
                        <colour_diffuse value="1 1 1 1" />
                        <texcoord u="0.922197" v="0.922197" />
                    </vertex>
                    <vertex>
                        <normal x="-0.309959" y="-0.819561" z="-0.481918" />
                        <colour_diffuse value="1 1 1 1" />
                        <texcoord u="0.922197" v="0.0778026" />
                    </vertex>
                    <vertex>
                        <normal x="0.40263" y="-0.877968" z="-0.258963" />
                        <colour_diffuse value="1 1 1 1" />
                        <texcoord u="0.0778026" v="0.0778026" />
                    </vertex>
                    <vertex>
                        <normal x="0.309961" y="-0.81956" z="0.481919" />
                        <colour_diffuse value="1 1 1 1" />
                        <texcoord u="0.0778026" v="0.922197" />
                    </vertex>
                    <vertex>
                        <normal x="0.381473" y="-0.355586" z="-0.853251" />
                        <colour_diffuse value="1 1 1 1" />
                        <texcoord u="0.0778026" v="0" />
                    </vertex>
                    <vertex>
                        <normal x="0.915737" y="-0.272777" z="-0.294989" />
                        <colour_diffuse value="1 1 1 1" />
                        <texcoord u="0" v="0.0778026" />
                    </vertex>
                    <vertex>
                        <normal x="0.853252" y="-0.355585" z="0.381472" />
                        <colour_diffuse value="1 1 1 1" />
                        <texcoord u="0" v="0.922197" />
                    </vertex>
                    <vertex>
                        <normal x="0.29499" y="-0.272778" z="0.915736" />
                        <colour_diffuse value="1 1 1 1" />
                        <texcoord u="0.0778026" v="1" />
                    </vertex>
                    <vertex>
                        <normal x="-0.381473" y="-0.355587" z="0.853251" />
                        <colour_diffuse value="1 1 1 1" />
                        <texcoord u="0.922197" v="1" />
                    </vertex>
                    <vertex>
                        <normal x="-0.915736" y="-0.272779" z="0.294989" />
                        <colour_diffuse value="1 1 1 1" />
                        <texcoord u="1" v="0.922197" />
                    </vertex>
                    <vertex>
                        <normal x="-0.853251" y="-0.355587" z="-0.381473" />
                        <colour_diffuse value="1 1 1 1" />
                        <texcoord u="1" v="0.0778026" />
                    </vertex>
                    <vertex>
                        <normal x="-0.29499" y="-0.272779" z="-0.915736" />
                        <colour_diffuse value="1 1 1 1" />
                        <texcoord u="0.922197" v="0" />
                    </vertex>
                    <vertex>
                        <normal x="0.853249" y="0.355592" z="-0.381472" />
                        <colour_diffuse value="1 1 1 1" />
                        <texcoord u="0.0266486" v="1" />
                    </vertex>
                    <vertex>
                        <normal x="0.915737" y="-0.272777" z="-0.294989" />
                        <colour_diffuse value="1 1 1 1" />
                        <texcoord u="0.0266486" v="0" />
                    </vertex>
                    <vertex>
                        <normal x="0.381473" y="-0.355586" z="-0.853251" />
                        <colour_diffuse value="1 1 1 1" />
                        <texcoord u="0" v="0" />
                    </vertex>
                    <vertex>
                        <normal x="0.29499" y="0.272783" z="-0.915735" />
                        <colour_diffuse value="1 1 1 1" />
                        <texcoord u="0" v="1" />
                    </vertex>
                    <vertex>
                        <normal x="0.915735" y="0.272783" z="0.294989" />
                        <colour_diffuse value="1 1 1 1" />
                        <texcoord u="0.231157" v="1" />
                    </vertex>
                    <vertex>
                        <normal x="0.853252" y="-0.355585" z="0.381472" />
                        <colour_diffuse value="1 1 1 1" />
                        <texcoord u="0.231157" v="0" />
                    </vertex>
                    <vertex>
                        <normal x="0.381473" y="0.355591" z="0.853249" />
                        <colour_diffuse value="1 1 1 1" />
                        <texcoord u="0.257805" v="1" />
                    </vertex>
                    <vertex>
                        <normal x="0.29499" y="-0.272778" z="0.915736" />
                        <colour_diffuse value="1 1 1 1" />
                        <texcoord u="0.257805" v="0" />
                    </vertex>
                    <vertex>
                        <normal x="-0.29499" y="0.272781" z="0.915736" />
                        <colour_diffuse value="1 1 1 1" />
                        <texcoord u="0.462313" v="1" />
                    </vertex>
                    <vertex>
                        <normal x="-0.381473" y="-0.355587" z="0.853251" />
                        <colour_diffuse value="1 1 1 1" />
                        <texcoord u="0.462313" v="0" />
                    </vertex>
                    <vertex>
                        <normal x="-0.85325" y="0.355589" z="0.381472" />
                        <colour_diffuse value="1 1 1 1" />
                        <texcoord u="0.488962" v="1" />
                    </vertex>
                    <vertex>
                        <normal x="-0.915736" y="-0.272779" z="0.294989" />
                        <colour_diffuse value="1 1 1 1" />
                        <texcoord u="0.488962" v="0" />
                    </vertex>
                    <vertex>
                        <normal x="-0.915736" y="0.272781" z="-0.294989" />
                        <colour_diffuse value="1 1 1 1" />
                        <texcoord u="0.69347" v="1" />
                    </vertex>
                    <vertex>
                        <normal x="-0.853251" y="-0.355587" z="-0.381473" />
                        <colour_diffuse value="1 1 1 1" />
                        <texcoord u="0.69347" v="0" />
                    </vertex>
                    <vertex>
                        <normal x="-0.381473" y="0.355591" z="-0.853249" />
                        <colour_diffuse value="1 1 1 1" />
                        <texcoord u="0.720118" v="1" />
                    </vertex>
                    <vertex>
                        <normal x="-0.29499" y="-0.272779" z="-0.915736" />
                        <colour_diffuse value="1 1 1 1" />
                        <texcoord u="0.720118" v="0" />
                    </vertex>
                    <vertex>
                        <normal x="0.29499" y="0.272783" z="-0.915735" />
                        <colour_diffuse value="1 1 1 1" />
                        <texcoord u="1" v="1" />
                    </vertex>
                    <vertex>
                        <normal x="0.381473" y="-0.355586" z="-0.853251" />
                        <colour_diffuse value="1 1 1 1" />
                        <texcoord u="1" v="0" />
                    </vertex>
                    <vertex>
                        <normal x="0.29499" y="0.272783" z="-0.915735" />
                        <colour_diffuse value="1 1 1 1" />
                        <texcoord u="0.0778026" v="1" />
                    </vertex>
                    <vertex>
                        <normal x="0.309957" y="0.819565" z="-0.481912" />
                        <colour_diffuse value="1 1 1 1" />
                        <texcoord u="0.0778026" v="0.922197" />
                    </vertex>
                    <vertex>
                        <normal x="0.853249" y="0.355592" z="-0.381472" />
                        <colour_diffuse value="1 1 1 1" />
                        <texcoord u="0" v="0.922197" />
                    </vertex>
                    <vertex>
                        <normal x="0.402624" y="0.877972" z="0.258959" />
                        <colour_diffuse value="1 1 1 1" />
                        <texcoord u="0.0778026" v="0.0778026" />
                    </vertex>
                    <vertex>
                        <normal x="0.915735" y="0.272783" z="0.294989" />
                        <colour_diffuse value="1 1 1 1" />
                        <texcoord u="0" v="0.0778026" />
                    </vertex>
                    <vertex>
                        <normal x="0.381473" y="0.355591" z="0.853249" />
                        <colour_diffuse value="1 1 1 1" />
                        <texcoord u="0.0778026" v="0" />
                    </vertex>
                    <vertex>
                        <normal x="-0.309957" y="0.819565" z="0.481914" />
                        <colour_diffuse value="1 1 1 1" />
                        <texcoord u="0.922197" v="0.0778026" />
                    </vertex>
                    <vertex>
                        <normal x="-0.29499" y="0.272781" z="0.915736" />
                        <colour_diffuse value="1 1 1 1" />
                        <texcoord u="0.922197" v="0" />
                    </vertex>
                    <vertex>
                        <normal x="-0.85325" y="0.355589" z="0.381472" />
                        <colour_diffuse value="1 1 1 1" />
                        <texcoord u="1" v="0.0778026" />
                    </vertex>
                    <vertex>
                        <normal x="-0.402625" y="0.877971" z="-0.25896" />
                        <colour_diffuse value="1 1 1 1" />
                        <texcoord u="0.922197" v="0.922197" />
                    </vertex>
                    <vertex>
                        <normal x="-0.915736" y="0.272781" z="-0.294989" />
                        <colour_diffuse value="1 1 1 1" />
                        <texcoord u="1" v="0.922197" />
                    </vertex>
                    <vertex>
                        <normal x="-0.381473" y="0.355591" z="-0.853249" />
                        <colour_diffuse value="1 1 1 1" />
                        <texcoord u="0.922197" v="1" />
                    </vertex>
                    <vertex>
                        <normal x="-0.0586743" y="-3.91993e-007" z="-0.998277" />
                        <colour_diffuse value="1 1 1 1" />
                        <texcoord u="0" v="1" />
                    </vertex>
                    <vertex>
                        <normal x="0.0586745" y="-4.09272e-007" z="-0.998277" />
                        <colour_diffuse value="1 1 1 1" />
                        <texcoord u="0.25" v="1" />
                    </vertex>
                    <vertex>
                        <normal x="-0.286295" y="-1.97656e-007" z="-0.958142" />
                        <colour_diffuse value="1 1 1 1" />
                        <texcoord u="0.25" v="0.944444" />
                    </vertex>
                    <vertex>
                        <normal x="-0.396567" y="0" z="-0.918006" />
                        <colour_diffuse value="1 1 1 1" />
                        <texcoord u="0" v="0.944444" />
                    </vertex>
                    <vertex>
                        <normal x="0.0586744" y="-1.72797e-008" z="0.998277" />
                        <colour_diffuse value="1 1 1 1" />
                        <texcoord u="0.5" v="1" />
                    </vertex>
                    <vertex>
                        <normal x="-0.0586743" y="2.59195e-008" z="0.998277" />
                        <colour_diffuse value="1 1 1 1" />
                        <texcoord u="0.75" v="1" />
                    </vertex>
                    <vertex>
                        <normal x="0.286295" y="-6.53747e-008" z="0.958142" />
                        <colour_diffuse value="1 1 1 1" />
                        <texcoord u="0.75" v="0.944444" />
                    </vertex>
                    <vertex>
                        <normal x="0.396567" y="-6.70348e-008" z="0.918006" />
                        <colour_diffuse value="1 1 1 1" />
                        <texcoord u="0.5" v="0.944444" />
                    </vertex>
                    <vertex>
                        <normal x="-2.0327e-007" y="1" z="6.37702e-007" />
                        <colour_diffuse value="1 1 1 1" />
                        <texcoord u="0.75" v="1" />
                    </vertex>
                    <vertex>
                        <normal x="-7.62099e-008" y="1" z="5.24176e-007" />
                        <colour_diffuse value="1 1 1 1" />
                        <texcoord u="1" v="1" />
                    </vertex>
                    <vertex>
                        <normal x="-1.03105e-007" y="1" z="1.09865e-006" />
                        <colour_diffuse value="1 1 1 1" />
                        <texcoord u="1" v="0.944444" />
                    </vertex>
                    <vertex>
                        <normal x="1.73781e-007" y="1" z="9.91974e-007" />
                        <colour_diffuse value="1 1 1 1" />
                        <texcoord u="0.75" v="0.944444" />
                    </vertex>
                    <vertex>
                        <normal x="-0.596733" y="0" z="-0.80244" />
                        <colour_diffuse value="1 1 1 1" />
                        <texcoord u="0.25" v="0.888889" />
                    </vertex>
                    <vertex>
                        <normal x="-0.686627" y="-8.84943e-008" z="-0.72701" />
                        <colour_diffuse value="1 1 1 1" />
                        <texcoord u="0" v="0.888889" />
                    </vertex>
                    <vertex>
                        <normal x="0.596733" y="-4.9755e-008" z="0.80244" />
                        <colour_diffuse value="1 1 1 1" />
                        <texcoord u="0.75" v="0.888889" />
                    </vertex>
                    <vertex>
                        <normal x="0.686627" y="-6.39638e-008" z="0.72701" />
                        <colour_diffuse value="1 1 1 1" />
                        <texcoord u="0.5" v="0.888889" />
                    </vertex>
                    <vertex>
                        <normal x="3.93268e-007" y="1" z="3.54271e-007" />
                        <colour_diffuse value="1 1 1 1" />
                        <texcoord u="1" v="0.888889" />
                    </vertex>
                    <vertex>
                        <normal x="1.27137e-007" y="1" z="-1.06681e-007" />
                        <colour_diffuse value="1 1 1 1" />
                        <texcoord u="0.75" v="0.888889" />
                    </vertex>
                    <vertex>
                        <normal x="-0.835196" y="-2.41477e-007" z="-0.549952" />
                        <colour_diffuse value="1 1 1 1" />
                        <texcoord u="0.25" v="0.833333" />
                    </vertex>
                    <vertex>
                        <normal x="-0.893871" y="-4.28495e-007" z="-0.448325" />
                        <colour_diffuse value="1 1 1 1" />
                        <texcoord u="0" v="0.833333" />
                    </vertex>
                    <vertex>
                        <normal x="0.835196" y="-9.79982e-008" z="0.549952" />
                        <colour_diffuse value="1 1 1 1" />
                        <texcoord u="0.75" v="0.833333" />
                    </vertex>
                    <vertex>
                        <normal x="0.893871" y="-1.15015e-007" z="0.448325" />
                        <colour_diffuse value="1 1 1 1" />
                        <texcoord u="0.5" v="0.833333" />
                    </vertex>
                    <vertex>
                        <normal x="0" y="1" z="-0" />
                        <colour_diffuse value="1 1 1 1" />
                        <texcoord u="1" v="0.833333" />
                    </vertex>
                    <vertex>
                        <normal x="0" y="1" z="-0" />
                        <colour_diffuse value="1 1 1 1" />
                        <texcoord u="0.75" v="0.833333" />
                    </vertex>
                    <vertex>
                        <normal x="-0.972922" y="-5.39021e-007" z="-0.231132" />
                        <colour_diffuse value="1 1 1 1" />
                        <texcoord u="0.25" v="0.777778" />
                    </vertex>
                    <vertex>
                        <normal x="-0.9933" y="-3.86037e-007" z="-0.115566" />
                        <colour_diffuse value="1 1 1 1" />
                        <texcoord u="0" v="0.777778" />
                    </vertex>
                    <vertex>
                        <normal x="0.972922" y="-5.10516e-008" z="0.231132" />
                        <colour_diffuse value="1 1 1 1" />
                        <texcoord u="0.75" v="0.777778" />
                    </vertex>
                    <vertex>
                        <normal x="0.9933" y="-1.70172e-008" z="0.115566" />
                        <colour_diffuse value="1 1 1 1" />
                        <texcoord u="0.5" v="0.777778" />
                    </vertex>
                    <vertex>
                        <normal x="0" y="1" z="-0" />
                        <colour_diffuse value="1 1 1 1" />
                        <texcoord u="1" v="0.777778" />
                    </vertex>
                    <vertex>
                        <normal x="0" y="1" z="-0" />
                        <colour_diffuse value="1 1 1 1" />
                        <texcoord u="0.75" v="0.777778" />
                    </vertex>
                    <vertex>
                        <normal x="-0.9933" y="-1.9902e-007" z="0.115566" />
                        <colour_diffuse value="1 1 1 1" />
                        <texcoord u="0.25" v="0.722222" />
                    </vertex>
                    <vertex>
                        <normal x="-0.972922" y="-2.21052e-007" z="0.231132" />
                        <colour_diffuse value="1 1 1 1" />
                        <texcoord u="0" v="0.722222" />
                    </vertex>
                    <vertex>
                        <normal x="0.9933" y="1.70172e-008" z="-0.115566" />
                        <colour_diffuse value="1 1 1 1" />
                        <texcoord u="0.75" v="0.722222" />
                    </vertex>
                    <vertex>
                        <normal x="0.972922" y="2.38069e-007" z="-0.231132" />
                        <colour_diffuse value="1 1 1 1" />
                        <texcoord u="0.5" v="0.722222" />
                    </vertex>
                    <vertex>
                        <normal x="0" y="1" z="-0" />
                        <colour_diffuse value="1 1 1 1" />
                        <texcoord u="1" v="0.722222" />
                    </vertex>
                    <vertex>
                        <normal x="0" y="1" z="-0" />
                        <colour_diffuse value="1 1 1 1" />
                        <texcoord u="0.75" v="0.722222" />
                    </vertex>
                    <vertex>
                        <normal x="-0.893871" y="-4.37474e-007" z="0.448325" />
                        <colour_diffuse value="1 1 1 1" />
                        <texcoord u="0.25" v="0.666667" />
                    </vertex>
                    <vertex>
                        <normal x="-0.835196" y="-4.37474e-007" z="0.549952" />
                        <colour_diffuse value="1 1 1 1" />
                        <texcoord u="0" v="0.666667" />
                    </vertex>
                    <vertex>
                        <normal x="0.893871" y="4.54491e-007" z="-0.448325" />
                        <colour_diffuse value="1 1 1 1" />
                        <texcoord u="0.75" v="0.666667" />
                    </vertex>
                    <vertex>
                        <normal x="0.835196" y="4.37474e-007" z="-0.549952" />
                        <colour_diffuse value="1 1 1 1" />
                        <texcoord u="0.5" v="0.666667" />
                    </vertex>
                    <vertex>
                        <normal x="0" y="1" z="-0" />
                        <colour_diffuse value="1 1 1 1" />
                        <texcoord u="1" v="0.666667" />
                    </vertex>
                    <vertex>
                        <normal x="0" y="1" z="-0" />
                        <colour_diffuse value="1 1 1 1" />
                        <texcoord u="0.75" v="0.666667" />
                    </vertex>
                    <vertex>
                        <normal x="-0.686627" y="-2.16422e-007" z="0.72701" />
                        <colour_diffuse value="1 1 1 1" />
                        <texcoord u="0.25" v="0.611111" />
                    </vertex>
                    <vertex>
                        <normal x="-0.596733" y="0" z="0.80244" />
                        <colour_diffuse value="1 1 1 1" />
                        <texcoord u="0" v="0.611111" />
                    </vertex>
                    <vertex>
                        <normal x="0.686627" y="2.16422e-007" z="-0.72701" />
                        <colour_diffuse value="1 1 1 1" />
                        <texcoord u="0.75" v="0.611111" />
                    </vertex>
                    <vertex>
                        <normal x="0.596733" y="-2.48775e-008" z="-0.80244" />
                        <colour_diffuse value="1 1 1 1" />
                        <texcoord u="0.5" v="0.611111" />
                    </vertex>
                    <vertex>
                        <normal x="2.29429e-007" y="1" z="1.92513e-007" />
                        <colour_diffuse value="1 1 1 1" />
                        <texcoord u="1" v="0.611111" />
                    </vertex>
                    <vertex>
                        <normal x="1.19254e-007" y="1" z="7.10229e-007" />
                        <colour_diffuse value="1 1 1 1" />
                        <texcoord u="0.75" v="0.611111" />
                    </vertex>
                    <vertex>
                        <normal x="-0.396567" y="0" z="0.918006" />
                        <colour_diffuse value="1 1 1 1" />
                        <texcoord u="0.25" v="0.555556" />
                    </vertex>
                    <vertex>
                        <normal x="-0.286295" y="-1.97656e-007" z="0.958142" />
                        <colour_diffuse value="1 1 1 1" />
                        <texcoord u="0" v="0.555556" />
                    </vertex>
                    <vertex>
                        <normal x="0.396567" y="-3.35174e-008" z="-0.918006" />
                        <colour_diffuse value="1 1 1 1" />
                        <texcoord u="0.75" v="0.555556" />
                    </vertex>
                    <vertex>
                        <normal x="0.286295" y="-3.18574e-008" z="-0.958142" />
                        <colour_diffuse value="1 1 1 1" />
                        <texcoord u="0.5" v="0.555556" />
                    </vertex>
                    <vertex>
                        <normal x="-1.1389e-007" y="1" z="1.18319e-006" />
                        <colour_diffuse value="1 1 1 1" />
                        <texcoord u="1" v="0.555556" />
                    </vertex>
                    <vertex>
                        <normal x="-3.43319e-007" y="1" z="9.90674e-007" />
                        <colour_diffuse value="1 1 1 1" />
                        <texcoord u="0.75" v="0.555556" />
                    </vertex>
                    <vertex>
                        <normal x="-0.0586743" y="-3.91993e-007" z="0.998277" />
                        <colour_diffuse value="1 1 1 1" />
                        <texcoord u="0.25" v="0.5" />
                    </vertex>
                    <vertex>
                        <normal x="0.0586746" y="-5.87989e-007" z="0.998277" />
                        <colour_diffuse value="1 1 1 1" />
                        <texcoord u="0" v="0.5" />
                    </vertex>
                    <vertex>
                        <normal x="0.0586741" y="-8.63986e-009" z="-0.998277" />
                        <colour_diffuse value="1 1 1 1" />
                        <texcoord u="0.75" v="0.5" />
                    </vertex>
                    <vertex>
                        <normal x="-0.0586746" y="1.72797e-008" z="-0.998277" />
                        <colour_diffuse value="1 1 1 1" />
                        <texcoord u="0.5" v="0.5" />
                    </vertex>
                    <vertex>
                        <normal x="-2.33144e-007" y="1" z="4.72959e-007" />
                        <colour_diffuse value="1 1 1 1" />
                        <texcoord u="1" v="0.5" />
                    </vertex>
                    <vertex>
                        <normal x="-6.35301e-008" y="1" z="5.80939e-007" />
                        <colour_diffuse value="1 1 1 1" />
                        <texcoord u="0.75" v="0.5" />
                    </vertex>
                    <vertex>
                        <normal x="0.286295" y="-5.62689e-007" z="0.958141" />
                        <colour_diffuse value="1 1 1 1" />
                        <texcoord u="0.25" v="0.444444" />
                    </vertex>
                    <vertex>
                        <normal x="0.396567" y="-3.68353e-007" z="0.918006" />
                        <colour_diffuse value="1 1 1 1" />
                        <texcoord u="0" v="0.444444" />
                    </vertex>
                    <vertex>
                        <normal x="-0.286295" y="6.53747e-008" z="-0.958142" />
                        <colour_diffuse value="1 1 1 1" />
                        <texcoord u="0.75" v="0.444444" />
                    </vertex>
                    <vertex>
                        <normal x="-0.396567" y="1.66545e-007" z="-0.918006" />
                        <colour_diffuse value="1 1 1 1" />
                        <texcoord u="0.5" v="0.444444" />
                    </vertex>
                    <vertex>
                        <normal x="2.02601e-007" y="1" z="1.04189e-006" />
                        <colour_diffuse value="1 1 1 1" />
                        <texcoord u="1" v="0.444444" />
                    </vertex>
                    <vertex>
                        <normal x="3.29738e-007" y="1" z="9.3521e-007" />
                        <colour_diffuse value="1 1 1 1" />
                        <texcoord u="0.75" v="0.444444" />
                    </vertex>
                    <vertex>
                        <normal x="0.596733" y="-1.72356e-007" z="0.80244" />
                        <colour_diffuse value="1 1 1 1" />
                        <texcoord u="0.25" v="0.388889" />
                    </vertex>
                    <vertex>
                        <normal x="0.686628" y="-6.39638e-008" z="0.727009" />
                        <colour_diffuse value="1 1 1 1" />
                        <texcoord u="0" v="0.388889" />
                    </vertex>
                    <vertex>
                        <normal x="-0.596733" y="3.01724e-007" z="-0.80244" />
                        <colour_diffuse value="1 1 1 1" />
                        <texcoord u="0.75" v="0.388889" />
                    </vertex>
                    <vertex>
                        <normal x="-0.686628" y="3.15933e-007" z="-0.727009" />
                        <colour_diffuse value="1 1 1 1" />
                        <texcoord u="0.5" v="0.388889" />
                    </vertex>
                    <vertex>
                        <normal x="2.78554e-007" y="1" z="4.50528e-007" />
                        <colour_diffuse value="1 1 1 1" />
                        <texcoord u="1" v="0.388889" />
                    </vertex>
                    <vertex>
                        <normal x="-7.05601e-008" y="1" z="1.33307e-007" />
                        <colour_diffuse value="1 1 1 1" />
                        <texcoord u="0.75" v="0.388889" />
                    </vertex>
                    <vertex>
                        <normal x="0.835196" y="-9.79983e-008" z="0.549952" />
                        <colour_diffuse value="1 1 1 1" />
                        <texcoord u="0.25" v="0.333333" />
                    </vertex>
                    <vertex>
                        <normal x="0.893871" y="-9.79983e-008" z="0.448325" />
                        <colour_diffuse value="1 1 1 1" />
                        <texcoord u="0" v="0.333333" />
                    </vertex>
                    <vertex>
                        <normal x="-0.835196" y="2.50457e-007" z="-0.549952" />
                        <colour_diffuse value="1 1 1 1" />
                        <texcoord u="0.75" v="0.333333" />
                    </vertex>
                    <vertex>
                        <normal x="-0.893871" y="1.15016e-007" z="-0.448325" />
                        <colour_diffuse value="1 1 1 1" />
                        <texcoord u="0.5" v="0.333333" />
                    </vertex>
                    <vertex>
                        <normal x="-1.97697e-007" y="1" z="2.39987e-007" />
                        <colour_diffuse value="1 1 1 1" />
                        <texcoord u="1" v="0.333333" />
                    </vertex>
                    <vertex>
                        <normal x="-8.29826e-008" y="1" z="1.4373e-007" />
                        <colour_diffuse value="1 1 1 1" />
                        <texcoord u="0.75" v="0.333333" />
                    </vertex>
                    <vertex>
                        <normal x="0.972922" y="-3.40344e-008" z="0.231132" />
                        <colour_diffuse value="1 1 1 1" />
                        <texcoord u="0.25" v="0.277778" />
                    </vertex>
                    <vertex>
                        <normal x="0.9933" y="0" z="0.115566" />
                        <colour_diffuse value="1 1 1 1" />
                        <texcoord u="0" v="0.277778" />
                    </vertex>
                    <vertex>
                        <normal x="-0.972922" y="5.10517e-008" z="-0.231132" />
                        <colour_diffuse value="1 1 1 1" />
                        <texcoord u="0.75" v="0.277778" />
                    </vertex>
                    <vertex>
                        <normal x="-0.9933" y="1.70172e-008" z="-0.115566" />
                        <colour_diffuse value="1 1 1 1" />
                        <texcoord u="0.5" v="0.277778" />
                    </vertex>
                    <vertex>
                        <normal x="0" y="1" z="-0" />
                        <colour_diffuse value="1 1 1 1" />
                        <texcoord u="1" v="0.277778" />
                    </vertex>
                    <vertex>
                        <normal x="0" y="1" z="-0" />
                        <colour_diffuse value="1 1 1 1" />
                        <texcoord u="0.75" v="0.277778" />
                    </vertex>
                    <vertex>
                        <normal x="0.9933" y="0" z="-0.115566" />
                        <colour_diffuse value="1 1 1 1" />
                        <texcoord u="0.25" v="0.222222" />
                    </vertex>
                    <vertex>
                        <normal x="0.972922" y="0" z="-0.231132" />
                        <colour_diffuse value="1 1 1 1" />
                        <texcoord u="0" v="0.222222" />
                    </vertex>
                    <vertex>
                        <normal x="-0.9933" y="-1.70172e-008" z="0.115566" />
                        <colour_diffuse value="1 1 1 1" />
                        <texcoord u="0.75" v="0.222222" />
                    </vertex>
                    <vertex>
                        <normal x="-0.972922" y="-5.10516e-008" z="0.231132" />
                        <colour_diffuse value="1 1 1 1" />
                        <texcoord u="0.5" v="0.222222" />
                    </vertex>
                    <vertex>
                        <normal x="0" y="1" z="-0" />
                        <colour_diffuse value="1 1 1 1" />
                        <texcoord u="1" v="0.222222" />
                    </vertex>
                    <vertex>
                        <normal x="0" y="1" z="-0" />
                        <colour_diffuse value="1 1 1 1" />
                        <texcoord u="0.75" v="0.222222" />
                    </vertex>
                    <vertex>
                        <normal x="0.893871" y="0" z="-0.448325" />
                        <colour_diffuse value="1 1 1 1" />
                        <texcoord u="0.25" v="0.166667" />
                    </vertex>
                    <vertex>
                        <normal x="0.835196" y="0" z="-0.549952" />
                        <colour_diffuse value="1 1 1 1" />
                        <texcoord u="0" v="0.166667" />
                    </vertex>
                    <vertex>
                        <normal x="-0.893871" y="-1.15015e-007" z="0.448325" />
                        <colour_diffuse value="1 1 1 1" />
                        <texcoord u="0.75" v="0.166667" />
                    </vertex>
                    <vertex>
                        <normal x="-0.835196" y="5.44602e-008" z="0.549952" />
                        <colour_diffuse value="1 1 1 1" />
                        <texcoord u="0.5" v="0.166667" />
                    </vertex>
                    <vertex>
                        <normal x="-7.48745e-008" y="1" z="-1.29686e-007" />
                        <colour_diffuse value="1 1 1 1" />
                        <texcoord u="1" v="0.166667" />
                    </vertex>
                    <vertex>
                        <normal x="-2.02011e-007" y="1" z="-2.36367e-007" />
                        <colour_diffuse value="1 1 1 1" />
                        <texcoord u="0.75" v="0.166667" />
                    </vertex>
                    <vertex>
                        <normal x="0.686627" y="0" z="-0.727009" />
                        <colour_diffuse value="1 1 1 1" />
                        <texcoord u="0.25" v="0.111111" />
                    </vertex>
                    <vertex>
                        <normal x="0.596733" y="-4.9755e-008" z="-0.80244" />
                        <colour_diffuse value="1 1 1 1" />
                        <texcoord u="0" v="0.111111" />
                    </vertex>
                    <vertex>
                        <normal x="-0.686628" y="1.88005e-007" z="0.727009" />
                        <colour_diffuse value="1 1 1 1" />
                        <texcoord u="0.75" v="0.111111" />
                    </vertex>
                    <vertex>
                        <normal x="-0.596733" y="3.26601e-007" z="0.80244" />
                        <colour_diffuse value="1 1 1 1" />
                        <texcoord u="0.5" v="0.111111" />
                    </vertex>
                    <vertex>
                        <normal x="2.74175e-008" y="1" z="-4.38532e-008" />
                        <colour_diffuse value="1 1 1 1" />
                        <texcoord u="1" v="0.111111" />
                    </vertex>
                    <vertex>
                        <normal x="-7.88263e-009" y="1" z="6.03549e-007" />
                        <colour_diffuse value="1 1 1 1" />
                        <texcoord u="0.75" v="0.111111" />
                    </vertex>
                    <vertex>
                        <normal x="0.396567" y="-6.70347e-008" z="-0.918006" />
                        <colour_diffuse value="1 1 1 1" />
                        <texcoord u="0.25" v="0.0555556" />
                    </vertex>
                    <vertex>
                        <normal x="0.286295" y="-2.61371e-007" z="-0.958142" />
                        <colour_diffuse value="1 1 1 1" />
                        <texcoord u="0" v="0.0555556" />
                    </vertex>
                    <vertex>
                        <normal x="-0.396567" y="2.00062e-007" z="0.918006" />
                        <colour_diffuse value="1 1 1 1" />
                        <texcoord u="0.75" v="0.0555556" />
                    </vertex>
                    <vertex>
                        <normal x="-0.286295" y="9.8892e-008" z="0.958142" />
                        <colour_diffuse value="1 1 1 1" />
                        <texcoord u="0.5" v="0.0555556" />
                    </vertex>
                    <vertex>
                        <normal x="2.68278e-008" y="1" z="1.2344e-006" />
                        <colour_diffuse value="1 1 1 1" />
                        <texcoord u="1" v="0.0555556" />
                    </vertex>
                    <vertex>
                        <normal x="-3.66356e-008" y="1" z="1.04189e-006" />
                        <colour_diffuse value="1 1 1 1" />
                        <texcoord u="0.75" v="0.0555556" />
                    </vertex>
                    <vertex>
                        <normal x="0.0586745" y="-4.09272e-007" z="-0.998277" />
                        <colour_diffuse value="1 1 1 1" />
                        <texcoord u="0.25" v="0" />
                    </vertex>
                    <vertex>
                        <normal x="-0.0586743" y="-3.91993e-007" z="-0.998277" />
                        <colour_diffuse value="1 1 1 1" />
                        <texcoord u="0" v="0" />
                    </vertex>
                    <vertex>
                        <normal x="-0.0586743" y="2.59195e-008" z="0.998277" />
                        <colour_diffuse value="1 1 1 1" />
                        <texcoord u="0.75" v="0" />
                    </vertex>
                    <vertex>
                        <normal x="0.0586744" y="-1.72797e-008" z="0.998277" />
                        <colour_diffuse value="1 1 1 1" />
                        <texcoord u="0.5" v="0" />
                    </vertex>
                    <vertex>
                        <normal x="-7.62099e-008" y="1" z="5.24176e-007" />
                        <colour_diffuse value="1 1 1 1" />
                        <texcoord u="1" v="0" />
                    </vertex>
                    <vertex>
                        <normal x="-2.0327e-007" y="1" z="6.37702e-007" />
                        <colour_diffuse value="1 1 1 1" />
                        <texcoord u="0.75" v="0" />
                    </vertex>
                </vertexbuffer>
            </geometry>
        </submesh>
    </submeshes>
    <submeshnames>
        <submeshname name="trigger" index="0" />
    </submeshnames>
    <poses>
        <pose target="submesh" index="0" name="trigger_haut">
            <poseoffset index="0" x="-4.76837e-006" y="40.7799" z="2.38419e-006" />
            <poseoffset index="1" x="-4.76837e-006" y="40.7799" z="2.38419e-006" />
            <poseoffset index="2" x="-3.8147e-006" y="40.7799" z="2.38419e-006" />
            <poseoffset index="3" x="-3.8147e-006" y="40.7799" z="2.38419e-006" />
            <poseoffset index="4" x="-3.8147e-006" y="40.7799" z="2.86102e-006" />
            <poseoffset index="5" x="-2.86102e-006" y="40.7799" z="2.38419e-006" />
            <poseoffset index="6" x="-2.86102e-006" y="40.7799" z="2.38419e-006" />
            <poseoffset index="7" x="-3.8147e-006" y="40.7799" z="2.86102e-006" />
            <poseoffset index="8" x="-3.8147e-006" y="40.7799" z="2.86102e-006" />
            <poseoffset index="9" x="-4.76837e-006" y="40.7799" z="2.38419e-006" />
            <poseoffset index="10" x="-4.76837e-006" y="40.7799" z="2.38419e-006" />
            <poseoffset index="11" x="-3.8147e-006" y="40.7799" z="2.86102e-006" />
            <poseoffset index="12" x="-2.86102e-006" y="40.7799" z="1.90735e-006" />
            <poseoffset index="13" x="-2.86102e-006" y="40.7799" z="2.38419e-006" />
            <poseoffset index="14" x="-3.8147e-006" y="40.7799" z="2.86102e-006" />
            <poseoffset index="15" x="-5.72205e-006" y="40.7799" z="1.90735e-006" />
            <poseoffset index="16" x="-2.86102e-006" y="40.7799" z="1.90735e-006" />
            <poseoffset index="17" x="-2.86102e-006" y="40.7799" z="2.38419e-006" />
            <poseoffset index="18" x="-5.72205e-006" y="40.7799" z="1.90735e-006" />
            <poseoffset index="19" x="-3.8147e-006" y="40.7799" z="2.86102e-006" />
            <poseoffset index="20" x="-4.76837e-006" y="40.7799" z="1.90735e-006" />
            <poseoffset index="21" x="-3.8147e-006" y="40.7799" z="2.86102e-006" />
            <poseoffset index="22" x="-6.67572e-006" y="40.7799" z="1.90735e-006" />
            <poseoffset index="23" x="-4.76837e-006" y="40.7799" z="2.38419e-006" />
            <poseoffset index="24" x="-6.67572e-006" y="40.7799" z="1.90735e-006" />
            <poseoffset index="25" x="-4.76837e-006" y="40.7799" z="2.38419e-006" />
            <poseoffset index="26" x="-4.76837e-006" y="40.7799" z="1.90735e-006" />
            <poseoffset index="27" x="-3.8147e-006" y="40.7799" z="2.86102e-006" />
            <poseoffset index="28" x="-5.72205e-006" y="40.7799" z="1.90735e-006" />
            <poseoffset index="29" x="-3.8147e-006" y="40.7799" z="2.86102e-006" />
            <poseoffset index="30" x="-5.72205e-006" y="40.7799" z="1.90735e-006" />
            <poseoffset index="31" x="-4.76837e-006" y="40.7799" z="1.90735e-006" />
            <poseoffset index="32" x="-2.86102e-006" y="40.7799" z="1.90735e-006" />
            <poseoffset index="33" x="-4.76837e-006" y="40.7799" z="1.90735e-006" />
            <poseoffset index="34" x="-2.86102e-006" y="40.7799" z="1.90735e-006" />
            <poseoffset index="35" x="-5.72205e-006" y="40.7799" z="1.90735e-006" />
            <poseoffset index="36" x="-4.76837e-006" y="40.7799" z="1.90735e-006" />
            <poseoffset index="37" x="-4.76837e-006" y="40.7799" z="1.90735e-006" />
            <poseoffset index="38" x="-6.67572e-006" y="40.7799" z="1.90735e-006" />
            <poseoffset index="39" x="-4.76837e-006" y="40.7799" z="1.90735e-006" />
            <poseoffset index="40" x="-6.67572e-006" y="40.7799" z="1.90735e-006" />
            <poseoffset index="41" x="-4.76837e-006" y="40.7799" z="1.90735e-006" />
            <poseoffset index="42" x="-5.24521e-006" y="40.7799" z="2.38419e-006" />
            <poseoffset index="43" x="-5.24521e-006" y="40.7799" z="2.38419e-006" />
            <poseoffset index="44" x="-4.29153e-006" y="40.7799" z="2.38419e-006" />
            <poseoffset index="45" x="-4.29153e-006" y="40.7799" z="2.38419e-006" />
            <poseoffset index="46" x="-5.24521e-006" y="40.7799" z="1.90735e-006" />
            <poseoffset index="47" x="-3.8147e-006" y="40.7799" z="2.86102e-006" />
            <poseoffset index="48" x="-3.8147e-006" y="40.7799" z="2.86102e-006" />
            <poseoffset index="49" x="-5.24521e-006" y="40.7799" z="1.90735e-006" />
            <poseoffset index="50" x="-4.76837e-006" y="40.7799" z="1.90735e-006" />
            <poseoffset index="51" x="-4.76837e-006" y="40.7799" z="2.86102e-006" />
            <poseoffset index="52" x="-4.76837e-006" y="40.7799" z="2.86102e-006" />
            <poseoffset index="53" x="-4.76837e-006" y="40.7799" z="1.90735e-006" />
            <poseoffset index="54" x="-5.72205e-006" y="40.7799" z="2.86102e-006" />
            <poseoffset index="55" x="-3.8147e-006" y="40.7799" z="2.86102e-006" />
            <poseoffset index="56" x="-5.24521e-006" y="40.7799" z="1.90735e-006" />
            <poseoffset index="57" x="-4.76837e-006" y="40.7799" z="2.86102e-006" />
            <poseoffset index="58" x="-5.72205e-006" y="40.7799" z="2.86102e-006" />
            <poseoffset index="59" x="-3.8147e-006" y="40.7799" z="2.86102e-006" />
            <poseoffset index="60" x="-4.76837e-006" y="40.7799" z="2.86102e-006" />
            <poseoffset index="61" x="-5.24521e-006" y="40.7799" z="1.90735e-006" />
            <poseoffset index="62" x="-5.24521e-006" y="40.7799" z="2.86102e-006" />
            <poseoffset index="63" x="-4.76837e-006" y="40.7799" z="1.90735e-006" />
            <poseoffset index="64" x="-6.67572e-006" y="40.7799" z="2.86102e-006" />
            <poseoffset index="65" x="-4.76837e-006" y="40.7799" z="2.86102e-006" />
            <poseoffset index="66" x="-6.67572e-006" y="40.7799" z="2.86102e-006" />
            <poseoffset index="67" x="-4.76837e-006" y="40.7799" z="2.86102e-006" />
            <poseoffset index="68" x="-5.24521e-006" y="40.7799" z="2.86102e-006" />
            <poseoffset index="69" x="-4.76837e-006" y="40.7799" z="1.90735e-006" />
            <poseoffset index="70" x="-4.76837e-006" y="40.7799" z="2.86102e-006" />
            <poseoffset index="71" x="-5.24521e-006" y="40.7799" z="1.90735e-006" />
            <poseoffset index="72" x="-4.76837e-006" y="40.7799" z="2.86102e-006" />
            <poseoffset index="73" x="-4.29153e-006" y="40.7799" z="2.86102e-006" />
            <poseoffset index="74" x="-5.72205e-006" y="40.7799" z="2.86102e-006" />
            <poseoffset index="75" x="-4.29153e-006" y="40.7799" z="2.86102e-006" />
            <poseoffset index="76" x="-5.72205e-006" y="40.7799" z="2.86102e-006" />
            <poseoffset index="77" x="-4.76837e-006" y="40.7799" z="2.86102e-006" />
            <poseoffset index="78" x="-5.24521e-006" y="40.7799" z="2.86102e-006" />
            <poseoffset index="79" x="-5.24521e-006" y="40.7799" z="2.86102e-006" />
            <poseoffset index="80" x="-6.67572e-006" y="40.7799" z="2.86102e-006" />
            <poseoffset index="81" x="-5.24521e-006" y="40.7799" z="2.86102e-006" />
            <poseoffset index="82" x="-6.67572e-006" y="40.7799" z="2.86102e-006" />
            <poseoffset index="83" x="-5.24521e-006" y="40.7799" z="2.86102e-006" />
        </pose>
    </poses>
    <animations>
        <animation name="trigger" length="2">
            <tracks>
                <track target="submesh" index="0" type="pose">
                    <keyframes>
                        <keyframe time="0">
                            <poseref poseindex="0" influence="0" />
                        </keyframe>
                        <keyframe time="1">
                            <poseref poseindex="0" influence="0.54" />
                        </keyframe>
                        <keyframe time="2">
                            <poseref poseindex="0" influence="0" />
                        </keyframe>
                    </keyframes>
                </track>
            </tracks>
        </animation>
    </animations>
</mesh>
