<mesh>
    <submeshes>
        <submesh material="tv_bar/plasma" usesharedvertices="false" use32bitindexes="false" operationtype="triangle_list">
            <faces count="60">
                <face v1="0" v2="1" v3="2" />
                <face v1="2" v2="3" v3="0" />
                <face v1="4" v2="5" v3="6" />
                <face v1="6" v2="7" v3="4" />
                <face v1="8" v2="9" v3="10" />
                <face v1="10" v2="11" v3="8" />
                <face v1="12" v2="13" v3="14" />
                <face v1="14" v2="15" v3="12" />
                <face v1="16" v2="17" v3="18" />
                <face v1="19" v2="20" v3="21" />
                <face v1="22" v2="23" v3="24" />
                <face v1="25" v2="26" v3="27" />
                <face v1="28" v2="29" v3="30" />
                <face v1="31" v2="32" v3="33" />
                <face v1="34" v2="35" v3="36" />
                <face v1="37" v2="38" v3="39" />
                <face v1="40" v2="41" v3="42" />
                <face v1="42" v2="43" v3="40" />
                <face v1="44" v2="45" v3="46" />
                <face v1="46" v2="47" v3="44" />
                <face v1="48" v2="49" v3="50" />
                <face v1="50" v2="51" v3="48" />
                <face v1="52" v2="53" v3="54" />
                <face v1="54" v2="55" v3="52" />
                <face v1="56" v2="57" v3="58" />
                <face v1="58" v2="59" v3="56" />
                <face v1="60" v2="61" v3="62" />
                <face v1="62" v2="63" v3="60" />
                <face v1="64" v2="65" v3="66" />
                <face v1="66" v2="67" v3="64" />
                <face v1="68" v2="69" v3="70" />
                <face v1="70" v2="71" v3="68" />
                <face v1="72" v2="73" v3="74" />
                <face v1="74" v2="75" v3="72" />
                <face v1="76" v2="77" v3="78" />
                <face v1="79" v2="80" v3="81" />
                <face v1="82" v2="83" v3="84" />
                <face v1="84" v2="85" v3="82" />
                <face v1="86" v2="87" v3="88" />
                <face v1="88" v2="89" v3="86" />
                <face v1="90" v2="91" v3="92" />
                <face v1="92" v2="93" v3="90" />
                <face v1="94" v2="95" v3="96" />
                <face v1="96" v2="97" v3="94" />
                <face v1="98" v2="99" v3="100" />
                <face v1="101" v2="102" v3="103" />
                <face v1="104" v2="105" v3="106" />
                <face v1="107" v2="108" v3="109" />
                <face v1="110" v2="111" v3="112" />
                <face v1="112" v2="113" v3="110" />
                <face v1="114" v2="115" v3="116" />
                <face v1="117" v2="118" v3="119" />
                <face v1="120" v2="121" v3="122" />
                <face v1="122" v2="123" v3="120" />
                <face v1="124" v2="125" v3="126" />
                <face v1="126" v2="127" v3="124" />
                <face v1="128" v2="129" v3="130" />
                <face v1="130" v2="131" v3="128" />
                <face v1="132" v2="133" v3="134" />
                <face v1="134" v2="135" v3="132" />
            </faces>
            <geometry vertexcount="136">
                <vertexbuffer positions="true" normals="true" colours_diffuse="true" texture_coord_dimensions_0="float2" texture_coords="1">
                    <vertex>
                        <position x="-58.5809" y="-34.8049" z="16.6421" />
                        <normal x="6.56935e-009" y="-0.965926" z="-0.258819" />
                        <colour_diffuse value="1 1 1 1" />
                        <texcoord u="0.576916" v="0.450132" />
                    </vertex>
                    <vertex>
                        <position x="58.5809" y="-34.8049" z="16.6421" />
                        <normal x="1.0685e-008" y="-0.965926" z="-0.258819" />
                        <colour_diffuse value="1 1 1 1" />
                        <texcoord u="0.386336" v="0.450134" />
                    </vertex>
                    <vertex>
                        <position x="58.5809" y="-35.9117" z="20.7728" />
                        <normal x="1.05871e-008" y="-0.965926" z="-0.258819" />
                        <colour_diffuse value="1 1 1 1" />
                        <texcoord u="0.386336" v="0.640712" />
                    </vertex>
                    <vertex>
                        <position x="-58.5809" y="-35.9117" z="20.7727" />
                        <normal x="6.47148e-009" y="-0.965926" z="-0.258819" />
                        <colour_diffuse value="1 1 1 1" />
                        <texcoord u="0.576916" v="0.64071" />
                    </vertex>
                    <vertex>
                        <position x="-58.5809" y="28.853" z="33.6991" />
                        <normal x="-2.45372e-009" y="0.965926" z="0.258819" />
                        <colour_diffuse value="1 1 1 1" />
                        <texcoord u="0.386336" v="0.450132" />
                    </vertex>
                    <vertex>
                        <position x="-58.5809" y="27.7462" z="37.8298" />
                        <normal x="-2.25799e-009" y="0.965926" z="0.258819" />
                        <colour_diffuse value="1 1 1 1" />
                        <texcoord u="0.386336" v="0.64071" />
                    </vertex>
                    <vertex>
                        <position x="58.5809" y="27.7462" z="37.8298" />
                        <normal x="-1.04892e-008" y="0.965926" z="0.258819" />
                        <colour_diffuse value="1 1 1 1" />
                        <texcoord u="0.576916" v="0.640712" />
                    </vertex>
                    <vertex>
                        <position x="58.5809" y="28.853" z="33.6992" />
                        <normal x="-1.0685e-008" y="0.965926" z="0.258819" />
                        <colour_diffuse value="1 1 1 1" />
                        <texcoord u="0.576916" v="0.450134" />
                    </vertex>
                    <vertex>
                        <position x="-58.5809" y="-34.8049" z="16.6421" />
                        <normal x="-1" y="0" z="-0" />
                        <colour_diffuse value="1 1 1 1" />
                        <texcoord u="0.386336" v="0.640712" />
                    </vertex>
                    <vertex>
                        <position x="-58.5809" y="-35.9117" z="20.7727" />
                        <normal x="-1" y="0" z="-0" />
                        <colour_diffuse value="1 1 1 1" />
                        <texcoord u="0.576913" v="0.640712" />
                    </vertex>
                    <vertex>
                        <position x="-58.5809" y="27.7462" z="37.8298" />
                        <normal x="-1" y="0" z="-0" />
                        <colour_diffuse value="1 1 1 1" />
                        <texcoord u="0.576913" v="0.450132" />
                    </vertex>
                    <vertex>
                        <position x="-58.5809" y="28.853" z="33.6991" />
                        <normal x="-1" y="-0" z="-0" />
                        <colour_diffuse value="1 1 1 1" />
                        <texcoord u="0.386336" v="0.450132" />
                    </vertex>
                    <vertex>
                        <position x="58.5809" y="-35.9117" z="20.7728" />
                        <normal x="1" y="0" z="-0" />
                        <colour_diffuse value="1 1 1 1" />
                        <texcoord u="0.386336" v="0.640712" />
                    </vertex>
                    <vertex>
                        <position x="58.5809" y="-34.8049" z="16.6421" />
                        <normal x="1" y="0" z="-0" />
                        <colour_diffuse value="1 1 1 1" />
                        <texcoord u="0.576913" v="0.640712" />
                    </vertex>
                    <vertex>
                        <position x="58.5809" y="28.853" z="33.6992" />
                        <normal x="1" y="0" z="-0" />
                        <colour_diffuse value="1 1 1 1" />
                        <texcoord u="0.576913" v="0.450132" />
                    </vertex>
                    <vertex>
                        <position x="58.5809" y="27.7462" z="37.8298" />
                        <normal x="1" y="0" z="0" />
                        <colour_diffuse value="1 1 1 1" />
                        <texcoord u="0.386336" v="0.450132" />
                    </vertex>
                    <vertex>
                        <position x="-58.5809" y="-35.9117" z="20.7727" />
                        <normal x="-1.49951e-007" y="-0.258819" z="0.965926" />
                        <colour_diffuse value="1 1 1 1" />
                        <texcoord u="0.386336" v="0.640712" />
                    </vertex>
                    <vertex>
                        <position x="58.5809" y="-35.9117" z="20.7728" />
                        <normal x="-1.49951e-007" y="-0.258819" z="0.965926" />
                        <colour_diffuse value="1 1 1 1" />
                        <texcoord u="0.576916" v="0.640712" />
                    </vertex>
                    <vertex>
                        <position x="55.6518" y="-33.0825" z="21.5309" />
                        <normal x="-1.49951e-007" y="-0.258819" z="0.965926" />
                        <colour_diffuse value="1 1 1 1" />
                        <texcoord u="0.572151" v="0.632242" />
                    </vertex>
                    <vertex>
                        <position x="55.6518" y="-33.0825" z="21.5309" />
                        <normal x="-1.57843e-007" y="-0.258819" z="0.965926" />
                        <colour_diffuse value="1 1 1 1" />
                        <texcoord u="0.572151" v="0.632242" />
                    </vertex>
                    <vertex>
                        <position x="-55.6518" y="-33.0825" z="21.5308" />
                        <normal x="-1.57843e-007" y="-0.258819" z="0.965926" />
                        <colour_diffuse value="1 1 1 1" />
                        <texcoord u="0.3911" v="0.632242" />
                    </vertex>
                    <vertex>
                        <position x="-58.5809" y="-35.9117" z="20.7727" />
                        <normal x="-1.57843e-007" y="-0.258819" z="0.965926" />
                        <colour_diffuse value="1 1 1 1" />
                        <texcoord u="0.386336" v="0.640712" />
                    </vertex>
                    <vertex>
                        <position x="58.5809" y="-35.9117" z="20.7728" />
                        <normal x="4.34758e-007" y="-0.258819" z="0.965926" />
                        <colour_diffuse value="1 1 1 1" />
                        <texcoord u="0.576916" v="0.640712" />
                    </vertex>
                    <vertex>
                        <position x="58.5809" y="27.7462" z="37.8298" />
                        <normal x="4.34758e-007" y="-0.258819" z="0.965926" />
                        <colour_diffuse value="1 1 1 1" />
                        <texcoord u="0.576916" v="0.450132" />
                    </vertex>
                    <vertex>
                        <position x="55.6518" y="24.9169" z="37.0718" />
                        <normal x="4.34758e-007" y="-0.258819" z="0.965926" />
                        <colour_diffuse value="1 1 1 1" />
                        <texcoord u="0.572151" v="0.458602" />
                    </vertex>
                    <vertex>
                        <position x="55.6518" y="24.9169" z="37.0718" />
                        <normal x="1.73518e-007" y="-0.258819" z="0.965926" />
                        <colour_diffuse value="1 1 1 1" />
                        <texcoord u="0.572151" v="0.458602" />
                    </vertex>
                    <vertex>
                        <position x="55.6518" y="-33.0825" z="21.5309" />
                        <normal x="1.73518e-007" y="-0.258819" z="0.965926" />
                        <colour_diffuse value="1 1 1 1" />
                        <texcoord u="0.572151" v="0.632242" />
                    </vertex>
                    <vertex>
                        <position x="58.5809" y="-35.9117" z="20.7728" />
                        <normal x="1.73518e-007" y="-0.258819" z="0.965926" />
                        <colour_diffuse value="1 1 1 1" />
                        <texcoord u="0.576916" v="0.640712" />
                    </vertex>
                    <vertex>
                        <position x="58.5809" y="27.7462" z="37.8298" />
                        <normal x="-1.34226e-007" y="-0.25882" z="0.965926" />
                        <colour_diffuse value="1 1 1 1" />
                        <texcoord u="0.576916" v="0.450132" />
                    </vertex>
                    <vertex>
                        <position x="-58.5809" y="27.7462" z="37.8298" />
                        <normal x="-1.34226e-007" y="-0.25882" z="0.965926" />
                        <colour_diffuse value="1 1 1 1" />
                        <texcoord u="0.386336" v="0.450132" />
                    </vertex>
                    <vertex>
                        <position x="-55.6518" y="24.9169" z="37.0717" />
                        <normal x="-1.34226e-007" y="-0.25882" z="0.965926" />
                        <colour_diffuse value="1 1 1 1" />
                        <texcoord u="0.3911" v="0.458602" />
                    </vertex>
                    <vertex>
                        <position x="-55.6518" y="24.9169" z="37.0717" />
                        <normal x="-1.74396e-007" y="-0.258818" z="0.965926" />
                        <colour_diffuse value="1 1 1 1" />
                        <texcoord u="0.3911" v="0.458602" />
                    </vertex>
                    <vertex>
                        <position x="55.6518" y="24.9169" z="37.0718" />
                        <normal x="-1.74396e-007" y="-0.258818" z="0.965926" />
                        <colour_diffuse value="1 1 1 1" />
                        <texcoord u="0.572151" v="0.458602" />
                    </vertex>
                    <vertex>
                        <position x="58.5809" y="27.7462" z="37.8298" />
                        <normal x="-1.74396e-007" y="-0.258818" z="0.965926" />
                        <colour_diffuse value="1 1 1 1" />
                        <texcoord u="0.576916" v="0.450132" />
                    </vertex>
                    <vertex>
                        <position x="-58.5809" y="27.7462" z="37.8298" />
                        <normal x="-1.77856e-007" y="-0.258819" z="0.965926" />
                        <colour_diffuse value="1 1 1 1" />
                        <texcoord u="0.386336" v="0.450132" />
                    </vertex>
                    <vertex>
                        <position x="-58.5809" y="-35.9117" z="20.7727" />
                        <normal x="-1.77856e-007" y="-0.258819" z="0.965926" />
                        <colour_diffuse value="1 1 1 1" />
                        <texcoord u="0.386336" v="0.640712" />
                    </vertex>
                    <vertex>
                        <position x="-55.6518" y="-33.0825" z="21.5308" />
                        <normal x="-1.77856e-007" y="-0.258819" z="0.965926" />
                        <colour_diffuse value="1 1 1 1" />
                        <texcoord u="0.3911" v="0.632242" />
                    </vertex>
                    <vertex>
                        <position x="-55.6518" y="-33.0825" z="21.5308" />
                        <normal x="8.45899e-007" y="-0.258819" z="0.965926" />
                        <colour_diffuse value="1 1 1 1" />
                        <texcoord u="0.3911" v="0.632242" />
                    </vertex>
                    <vertex>
                        <position x="-55.6518" y="24.9169" z="37.0717" />
                        <normal x="8.45899e-007" y="-0.258819" z="0.965926" />
                        <colour_diffuse value="1 1 1 1" />
                        <texcoord u="0.3911" v="0.458602" />
                    </vertex>
                    <vertex>
                        <position x="-58.5809" y="27.7462" z="37.8298" />
                        <normal x="8.45899e-007" y="-0.258819" z="0.965926" />
                        <colour_diffuse value="1 1 1 1" />
                        <texcoord u="0.386336" v="0.450132" />
                    </vertex>
                    <vertex>
                        <position x="-55.6518" y="-33.0825" z="21.5308" />
                        <normal x="-6.81234e-009" y="0.965925" z="0.258821" />
                        <colour_diffuse value="1 1 1 1" />
                        <texcoord u="0.3911" v="0.64071" />
                    </vertex>
                    <vertex>
                        <position x="55.6518" y="-33.0825" z="21.5309" />
                        <normal x="-6.81234e-009" y="0.965925" z="0.258821" />
                        <colour_diffuse value="1 1 1 1" />
                        <texcoord u="0.572151" v="0.640712" />
                    </vertex>
                    <vertex>
                        <position x="55.6518" y="-32.7904" z="20.4408" />
                        <normal x="-6.81234e-009" y="0.965925" z="0.258821" />
                        <colour_diffuse value="1 1 1 1" />
                        <texcoord u="0.572151" v="0.59042" />
                    </vertex>
                    <vertex>
                        <position x="-55.6518" y="-32.7904" z="20.4408" />
                        <normal x="-6.81234e-009" y="0.965925" z="0.258821" />
                        <colour_diffuse value="1 1 1 1" />
                        <texcoord u="0.3911" v="0.590418" />
                    </vertex>
                    <vertex>
                        <position x="55.6518" y="-33.0825" z="21.5309" />
                        <normal x="-1" y="0" z="-0" />
                        <colour_diffuse value="1 1 1 1" />
                        <texcoord u="0.576916" v="0.632242" />
                    </vertex>
                    <vertex>
                        <position x="55.6518" y="24.9169" z="37.0718" />
                        <normal x="-1" y="0" z="-0" />
                        <colour_diffuse value="1 1 1 1" />
                        <texcoord u="0.576916" v="0.458602" />
                    </vertex>
                    <vertex>
                        <position x="55.6518" y="25.209" z="35.9817" />
                        <normal x="-1" y="0" z="-0" />
                        <colour_diffuse value="1 1 1 1" />
                        <texcoord u="0.526624" v="0.458602" />
                    </vertex>
                    <vertex>
                        <position x="55.6518" y="-32.7904" z="20.4408" />
                        <normal x="-1" y="0" z="0" />
                        <colour_diffuse value="1 1 1 1" />
                        <texcoord u="0.526624" v="0.632242" />
                    </vertex>
                    <vertex>
                        <position x="55.6518" y="24.9169" z="37.0718" />
                        <normal x="1.12473e-008" y="-0.965926" z="-0.258819" />
                        <colour_diffuse value="1 1 1 1" />
                        <texcoord u="0.3911" v="0.640712" />
                    </vertex>
                    <vertex>
                        <position x="-55.6518" y="24.9169" z="37.0717" />
                        <normal x="1.12473e-008" y="-0.965926" z="-0.258819" />
                        <colour_diffuse value="1 1 1 1" />
                        <texcoord u="0.572151" v="0.64071" />
                    </vertex>
                    <vertex>
                        <position x="-55.6518" y="25.209" z="35.9817" />
                        <normal x="1.12473e-008" y="-0.965926" z="-0.258819" />
                        <colour_diffuse value="1 1 1 1" />
                        <texcoord u="0.572151" v="0.590418" />
                    </vertex>
                    <vertex>
                        <position x="55.6518" y="25.209" z="35.9817" />
                        <normal x="1.12473e-008" y="-0.965926" z="-0.258819" />
                        <colour_diffuse value="1 1 1 1" />
                        <texcoord u="0.3911" v="0.59042" />
                    </vertex>
                    <vertex>
                        <position x="-55.6518" y="24.9169" z="37.0717" />
                        <normal x="1" y="-0" z="-0" />
                        <colour_diffuse value="1 1 1 1" />
                        <texcoord u="0.386338" v="0.458602" />
                    </vertex>
                    <vertex>
                        <position x="-55.6518" y="-33.0825" z="21.5308" />
                        <normal x="1" y="-0" z="-0" />
                        <colour_diffuse value="1 1 1 1" />
                        <texcoord u="0.386338" v="0.632242" />
                    </vertex>
                    <vertex>
                        <position x="-55.6518" y="-32.7904" z="20.4408" />
                        <normal x="1" y="-0" z="-0" />
                        <colour_diffuse value="1 1 1 1" />
                        <texcoord u="0.436629" v="0.632242" />
                    </vertex>
                    <vertex>
                        <position x="-55.6518" y="25.209" z="35.9817" />
                        <normal x="1" y="0" z="-0" />
                        <colour_diffuse value="1 1 1 1" />
                        <texcoord u="0.436629" v="0.458602" />
                    </vertex>
                    <vertex>
                        <position x="-58.5809" y="28.853" z="33.6991" />
                        <normal x="1.65676e-007" y="0.258819" z="-0.965926" />
                        <colour_diffuse value="1 1 1 1" />
                        <texcoord u="0.576916" v="0.450132" />
                    </vertex>
                    <vertex>
                        <position x="58.5809" y="28.853" z="33.6992" />
                        <normal x="1.65676e-007" y="0.258819" z="-0.965926" />
                        <colour_diffuse value="1 1 1 1" />
                        <texcoord u="0.386336" v="0.450132" />
                    </vertex>
                    <vertex>
                        <position x="58.5809" y="-34.8049" z="16.6421" />
                        <normal x="1.65676e-007" y="0.258819" z="-0.965926" />
                        <colour_diffuse value="1 1 1 1" />
                        <texcoord u="0.386336" v="0.640712" />
                    </vertex>
                    <vertex>
                        <position x="-58.5809" y="-34.8049" z="16.6421" />
                        <normal x="1.65676e-007" y="0.258819" z="-0.965926" />
                        <colour_diffuse value="1 1 1 1" />
                        <texcoord u="0.576916" v="0.640712" />
                    </vertex>
                    <vertex>
                        <position x="-15.2435" y="-15.8322" z="0.014019" />
                        <normal x="-6.05007e-008" y="-1" z="-3.97936e-008" />
                        <colour_diffuse value="1 1 1 1" />
                        <texcoord u="0.576916" v="0.450132" />
                    </vertex>
                    <vertex>
                        <position x="15.2435" y="-15.8322" z="0.0140247" />
                        <normal x="2.26619e-013" y="-1" z="-1.20743e-006" />
                        <colour_diffuse value="1 1 1 1" />
                        <texcoord u="0.386336" v="0.450134" />
                    </vertex>
                    <vertex>
                        <position x="15.2435" y="-15.8322" z="1.59371" />
                        <normal x="-2.06168e-009" y="-1" z="-1.16763e-006" />
                        <colour_diffuse value="1 1 1 1" />
                        <texcoord u="0.386336" v="0.640712" />
                    </vertex>
                    <vertex>
                        <position x="-15.2435" y="-15.8322" z="1.5937" />
                        <normal x="-6.25626e-008" y="-1" z="-0" />
                        <colour_diffuse value="1 1 1 1" />
                        <texcoord u="0.576916" v="0.64071" />
                    </vertex>
                    <vertex>
                        <position x="-15.2435" y="8.51218" z="-0" />
                        <normal x="-3.02409e-008" y="1" z="-1.99019e-008" />
                        <colour_diffuse value="1 1 1 1" />
                        <texcoord u="0.386336" v="0.450132" />
                    </vertex>
                    <vertex>
                        <position x="-15.2435" y="8.51218" z="1.5937" />
                        <normal x="-3.12813e-008" y="1" z="-0" />
                        <colour_diffuse value="1 1 1 1" />
                        <texcoord u="0.386336" v="0.64071" />
                    </vertex>
                    <vertex>
                        <position x="15.2435" y="8.51218" z="1.59371" />
                        <normal x="-7.71545e-010" y="1" z="-5.8364e-007" />
                        <colour_diffuse value="1 1 1 1" />
                        <texcoord u="0.576916" v="0.640712" />
                    </vertex>
                    <vertex>
                        <position x="15.2435" y="8.51218" z="0.0140266" />
                        <normal x="2.7776e-010" y="1" z="-6.03713e-007" />
                        <colour_diffuse value="1 1 1 1" />
                        <texcoord u="0.576916" v="0.450134" />
                    </vertex>
                    <vertex>
                        <position x="-15.2435" y="-15.8322" z="0.014019" />
                        <normal x="-1" y="0" z="-0" />
                        <colour_diffuse value="1 1 1 1" />
                        <texcoord u="0.386336" v="0.640712" />
                    </vertex>
                    <vertex>
                        <position x="-15.2435" y="-15.8322" z="1.5937" />
                        <normal x="-1" y="0" z="-0" />
                        <colour_diffuse value="1 1 1 1" />
                        <texcoord u="0.576913" v="0.640712" />
                    </vertex>
                    <vertex>
                        <position x="-15.2435" y="8.51218" z="1.5937" />
                        <normal x="-1" y="0" z="-0" />
                        <colour_diffuse value="1 1 1 1" />
                        <texcoord u="0.576913" v="0.450132" />
                    </vertex>
                    <vertex>
                        <position x="-15.2435" y="8.51218" z="-0" />
                        <normal x="-1" y="0" z="0" />
                        <colour_diffuse value="1 1 1 1" />
                        <texcoord u="0.386336" v="0.450132" />
                    </vertex>
                    <vertex>
                        <position x="15.2435" y="-15.8322" z="1.59371" />
                        <normal x="1" y="0" z="-0" />
                        <colour_diffuse value="1 1 1 1" />
                        <texcoord u="0.386336" v="0.640712" />
                    </vertex>
                    <vertex>
                        <position x="15.2435" y="-15.8322" z="0.0140247" />
                        <normal x="1" y="0" z="-0" />
                        <colour_diffuse value="1 1 1 1" />
                        <texcoord u="0.576913" v="0.640712" />
                    </vertex>
                    <vertex>
                        <position x="15.2435" y="8.51218" z="0.0140266" />
                        <normal x="1" y="0" z="-0" />
                        <colour_diffuse value="1 1 1 1" />
                        <texcoord u="0.576913" v="0.450132" />
                    </vertex>
                    <vertex>
                        <position x="15.2435" y="8.51218" z="1.59371" />
                        <normal x="1" y="0" z="-0" />
                        <colour_diffuse value="1 1 1 1" />
                        <texcoord u="0.386336" v="0.450132" />
                    </vertex>
                    <vertex>
                        <position x="15.2435" y="8.51218" z="1.59371" />
                        <normal x="-1.87688e-007" y="-7.83486e-008" z="1" />
                        <colour_diffuse value="1 1 1 1" />
                        <texcoord u="0.386336" v="0.450132" />
                    </vertex>
                    <vertex>
                        <position x="-15.2435" y="8.51218" z="1.5937" />
                        <normal x="-1.87688e-007" y="-7.83486e-008" z="1" />
                        <colour_diffuse value="1 1 1 1" />
                        <texcoord u="0.386336" v="0.64071" />
                    </vertex>
                    <vertex>
                        <position x="-15.2435" y="-15.8322" z="1.5937" />
                        <normal x="-1.87688e-007" y="-7.83486e-008" z="1" />
                        <colour_diffuse value="1 1 1 1" />
                        <texcoord u="0.576913" v="0.640712" />
                    </vertex>
                    <vertex>
                        <position x="-15.2435" y="-15.8322" z="1.5937" />
                        <normal x="-1.87688e-007" y="-7.83486e-008" z="1" />
                        <colour_diffuse value="1 1 1 1" />
                        <texcoord u="0.576913" v="0.640712" />
                    </vertex>
                    <vertex>
                        <position x="15.2435" y="-15.8322" z="1.59371" />
                        <normal x="-1.87688e-007" y="-7.83486e-008" z="1" />
                        <colour_diffuse value="1 1 1 1" />
                        <texcoord u="0.386336" v="0.640712" />
                    </vertex>
                    <vertex>
                        <position x="15.2435" y="8.51218" z="1.59371" />
                        <normal x="-1.87688e-007" y="-7.83486e-008" z="1" />
                        <colour_diffuse value="1 1 1 1" />
                        <texcoord u="0.386336" v="0.450132" />
                    </vertex>
                    <vertex>
                        <position x="-1.28286" y="-4.94193" z="1.3277" />
                        <normal x="6.54542e-007" y="-1" z="-5.3737e-008" />
                        <colour_diffuse value="1 1 1 1" />
                        <texcoord u="0.576916" v="0.450132" />
                    </vertex>
                    <vertex>
                        <position x="1.28286" y="-4.94193" z="1.3277" />
                        <normal x="7.43397e-007" y="-1" z="-7.06185e-008" />
                        <colour_diffuse value="1 1 1 1" />
                        <texcoord u="0.386336" v="0.450134" />
                    </vertex>
                    <vertex>
                        <position x="1.28286" y="-4.94193" z="14.8323" />
                        <normal x="8.88552e-008" y="-1" z="5.3737e-008" />
                        <colour_diffuse value="1 1 1 1" />
                        <texcoord u="0.386336" v="0.640712" />
                    </vertex>
                    <vertex>
                        <position x="-1.28286" y="-4.94193" z="14.8323" />
                        <normal x="0" y="-1" z="7.06185e-008" />
                        <colour_diffuse value="1 1 1 1" />
                        <texcoord u="0.576916" v="0.64071" />
                    </vertex>
                    <vertex>
                        <position x="-1.28286" y="-2.3781" z="1.3277" />
                        <normal x="1.63636e-007" y="1" z="-1.34342e-008" />
                        <colour_diffuse value="1 1 1 1" />
                        <texcoord u="0.386336" v="0.450132" />
                    </vertex>
                    <vertex>
                        <position x="-1.28286" y="-2.3781" z="14.8323" />
                        <normal x="0" y="1" z="1.76546e-008" />
                        <colour_diffuse value="1 1 1 1" />
                        <texcoord u="0.386336" v="0.64071" />
                    </vertex>
                    <vertex>
                        <position x="1.28286" y="-2.3781" z="14.8323" />
                        <normal x="2.22138e-008" y="1" z="1.34342e-008" />
                        <colour_diffuse value="1 1 1 1" />
                        <texcoord u="0.576916" v="0.640712" />
                    </vertex>
                    <vertex>
                        <position x="1.28286" y="-2.3781" z="1.3277" />
                        <normal x="1.85849e-007" y="1" z="-1.76546e-008" />
                        <colour_diffuse value="1 1 1 1" />
                        <texcoord u="0.576916" v="0.450134" />
                    </vertex>
                    <vertex>
                        <position x="-1.28286" y="-4.94193" z="1.3277" />
                        <normal x="-1" y="0" z="-0" />
                        <colour_diffuse value="1 1 1 1" />
                        <texcoord u="0.386336" v="0.640712" />
                    </vertex>
                    <vertex>
                        <position x="-1.28286" y="-4.94193" z="14.8323" />
                        <normal x="-1" y="0" z="-0" />
                        <colour_diffuse value="1 1 1 1" />
                        <texcoord u="0.576913" v="0.640712" />
                    </vertex>
                    <vertex>
                        <position x="-1.28286" y="-2.3781" z="14.8323" />
                        <normal x="-1" y="0" z="-0" />
                        <colour_diffuse value="1 1 1 1" />
                        <texcoord u="0.576913" v="0.450132" />
                    </vertex>
                    <vertex>
                        <position x="-1.28286" y="-2.3781" z="1.3277" />
                        <normal x="-1" y="0" z="-0" />
                        <colour_diffuse value="1 1 1 1" />
                        <texcoord u="0.386336" v="0.450132" />
                    </vertex>
                    <vertex>
                        <position x="1.28286" y="-4.94193" z="14.8323" />
                        <normal x="1" y="0" z="-0" />
                        <colour_diffuse value="1 1 1 1" />
                        <texcoord u="0.386336" v="0.640712" />
                    </vertex>
                    <vertex>
                        <position x="1.28286" y="-4.94193" z="1.3277" />
                        <normal x="1" y="-0" z="-0" />
                        <colour_diffuse value="1 1 1 1" />
                        <texcoord u="0.576913" v="0.640712" />
                    </vertex>
                    <vertex>
                        <position x="1.28286" y="-2.3781" z="1.3277" />
                        <normal x="1" y="0" z="-0" />
                        <colour_diffuse value="1 1 1 1" />
                        <texcoord u="0.576913" v="0.450132" />
                    </vertex>
                    <vertex>
                        <position x="1.28286" y="-2.3781" z="14.8323" />
                        <normal x="1" y="0" z="-0" />
                        <colour_diffuse value="1 1 1 1" />
                        <texcoord u="0.386336" v="0.450132" />
                    </vertex>
                    <vertex>
                        <position x="-1.28286" y="-4.94193" z="14.8323" />
                        <normal x="-0" y="-0.886474" z="0.462779" />
                        <colour_diffuse value="1 1 1 1" />
                        <texcoord u="0.576916" v="0.64071" />
                    </vertex>
                    <vertex>
                        <position x="1.28286" y="-4.94193" z="14.8323" />
                        <normal x="-0" y="-0.886474" z="0.462779" />
                        <colour_diffuse value="1 1 1 1" />
                        <texcoord u="0.386336" v="0.640712" />
                    </vertex>
                    <vertex>
                        <position x="1.28286" y="-2.13566" z="20.2078" />
                        <normal x="-0" y="-0.886474" z="0.462779" />
                        <colour_diffuse value="1 1 1 1" />
                        <texcoord u="0.386336" v="0.640712" />
                    </vertex>
                    <vertex>
                        <position x="1.28286" y="-2.13566" z="20.2078" />
                        <normal x="0" y="-0.886474" z="0.462779" />
                        <colour_diffuse value="1 1 1 1" />
                        <texcoord u="0.386336" v="0.640712" />
                    </vertex>
                    <vertex>
                        <position x="-1.28286" y="-2.13566" z="20.2078" />
                        <normal x="0" y="-0.886474" z="0.462779" />
                        <colour_diffuse value="1 1 1 1" />
                        <texcoord u="0.576913" v="0.640712" />
                    </vertex>
                    <vertex>
                        <position x="-1.28286" y="-4.94193" z="14.8323" />
                        <normal x="0" y="-0.886474" z="0.462779" />
                        <colour_diffuse value="1 1 1 1" />
                        <texcoord u="0.576916" v="0.64071" />
                    </vertex>
                    <vertex>
                        <position x="1.28286" y="0.0266542" z="18.8303" />
                        <normal x="1" y="2.12037e-008" z="3.32832e-008" />
                        <colour_diffuse value="1 1 1 1" />
                        <texcoord u="0.386336" v="0.450132" />
                    </vertex>
                    <vertex>
                        <position x="1.28286" y="-2.13566" z="20.2078" />
                        <normal x="1" y="2.12037e-008" z="3.32832e-008" />
                        <colour_diffuse value="1 1 1 1" />
                        <texcoord u="0.386336" v="0.640712" />
                    </vertex>
                    <vertex>
                        <position x="1.28286" y="-4.94193" z="14.8323" />
                        <normal x="1" y="2.12037e-008" z="3.32832e-008" />
                        <colour_diffuse value="1 1 1 1" />
                        <texcoord u="0.386336" v="0.640712" />
                    </vertex>
                    <vertex>
                        <position x="1.28286" y="-4.94193" z="14.8323" />
                        <normal x="1" y="-4.43648e-014" z="5.96346e-008" />
                        <colour_diffuse value="1 1 1 1" />
                        <texcoord u="0.386336" v="0.640712" />
                    </vertex>
                    <vertex>
                        <position x="1.28286" y="-2.3781" z="14.8323" />
                        <normal x="1" y="-4.43648e-014" z="5.96346e-008" />
                        <colour_diffuse value="1 1 1 1" />
                        <texcoord u="0.386336" v="0.450132" />
                    </vertex>
                    <vertex>
                        <position x="1.28286" y="0.0266542" z="18.8303" />
                        <normal x="1" y="-4.43648e-014" z="5.96346e-008" />
                        <colour_diffuse value="1 1 1 1" />
                        <texcoord u="0.386336" v="0.450132" />
                    </vertex>
                    <vertex>
                        <position x="1.28286" y="-2.3781" z="14.8323" />
                        <normal x="-0" y="0.856929" z="-0.515435" />
                        <colour_diffuse value="1 1 1 1" />
                        <texcoord u="0.576916" v="0.640712" />
                    </vertex>
                    <vertex>
                        <position x="-1.28286" y="-2.3781" z="14.8323" />
                        <normal x="-0" y="0.856929" z="-0.515435" />
                        <colour_diffuse value="1 1 1 1" />
                        <texcoord u="0.386336" v="0.64071" />
                    </vertex>
                    <vertex>
                        <position x="-1.28286" y="0.0266542" z="18.8303" />
                        <normal x="-0" y="0.856929" z="-0.515435" />
                        <colour_diffuse value="1 1 1 1" />
                        <texcoord u="0.386336" v="0.64071" />
                    </vertex>
                    <vertex>
                        <position x="1.28286" y="0.0266542" z="18.8303" />
                        <normal x="0" y="0.856929" z="-0.515435" />
                        <colour_diffuse value="1 1 1 1" />
                        <texcoord u="0.386336" v="0.450132" />
                    </vertex>
                    <vertex>
                        <position x="-1.28286" y="-2.3781" z="14.8323" />
                        <normal x="-1" y="-3.29958e-014" z="4.43525e-008" />
                        <colour_diffuse value="1 1 1 1" />
                        <texcoord u="0.576913" v="0.450132" />
                    </vertex>
                    <vertex>
                        <position x="-1.28286" y="-4.94193" z="14.8323" />
                        <normal x="-1" y="-3.29958e-014" z="4.43525e-008" />
                        <colour_diffuse value="1 1 1 1" />
                        <texcoord u="0.576913" v="0.640712" />
                    </vertex>
                    <vertex>
                        <position x="-1.28286" y="-2.13566" z="20.2078" />
                        <normal x="-1" y="-3.29958e-014" z="4.43525e-008" />
                        <colour_diffuse value="1 1 1 1" />
                        <texcoord u="0.576913" v="0.640712" />
                    </vertex>
                    <vertex>
                        <position x="-1.28286" y="-2.13566" z="20.2078" />
                        <normal x="-1" y="2.74665e-008" z="4.31137e-008" />
                        <colour_diffuse value="1 1 1 1" />
                        <texcoord u="0.576913" v="0.640712" />
                    </vertex>
                    <vertex>
                        <position x="-1.28286" y="0.0266542" z="18.8303" />
                        <normal x="-1" y="2.74665e-008" z="4.31137e-008" />
                        <colour_diffuse value="1 1 1 1" />
                        <texcoord u="0.386336" v="0.64071" />
                    </vertex>
                    <vertex>
                        <position x="-1.28286" y="-2.3781" z="14.8323" />
                        <normal x="-1" y="2.74665e-008" z="4.31137e-008" />
                        <colour_diffuse value="1 1 1 1" />
                        <texcoord u="0.576913" v="0.450132" />
                    </vertex>
                    <vertex>
                        <position x="1.28286" y="-2.13566" z="20.2078" />
                        <normal x="1" y="0" z="-0" />
                        <colour_diffuse value="1 1 1 1" />
                        <texcoord u="0.386336" v="0.640712" />
                    </vertex>
                    <vertex>
                        <position x="1.28286" y="0.0266542" z="18.8303" />
                        <normal x="1" y="0" z="-0" />
                        <colour_diffuse value="1 1 1 1" />
                        <texcoord u="0.386336" v="0.450132" />
                    </vertex>
                    <vertex>
                        <position x="1.28286" y="0.457046" z="26.2634" />
                        <normal x="1" y="0" z="-0" />
                        <colour_diffuse value="1 1 1 1" />
                        <texcoord u="0.386336" v="0.450132" />
                    </vertex>
                    <vertex>
                        <position x="1.28286" y="-1.7633" z="25.7183" />
                        <normal x="1" y="-0" z="0" />
                        <colour_diffuse value="1 1 1 1" />
                        <texcoord u="0.386336" v="0.640712" />
                    </vertex>
                    <vertex>
                        <position x="1.28286" y="0.0266542" z="18.8303" />
                        <normal x="-0" y="0.998328" z="-0.057805" />
                        <colour_diffuse value="1 1 1 1" />
                        <texcoord u="0.386336" v="0.450132" />
                    </vertex>
                    <vertex>
                        <position x="-1.28286" y="0.0266542" z="18.8303" />
                        <normal x="-0" y="0.998328" z="-0.057805" />
                        <colour_diffuse value="1 1 1 1" />
                        <texcoord u="0.386336" v="0.64071" />
                    </vertex>
                    <vertex>
                        <position x="-1.28286" y="0.457046" z="26.2634" />
                        <normal x="-0" y="0.998328" z="-0.057805" />
                        <colour_diffuse value="1 1 1 1" />
                        <texcoord u="0.386336" v="0.64071" />
                    </vertex>
                    <vertex>
                        <position x="1.28286" y="0.457046" z="26.2634" />
                        <normal x="0" y="0.998328" z="-0.057805" />
                        <colour_diffuse value="1 1 1 1" />
                        <texcoord u="0.386336" v="0.450132" />
                    </vertex>
                    <vertex>
                        <position x="-1.28286" y="0.0266542" z="18.8303" />
                        <normal x="-1" y="0" z="-0" />
                        <colour_diffuse value="1 1 1 1" />
                        <texcoord u="0.386336" v="0.64071" />
                    </vertex>
                    <vertex>
                        <position x="-1.28286" y="-2.13566" z="20.2078" />
                        <normal x="-1" y="0" z="-0" />
                        <colour_diffuse value="1 1 1 1" />
                        <texcoord u="0.576913" v="0.640712" />
                    </vertex>
                    <vertex>
                        <position x="-1.28286" y="-1.7633" z="25.7183" />
                        <normal x="-1" y="0" z="-0" />
                        <colour_diffuse value="1 1 1 1" />
                        <texcoord u="0.576913" v="0.640712" />
                    </vertex>
                    <vertex>
                        <position x="-1.28286" y="0.457046" z="26.2634" />
                        <normal x="-1" y="0" z="-0" />
                        <colour_diffuse value="1 1 1 1" />
                        <texcoord u="0.386336" v="0.64071" />
                    </vertex>
                    <vertex>
                        <position x="-1.28286" y="-2.13566" z="20.2078" />
                        <normal x="-0" y="-0.997725" z="0.0674205" />
                        <colour_diffuse value="1 1 1 1" />
                        <texcoord u="0.576913" v="0.640712" />
                    </vertex>
                    <vertex>
                        <position x="1.28286" y="-2.13566" z="20.2078" />
                        <normal x="-0" y="-0.997725" z="0.0674205" />
                        <colour_diffuse value="1 1 1 1" />
                        <texcoord u="0.386336" v="0.640712" />
                    </vertex>
                    <vertex>
                        <position x="1.28286" y="-1.7633" z="25.7183" />
                        <normal x="-0" y="-0.997725" z="0.0674205" />
                        <colour_diffuse value="1 1 1 1" />
                        <texcoord u="0.386336" v="0.640712" />
                    </vertex>
                    <vertex>
                        <position x="-1.28286" y="-1.7633" z="25.7183" />
                        <normal x="0" y="-0.997725" z="0.0674205" />
                        <colour_diffuse value="1 1 1 1" />
                        <texcoord u="0.576913" v="0.640712" />
                    </vertex>
                </vertexbuffer>
            </geometry>
        </submesh>
    </submeshes>
    <submeshnames>
        <submeshname name="tv_bar/plasma" index="0" />
    </submeshnames>
</mesh>
